state,district,rainfall_recharge_monsoon_ham,other_recharge_monsoon_ham,rainfall_recharge_nonmonsoon_ham,other_recharge_nonmonsoon_ham,annual_groundwater_recharge_ham,natural_discharges_ham,annual_extractable_groundwater_resource_ham,gw_extraction_irrigation_ham,gw_extraction_industrial_ham,gw_extraction_domestic_ham,current_annual_groundwater_extraction_ham,annual_gw_allocation_domestic_2035_ham,net_groundwater_availability_future_use_ham,stage_groundwater_extraction_pct,derived_stage_class,source_id,source_year,source_url,data_status
Andhra Pradesh,Alluri Sitharama Raju,44343.14,4295.79,1850.65,2266.03,52755.61,2638.05,50117.56,566.49,0.0,1579.66,2146.48,2173.35,47784.38,4.28,SAFE,CGWB2025,2025,https://cgwb.gov.in/cgwbpnm/publication-detail/1741,OFFICIAL_DISTRICT_AGGREGATE
Andhra Pradesh,Anakapalli,20898.07,32462.58,14295.05,5241.75,72897.45,3645.22,69252.24,16276.54,489.46,4957.88,21723.97,8163.16,45060.58,31.37,SAFE,CGWB2025,2025,https://cgwb.gov.in/cgwbpnm/publication-detail/1741,OFFICIAL_DISTRICT_AGGREGATE
Andhra Pradesh,Ananthapuramu,41668.06,44121.6,641.38,39688.98,126120.02,6306.09,119813.93,37624.87,727.29,3466.8,41819.1,3466.8,78907.83,34.9,SAFE,CGWB2025,2025,https://cgwb.gov.in/cgwbpnm/publication-detail/1741,OFFICIAL_DISTRICT_AGGREGATE
Andhra Pradesh,Annamayya,44650.83,18221.52,2879.64,23640.84,89392.83,4469.87,84922.96,29286.36,137.75,3825.77,33249.92,4539.7,51486.28,39.15,SAFE,CGWB2025,2025,https://cgwb.gov.in/cgwbpnm/publication-detail/1741,OFFICIAL_DISTRICT_AGGREGATE
Andhra Pradesh,Bapatla,20572.41,37391.34,2035.21,12659.44,72658.4,3632.97,69025.43,15511.65,63.94,2182.63,17758.14,2590.29,51238.99,25.73,SAFE,CGWB2025,2025,https://cgwb.gov.in/cgwbpnm/publication-detail/1741,OFFICIAL_DISTRICT_AGGREGATE
Andhra Pradesh,Chittoor,52452.86,14110.99,1199.53,15263.08,83026.46,4151.47,78874.99,37804.69,1413.43,4286.8,43504.74,6210.52,35646.03,55.16,SAFE,CGWB2025,2025,https://cgwb.gov.in/cgwbpnm/publication-detail/1741,OFFICIAL_DISTRICT_AGGREGATE
Andhra Pradesh,East Godavari,20239.89,44557.07,8058.94,40027.43,112883.33,5644.3,107239.03,32622.11,1312.65,2315.89,36250.71,2811.46,71814.87,33.8,SAFE,CGWB2025,2025,https://cgwb.gov.in/cgwbpnm/publication-detail/1741,OFFICIAL_DISTRICT_AGGREGATE
Andhra Pradesh,Eluru,54185.73,52239.65,3289.82,34406.88,144122.08,7206.27,136915.82,37009.12,501.84,10194.6,47705.36,11872.9,89548.96,34.84,SAFE,CGWB2025,2025,https://cgwb.gov.in/cgwbpnm/publication-detail/1741,OFFICIAL_DISTRICT_AGGREGATE
Andhra Pradesh,Guntur,14236.26,24345.59,462.3,14404.81,53448.96,2672.46,50776.5,7888.88,230.09,2583.24,10702.21,3064.74,39592.76,21.08,SAFE,CGWB2025,2025,https://cgwb.gov.in/cgwbpnm/publication-detail/1741,OFFICIAL_DISTRICT_AGGREGATE
Andhra Pradesh,Kakinada,15605.64,61555.01,3300.94,34028.87,114490.46,5724.57,108765.89,14492.25,2017.56,1902.54,18412.4,2249.78,90092.9,16.93,SAFE,CGWB2025,2025,https://cgwb.gov.in/cgwbpnm/publication-detail/1741,OFFICIAL_DISTRICT_AGGREGATE
Andhra Pradesh,Konaseema,11935.79,47351.81,7520.76,40852.19,107660.55,5383.22,102277.33,9392.75,50.2,1310.23,10753.36,1556.89,91277.44,10.51,SAFE,CGWB2025,2025,https://cgwb.gov.in/cgwbpnm/publication-detail/1741,OFFICIAL_DISTRICT_AGGREGATE
Andhra Pradesh,Krishna,18078.58,93489.2,10846.76,36665.7,159080.24,7954.12,151126.1,45310.33,1034.54,2032.94,48377.76,2837.97,101943.32,32.01,SAFE,CGWB2025,2025,https://cgwb.gov.in/cgwbpnm/publication-detail/1741,OFFICIAL_DISTRICT_AGGREGATE
Andhra Pradesh,Kurnool,38168.93,16696.55,566.17,12641.08,68072.73,3403.93,64668.8,14074.64,71.27,5587.15,19733.2,6349.1,44552.76,30.51,SAFE,CGWB2025,2025,https://cgwb.gov.in/cgwbpnm/publication-detail/1741,OFFICIAL_DISTRICT_AGGREGATE
Andhra Pradesh,NTR,20819.89,28788.71,1217.53,22478.56,73304.69,3665.25,69639.44,21105.21,1218.36,2439.78,24763.28,2556.72,44937.13,35.56,SAFE,CGWB2025,2025,https://cgwb.gov.in/cgwbpnm/publication-detail/1741,OFFICIAL_DISTRICT_AGGREGATE
Andhra Pradesh,Nandyal,22728.49,51091.24,66.02,32491.11,106376.86,5319.06,101057.8,12158.56,128.4,505.41,12791.73,505.86,88266.07,12.66,SAFE,CGWB2025,2025,https://cgwb.gov.in/cgwbpnm/publication-detail/1741,OFFICIAL_DISTRICT_AGGREGATE
Andhra Pradesh,Palnadu,21970.36,60639.88,5160.9,24733.57,112504.71,5625.41,106879.3,35692.63,65.99,4341.21,40099.82,4829.7,70415.53,37.52,SAFE,CGWB2025,2025,https://cgwb.gov.in/cgwbpnm/publication-detail/1741,OFFICIAL_DISTRICT_AGGREGATE
Andhra Pradesh,Parvathipuram Manyam,29420.72,37058.94,3586.72,23837.01,93903.39,4695.22,89208.17,20727.91,12.96,1766.85,22507.56,2376.68,67917.17,25.23,SAFE,CGWB2025,2025,https://cgwb.gov.in/cgwbpnm/publication-detail/1741,OFFICIAL_DISTRICT_AGGREGATE
Andhra Pradesh,Prakasam,63001.01,19902.6,1065.94,13852.06,97821.61,4891.29,92930.32,41405.55,510.09,4758.01,46674.06,5435.87,54724.49,50.22,SAFE,CGWB2025,2025,https://cgwb.gov.in/cgwbpnm/publication-detail/1741,OFFICIAL_DISTRICT_AGGREGATE
Andhra Pradesh,Sri Sathya Sai,43121.16,34674.44,595.26,46968.01,125358.87,6268.15,119090.71,59350.52,136.85,8913.9,68401.25,12703.34,56553.72,57.44,SAFE,CGWB2025,2025,https://cgwb.gov.in/cgwbpnm/publication-detail/1741,OFFICIAL_DISTRICT_AGGREGATE
Andhra Pradesh,Srikakulam,34952.73,41838.49,2623.08,21400.44,100814.74,5041.18,95773.56,27603.75,369.91,6920.91,34894.44,9217.02,64615.42,36.43,SAFE,CGWB2025,2025,https://cgwb.gov.in/cgwbpnm/publication-detail/1741,OFFICIAL_DISTRICT_AGGREGATE
Andhra Pradesh,Tirupati,82292.58,25562.66,0.0,53096.45,160951.69,8047.8,152903.89,50351.93,1515.39,3816.6,55683.98,10307.09,97277.57,36.42,SAFE,CGWB2025,2025,https://cgwb.gov.in/cgwbpnm/publication-detail/1741,OFFICIAL_DISTRICT_AGGREGATE
Andhra Pradesh,Visakhapatnam,7026.72,4557.44,320.01,1167.99,13072.16,653.56,12418.6,2893.17,58.44,2494.14,5445.76,4154.71,6032.5,43.85,SAFE,CGWB2025,2025,https://cgwb.gov.in/cgwbpnm/publication-detail/1741,OFFICIAL_DISTRICT_AGGREGATE
Andhra Pradesh,Vizianagaram,24595.61,67534.54,2538.33,48854.2,143522.68,7176.34,136346.27,35190.03,115.16,1873.76,37178.99,1873.76,101465.78,27.27,SAFE,CGWB2025,2025,https://cgwb.gov.in/cgwbpnm/publication-detail/1741,OFFICIAL_DISTRICT_AGGREGATE
Andhra Pradesh,West Godavari,9954.88,19958.27,1538.13,20383.08,51834.36,2591.81,49242.55,3769.75,73.64,1037.63,4880.98,1194.77,44204.42,9.91,SAFE,CGWB2025,2025,https://cgwb.gov.in/cgwbpnm/publication-detail/1741,OFFICIAL_DISTRICT_AGGREGATE
Andhra Pradesh,Y.S.R Kadapa,54366.85,23580.29,549.87,29153.5,107650.51,5382.61,102267.89,30227.56,427.77,8135.29,38790.75,8135.33,64472.82,37.93,SAFE,CGWB2025,2025,https://cgwb.gov.in/cgwbpnm/publication-detail/1741,OFFICIAL_DISTRICT_AGGREGATE
Arunachal Pradesh,Changlang,13611.21,4549.92,6130.95,5815.44,30107.52,3010.77,27096.75,64.8,0.0,182.82,247.62,225.59,26806.36,0.91,SAFE,CGWB2025,2025,https://cgwb.gov.in/cgwbpnm/publication-detail/1741,OFFICIAL_DISTRICT_AGGREGATE
Arunachal Pradesh,East Kameng,8166.61,2631.98,2978.05,3789.31,17565.95,1756.59,15809.36,94.1,0.0,14.72,108.82,23.5,15691.77,0.69,SAFE,CGWB2025,2025,https://cgwb.gov.in/cgwbpnm/publication-detail/1741,OFFICIAL_DISTRICT_AGGREGATE
Arunachal Pradesh,East Siang,56387.44,4366.95,13909.24,5602.81,80266.44,8281.44,71985.0,110.42,4.2,64.4,179.02,75.08,71795.3,0.25,SAFE,CGWB2025,2025,https://cgwb.gov.in/cgwbpnm/publication-detail/1741,OFFICIAL_DISTRICT_AGGREGATE
Arunachal Pradesh,Lohit,63627.52,7648.62,41909.12,9764.9,122950.16,13573.19,109376.97,34.36,8.4,230.97,273.72,279.47,109054.75,0.25,SAFE,CGWB2025,2025,https://cgwb.gov.in/cgwbpnm/publication-detail/1741,OFFICIAL_DISTRICT_AGGREGATE
Arunachal Pradesh,Lower Dibang Valley,49793.89,901.62,27521.74,1408.24,79625.49,7962.55,71662.94,216.5,0.0,31.62,248.13,34.28,71412.15,0.35,SAFE,CGWB2025,2025,https://cgwb.gov.in/cgwbpnm/publication-detail/1741,OFFICIAL_DISTRICT_AGGREGATE
Arunachal Pradesh,Lower Subansiri,1554.36,1095.09,1088.68,1503.31,5241.44,755.9,4485.54,16.83,0.0,22.95,39.79,43.11,4425.59,0.89,SAFE,CGWB2025,2025,https://cgwb.gov.in/cgwbpnm/publication-detail/1741,OFFICIAL_DISTRICT_AGGREGATE
Arunachal Pradesh,Papum Pare,7055.8,1432.16,1962.6,1856.88,12307.44,2714.21,9593.23,15.36,25.29,108.03,148.68,190.73,9361.85,1.55,SAFE,CGWB2025,2025,https://cgwb.gov.in/cgwbpnm/publication-detail/1741,OFFICIAL_DISTRICT_AGGREGATE
Arunachal Pradesh,Tirap,5002.17,968.18,1393.89,1304.73,8668.97,866.9,7802.07,6.25,0.0,49.29,55.54,56.2,7739.62,0.71,SAFE,CGWB2025,2025,https://cgwb.gov.in/cgwbpnm/publication-detail/1741,OFFICIAL_DISTRICT_AGGREGATE
Arunachal Pradesh,Upper Subansiri,138.53,1048.82,75.26,1437.17,2699.78,269.97,2429.81,16.64,0.9,3.73,21.28,7.2,2405.06,0.88,SAFE,CGWB2025,2025,https://cgwb.gov.in/cgwbpnm/publication-detail/1741,OFFICIAL_DISTRICT_AGGREGATE
Arunachal Pradesh,West Kameng,2202.71,381.06,393.32,375.17,3352.26,335.22,3017.04,1.64,0.0,11.53,13.15,13.29,3002.13,0.44,SAFE,CGWB2025,2025,https://cgwb.gov.in/cgwbpnm/publication-detail/1741,OFFICIAL_DISTRICT_AGGREGATE
Arunachal Pradesh,West Siang,4373.96,646.55,949.41,229.68,6199.6,619.96,5579.64,4.46,1.18,2.37,8.01,2.59,5571.4,0.14,SAFE,CGWB2025,2025,https://cgwb.gov.in/cgwbpnm/publication-detail/1741,OFFICIAL_DISTRICT_AGGREGATE
Assam,BAKSA,98253.84,7058.84,27266.79,7390.16,139969.63,15410.14,124559.49,2464.02,3.16305,2014.11224,4481.3,2272.88,119819.42,3.6,SAFE,CGWB2025,2025,https://cgwb.gov.in/cgwbpnm/publication-detail/1741,OFFICIAL_DISTRICT_AGGREGATE
Assam,BARPETA,56610.66,8378.99,22901.18,6713.65,94604.48,10464.65,84139.83,31337.28,18.516708,4057.50385,35413.31,5215.49,47568.52,42.09,SAFE,CGWB2025,2025,https://cgwb.gov.in/cgwbpnm/publication-detail/1741,OFFICIAL_DISTRICT_AGGREGATE
Assam,BONGAIGAON,33285.82,3537.39,12847.54,4790.09,54460.84,9670.7,44790.14,14360.544,6.7986,1702.76715,16070.11,2165.52,28257.28,35.88,SAFE,CGWB2025,2025,https://cgwb.gov.in/cgwbpnm/publication-detail/1741,OFFICIAL_DISTRICT_AGGREGATE
Assam,CACHAR,62710.25,2052.14,23182.18,2924.92,90869.49,48399.92,42469.57,0.0,0.0,1435.9666,1435.96,1817.0,40652.58,3.38,SAFE,CGWB2025,2025,https://cgwb.gov.in/cgwbpnm/publication-detail/1741,OFFICIAL_DISTRICT_AGGREGATE
Assam,CHIRANG,66641.6,517.5,25347.61,264.07,92770.78,11048.62,81722.16,1464.48,5.58448,955.548952,2425.61,1085.85,79166.25,2.97,SAFE,CGWB2025,2025,https://cgwb.gov.in/cgwbpnm/publication-detail/1741,OFFICIAL_DISTRICT_AGGREGATE
Assam,DARRANG,33199.8,4739.56,14212.77,2045.21,54197.34,4812.65,49384.69,22453.2,60.148975,2149.59713,24662.95,2790.0,24081.34,49.94,SAFE,CGWB2025,2025,https://cgwb.gov.in/cgwbpnm/publication-detail/1741,OFFICIAL_DISTRICT_AGGREGATE
Assam,DHEMAJI,96472.87,601.52,38007.0,700.8,135782.19,45796.73,89985.46,2780.568,7.071075,1534.05829,4321.69,1935.75,85262.07,4.8,SAFE,CGWB2025,2025,https://cgwb.gov.in/cgwbpnm/publication-detail/1741,OFFICIAL_DISTRICT_AGGREGATE
Assam,DHUBRI,69241.9,5758.95,18117.49,6567.52,99685.86,10126.15,89559.71,22757.76,28.2987,4751.29052,27537.37,6348.38,60425.27,30.75,SAFE,CGWB2025,2025,https://cgwb.gov.in/cgwbpnm/publication-detail/1741,OFFICIAL_DISTRICT_AGGREGATE
Assam,DIBRUGARH,97455.4,1674.3,37792.02,667.61,137589.33,25170.01,112419.32,2172.744,84.3398284,2717.73056,4974.8,3109.33,107052.91,4.43,SAFE,CGWB2025,2025,https://cgwb.gov.in/cgwbpnm/publication-detail/1741,OFFICIAL_DISTRICT_AGGREGATE
Assam,DIMA HASAO,43723.76,30.55,19071.65,4.77,62830.73,6283.09,56547.64,43.2,1.188,239.150512,283.52,279.9,56223.37,0.5,SAFE,CGWB2025,2025,https://cgwb.gov.in/cgwbpnm/publication-detail/1741,OFFICIAL_DISTRICT_AGGREGATE
Assam,GOALPARA,48740.14,3028.52,19326.0,3977.27,75071.93,21877.33,53194.6,14837.85,43.68142,2495.92359,17377.44,3258.24,35054.84,32.67,SAFE,CGWB2025,2025,https://cgwb.gov.in/cgwbpnm/publication-detail/1741,OFFICIAL_DISTRICT_AGGREGATE
Assam,GOLAGHAT,75450.72,1275.28,29903.35,907.34,107536.69,8353.53,99183.16,3587.22,121.914458,2016.66958,5725.81,2329.91,93144.12,5.77,SAFE,CGWB2025,2025,https://cgwb.gov.in/cgwbpnm/publication-detail/1741,OFFICIAL_DISTRICT_AGGREGATE
Assam,HAILAKANDI,17140.32,952.52,9513.41,244.38,27850.63,9290.29,18560.34,0.81,0.0,545.211106,546.03,700.99,17858.54,2.94,SAFE,CGWB2025,2025,https://cgwb.gov.in/cgwbpnm/publication-detail/1741,OFFICIAL_DISTRICT_AGGREGATE
Assam,JORHAT,80538.69,11037.86,32140.71,10571.18,134288.44,70984.28,63304.16,8834.022,28.277698,1399.579,10261.89,1553.67,52888.18,16.21,SAFE,CGWB2025,2025,https://cgwb.gov.in/cgwbpnm/publication-detail/1741,OFFICIAL_DISTRICT_AGGREGATE
Assam,KAMRUP,59168.75,4980.31,22462.15,7511.25,94122.46,20410.87,73711.59,11056.392,306.590018,3595.58969,14958.56,4388.66,57959.95,20.29,SAFE,CGWB2025,2025,https://cgwb.gov.in/cgwbpnm/publication-detail/1741,OFFICIAL_DISTRICT_AGGREGATE
Assam,KAMRUP (M),12536.75,1038.11,7023.53,572.8,21171.19,5703.52,15467.67,1429.758,179.112234,3621.65123,5230.51,3700.92,10157.89,33.82,SAFE,CGWB2025,2025,https://cgwb.gov.in/cgwbpnm/publication-detail/1741,OFFICIAL_DISTRICT_AGGREGATE
Assam,KARBI ANGLONG,114683.66,550.34,26988.64,245.34,142467.98,25611.67,116856.31,578.34,39.3998,1974.93367,2592.68,2418.9,113819.67,2.22,SAFE,CGWB2025,2025,https://cgwb.gov.in/cgwbpnm/publication-detail/1741,OFFICIAL_DISTRICT_AGGREGATE
Assam,KARIMGANJ,40446.37,1199.51,19365.36,333.69,61344.93,29084.41,32260.52,60.588,4.193,1348.53886,1413.34,1743.81,30451.91,4.38,SAFE,CGWB2025,2025,https://cgwb.gov.in/cgwbpnm/publication-detail/1741,OFFICIAL_DISTRICT_AGGREGATE
Assam,KOKRAJHAR,118970.96,2221.02,42129.04,2637.23,165958.25,21478.89,144479.36,7729.884,5.4,1738.68894,9474.01,1844.12,134899.91,6.56,SAFE,CGWB2025,2025,https://cgwb.gov.in/cgwbpnm/publication-detail/1741,OFFICIAL_DISTRICT_AGGREGATE
Assam,LAKHIMPUR,84690.31,1595.12,30085.16,1651.05,118021.64,47239.73,70781.91,5328.666,11.57484,2468.0954,7808.34,3009.55,62432.11,11.03,SAFE,CGWB2025,2025,https://cgwb.gov.in/cgwbpnm/publication-detail/1741,OFFICIAL_DISTRICT_AGGREGATE
Assam,MORIGAON,33467.65,1727.47,8474.76,1984.92,45654.8,11249.31,34405.49,5565.888,14.993178,2362.004,7942.9,3111.33,25713.27,23.09,SAFE,CGWB2025,2025,https://cgwb.gov.in/cgwbpnm/publication-detail/1741,OFFICIAL_DISTRICT_AGGREGATE
Assam,NAGAON,94448.08,18316.93,21452.74,20575.24,154792.99,41201.99,113591.0,38379.528,102.950341,1836.00664,40318.45,2377.22,72731.34,35.49,SAFE,CGWB2025,2025,https://cgwb.gov.in/cgwbpnm/publication-detail/1741,OFFICIAL_DISTRICT_AGGREGATE
Assam,NALBARI,21297.95,4979.91,8849.97,2508.32,37636.15,3763.62,33872.53,11058.768,36.9035,402.415676,11498.11,460.78,22316.05,33.95,SAFE,CGWB2025,2025,https://cgwb.gov.in/cgwbpnm/publication-detail/1741,OFFICIAL_DISTRICT_AGGREGATE
Assam,SIBSAGAR,69299.22,1022.86,32055.39,573.77,102951.24,15623.87,87327.37,3797.55,73.5356312,1774.23127,5645.31,1972.48,81483.82,6.46,SAFE,CGWB2025,2025,https://cgwb.gov.in/cgwbpnm/publication-detail/1741,OFFICIAL_DISTRICT_AGGREGATE
Assam,SONITPUR,127592.45,3288.95,42220.16,2895.61,175997.17,40820.95,135176.22,10060.47,104.118795,4063.05201,14227.64,4854.25,120157.4,10.53,SAFE,CGWB2025,2025,https://cgwb.gov.in/cgwbpnm/publication-detail/1741,OFFICIAL_DISTRICT_AGGREGATE
Assam,TINSUKIA,94831.86,2855.47,40135.93,2439.56,140262.82,26215.38,114047.44,8631.144,68.6827086,2096.6631,10796.49,2502.52,102845.1,9.47,SAFE,CGWB2025,2025,https://cgwb.gov.in/cgwbpnm/publication-detail/1741,OFFICIAL_DISTRICT_AGGREGATE
Assam,UDALGURI,43721.7,1340.62,22147.2,1042.06,68251.58,21453.04,46798.54,4112.64,62.6773653,1541.75208,5717.07,1717.35,40905.88,12.22,SAFE,CGWB2025,2025,https://cgwb.gov.in/cgwbpnm/publication-detail/1741,OFFICIAL_DISTRICT_AGGREGATE
Bihar,Araria,71932.4,44175.37,7485.44,30937.46,154530.67,13348.96,141181.71,19443.18,117.23,10664.26,30224.68,15387.74,106233.56,21.41,SAFE,CGWB2025,2025,https://cgwb.gov.in/cgwbpnm/publication-detail/1741,OFFICIAL_DISTRICT_AGGREGATE
Bihar,Arwal,10224.99,6901.32,0.0,4003.63,21129.94,2054.75,19075.19,7291.44,133.45,2580.26,10005.15,3208.5,8441.79,52.45,SAFE,CGWB2025,2025,https://cgwb.gov.in/cgwbpnm/publication-detail/1741,OFFICIAL_DISTRICT_AGGREGATE
Bihar,Aurangabad,47847.59,50911.73,1116.5,31256.29,131132.11,12378.4,118753.71,28724.87,2682.7,9451.5,40859.05,12905.42,74440.73,34.41,SAFE,CGWB2025,2025,https://cgwb.gov.in/cgwbpnm/publication-detail/1741,OFFICIAL_DISTRICT_AGGREGATE
Bihar,Banka,45413.26,16713.55,915.09,9356.9,72398.8,6935.95,65462.86,20652.28,104.97,7304.53,28061.78,10023.81,34994.37,42.87,SAFE,CGWB2025,2025,https://cgwb.gov.in/cgwbpnm/publication-detail/1741,OFFICIAL_DISTRICT_AGGREGATE
Bihar,Begusarai,44245.15,3602.88,2724.84,5708.69,56281.56,5628.2,50653.36,24192.8,78.43,10004.03,34275.28,13713.84,12668.25,67.67,SAFE,CGWB2025,2025,https://cgwb.gov.in/cgwbpnm/publication-detail/1741,OFFICIAL_DISTRICT_AGGREGATE
Bihar,Bhagalpur,57480.25,9784.8,6287.29,6236.36,79788.7,7676.06,72112.64,25260.77,1221.09,7281.73,33763.57,9845.7,35785.11,46.82,SAFE,CGWB2025,2025,https://cgwb.gov.in/cgwbpnm/publication-detail/1741,OFFICIAL_DISTRICT_AGGREGATE
Bihar,Bhojpur,47387.96,25365.25,1103.52,15578.64,89435.37,8943.53,80491.84,30527.74,741.84,8961.86,40231.42,11544.45,37677.84,49.98,SAFE,CGWB2025,2025,https://cgwb.gov.in/cgwbpnm/publication-detail/1741,OFFICIAL_DISTRICT_AGGREGATE
Bihar,Buxar,29543.39,21243.88,626.77,13238.27,64652.31,6285.08,58367.22,21752.08,504.16,5412.24,27668.49,6971.91,29366.65,47.4,SAFE,CGWB2025,2025,https://cgwb.gov.in/cgwbpnm/publication-detail/1741,OFFICIAL_DISTRICT_AGGREGATE
Bihar,Darbhanga,55812.08,9827.52,4990.37,7479.8,78109.77,7687.59,70422.18,27035.96,809.47,13174.61,41020.09,16505.8,26070.92,58.25,SAFE,CGWB2025,2025,https://cgwb.gov.in/cgwbpnm/publication-detail/1741,OFFICIAL_DISTRICT_AGGREGATE
Bihar,East Champaran,88404.57,60735.46,5352.08,39244.58,193736.69,17073.51,176663.17,54100.79,7332.62,18961.41,80394.84,27711.45,87998.3,45.51,SAFE,CGWB2025,2025,https://cgwb.gov.in/cgwbpnm/publication-detail/1741,OFFICIAL_DISTRICT_AGGREGATE
Bihar,Gaya,90402.62,26656.97,2497.4,15123.76,134680.75,13075.99,121604.75,49963.75,2049.7,15590.34,67603.76,21371.74,50011.48,55.59,SAFE,CGWB2025,2025,https://cgwb.gov.in/cgwbpnm/publication-detail/1741,OFFICIAL_DISTRICT_AGGREGATE
Bihar,Gopalganj,45215.13,35410.11,1553.12,23524.12,105702.48,10019.83,95682.65,45603.79,523.31,8663.31,54790.42,10799.63,38755.91,57.26,SAFE,CGWB2025,2025,https://cgwb.gov.in/cgwbpnm/publication-detail/1741,OFFICIAL_DISTRICT_AGGREGATE
Bihar,Jamui,33040.92,9606.93,1686.34,5538.57,49872.76,4860.39,45012.36,12272.73,15.05,6483.49,18771.27,8817.98,27211.49,41.7,SAFE,CGWB2025,2025,https://cgwb.gov.in/cgwbpnm/publication-detail/1741,OFFICIAL_DISTRICT_AGGREGATE
Bihar,Jehanabad,17438.43,9283.46,462.46,7412.76,34597.11,3449.52,31147.61,21888.67,5.24,3653.87,25547.76,4706.84,5609.31,82.02,SEMI_CRITICAL,CGWB2025,2025,https://cgwb.gov.in/cgwbpnm/publication-detail/1741,OFFICIAL_DISTRICT_AGGREGATE
Bihar,Kaimur,47075.2,21698.34,900.77,12150.85,81825.16,7171.54,74653.62,26802.52,62.33,5837.19,32702.04,7970.3,39976.13,43.81,SAFE,CGWB2025,2025,https://cgwb.gov.in/cgwbpnm/publication-detail/1741,OFFICIAL_DISTRICT_AGGREGATE
Bihar,Katihar,79406.67,18931.44,7209.24,14155.36,119702.71,10280.46,109422.24,36093.87,160.18,10577.24,46831.3,14868.9,59289.99,42.8,SAFE,CGWB2025,2025,https://cgwb.gov.in/cgwbpnm/publication-detail/1741,OFFICIAL_DISTRICT_AGGREGATE
Bihar,Khagaria,38833.55,2179.92,1883.05,5089.1,47985.62,3827.39,44158.22,21693.27,18.14,6064.37,27775.78,8732.8,13714.01,62.9,SAFE,CGWB2025,2025,https://cgwb.gov.in/cgwbpnm/publication-detail/1741,OFFICIAL_DISTRICT_AGGREGATE
Bihar,Kishanganj,56816.06,2899.66,5300.16,2980.95,67996.83,5332.03,62664.8,15636.77,304.47,6113.96,22055.2,8839.84,37883.71,35.2,SAFE,CGWB2025,2025,https://cgwb.gov.in/cgwbpnm/publication-detail/1741,OFFICIAL_DISTRICT_AGGREGATE
Bihar,Lakhisarai,21696.19,12391.13,1279.31,7703.7,43070.33,4307.06,38763.27,8876.76,88.02,3497.08,12461.87,4688.41,25110.06,32.15,SAFE,CGWB2025,2025,https://cgwb.gov.in/cgwbpnm/publication-detail/1741,OFFICIAL_DISTRICT_AGGREGATE
Bihar,Madhepura,38749.54,40968.17,3931.72,25002.4,108651.83,10613.39,98038.44,29130.39,148.68,7573.09,36852.18,11053.44,57705.9,37.59,SAFE,CGWB2025,2025,https://cgwb.gov.in/cgwbpnm/publication-detail/1741,OFFICIAL_DISTRICT_AGGREGATE
Bihar,Madhubani,79206.25,32848.29,8011.77,23503.72,143570.03,12833.23,130736.8,35316.63,8889.3,15958.29,60164.21,21619.26,65670.82,46.02,SAFE,CGWB2025,2025,https://cgwb.gov.in/cgwbpnm/publication-detail/1741,OFFICIAL_DISTRICT_AGGREGATE
Bihar,Munger,25594.75,10246.21,1545.83,4517.98,41904.77,4071.2,37833.57,8693.68,764.26,4533.89,13991.86,5737.7,22637.9,36.98,SAFE,CGWB2025,2025,https://cgwb.gov.in/cgwbpnm/publication-detail/1741,OFFICIAL_DISTRICT_AGGREGATE
Bihar,Muzaffarpur,74152.77,25443.18,4231.91,19634.63,123462.49,12300.04,111162.45,54619.36,1417.47,16434.21,72471.01,24014.37,34545.39,65.19,SAFE,CGWB2025,2025,https://cgwb.gov.in/cgwbpnm/publication-detail/1741,OFFICIAL_DISTRICT_AGGREGATE
Bihar,Nalanda,45409.55,11774.84,1283.24,10302.57,68770.2,6493.84,62276.36,35639.17,2040.81,9446.53,47126.48,12122.42,12894.89,75.67,SEMI_CRITICAL,CGWB2025,2025,https://cgwb.gov.in/cgwbpnm/publication-detail/1741,OFFICIAL_DISTRICT_AGGREGATE
Bihar,Nawada,46850.21,14688.2,2056.28,9499.39,73094.08,7132.67,65961.42,26674.39,85.27,6086.83,32846.45,7941.82,31604.47,49.8,SAFE,CGWB2025,2025,https://cgwb.gov.in/cgwbpnm/publication-detail/1741,OFFICIAL_DISTRICT_AGGREGATE
Bihar,Patna,74343.98,18646.84,1990.62,13734.78,108716.22,10767.81,98029.81,41223.39,1462.64,17061.84,59747.83,22579.25,34932.58,60.95,SAFE,CGWB2025,2025,https://cgwb.gov.in/cgwbpnm/publication-detail/1741,OFFICIAL_DISTRICT_AGGREGATE
Bihar,Purnea,76569.07,49755.59,8812.19,34467.72,169604.57,15682.32,153922.23,45731.37,1051.93,11311.61,58094.92,15901.26,91237.66,37.74,SAFE,CGWB2025,2025,https://cgwb.gov.in/cgwbpnm/publication-detail/1741,OFFICIAL_DISTRICT_AGGREGATE
Bihar,Rohtas,67320.5,38557.2,1554.07,18650.49,126082.26,11411.0,114671.24,24774.19,252.22,9635.54,34661.96,12271.18,77373.63,30.23,SAFE,CGWB2025,2025,https://cgwb.gov.in/cgwbpnm/publication-detail/1741,OFFICIAL_DISTRICT_AGGREGATE
Bihar,Saharsa,41890.92,13166.27,4221.66,9472.44,68751.29,5402.7,63348.59,17147.04,67.32,6358.86,23573.2,8671.24,37463.0,37.21,SAFE,CGWB2025,2025,https://cgwb.gov.in/cgwbpnm/publication-detail/1741,OFFICIAL_DISTRICT_AGGREGATE
Bihar,Samastipur,67775.56,10220.5,3001.88,7646.25,88644.19,8686.19,79958.0,39569.85,269.59,14809.3,54648.73,20062.69,20532.47,68.35,SAFE,CGWB2025,2025,https://cgwb.gov.in/cgwbpnm/publication-detail/1741,OFFICIAL_DISTRICT_AGGREGATE
Bihar,Saran,55350.46,33012.62,2193.7,20940.05,111496.83,10701.21,100795.6,29154.68,177.38,13136.46,42468.58,16922.09,54682.86,42.13,SAFE,CGWB2025,2025,https://cgwb.gov.in/cgwbpnm/publication-detail/1741,OFFICIAL_DISTRICT_AGGREGATE
Bihar,Sheikhpura,12926.31,2881.95,610.19,2285.72,18704.17,1731.02,16973.15,7870.63,2.45,2111.61,9984.71,2699.46,6556.2,58.83,SAFE,CGWB2025,2025,https://cgwb.gov.in/cgwbpnm/publication-detail/1741,OFFICIAL_DISTRICT_AGGREGATE
Bihar,Sheohar,11743.07,3833.21,844.06,1654.21,18074.55,1631.18,16443.37,6496.78,184.62,2383.63,9065.05,3297.87,6464.08,55.13,SAFE,CGWB2025,2025,https://cgwb.gov.in/cgwbpnm/publication-detail/1741,OFFICIAL_DISTRICT_AGGREGATE
Bihar,Sitamarhi,57510.89,5495.18,4163.59,3672.82,70842.48,4975.65,65866.83,18463.19,89.76,12133.47,30686.44,16898.7,30415.18,46.59,SAFE,CGWB2025,2025,https://cgwb.gov.in/cgwbpnm/publication-detail/1741,OFFICIAL_DISTRICT_AGGREGATE
Bihar,Siwan,49133.0,31807.76,887.5,24568.97,106397.23,9818.56,96578.65,41021.48,223.19,11107.79,52352.48,14511.58,40822.37,54.21,SAFE,CGWB2025,2025,https://cgwb.gov.in/cgwbpnm/publication-detail/1741,OFFICIAL_DISTRICT_AGGREGATE
Bihar,Supaul,49053.78,31109.77,4815.78,26445.67,111425.0,9977.41,101447.59,25474.79,72.73,7964.5,33512.08,11240.91,64659.09,33.03,SAFE,CGWB2025,2025,https://cgwb.gov.in/cgwbpnm/publication-detail/1741,OFFICIAL_DISTRICT_AGGREGATE
Bihar,Vaishali,50738.93,16967.64,1783.69,10949.41,80439.67,7543.15,72896.53,32132.98,2308.56,11955.89,46397.41,17554.39,25326.68,63.65,SAFE,CGWB2025,2025,https://cgwb.gov.in/cgwbpnm/publication-detail/1741,OFFICIAL_DISTRICT_AGGREGATE
Bihar,West Champaran,93251.92,51984.53,4241.96,35870.68,185349.09,16486.39,168862.7,34091.16,4483.92,14688.45,53263.53,20897.76,109710.93,31.54,SAFE,CGWB2025,2025,https://cgwb.gov.in/cgwbpnm/publication-detail/1741,OFFICIAL_DISTRICT_AGGREGATE
Chhattisgarh,Balod,16837.39,15887.13,0.0,7812.94,40537.46,3920.24,36617.22,24213.45,84.76,2291.08,26589.29,2356.22,10323.73,72.61,SEMI_CRITICAL,CGWB2025,2025,https://cgwb.gov.in/cgwbpnm/publication-detail/1741,OFFICIAL_DISTRICT_AGGREGATE
Chhattisgarh,Baloda Bazar,25033.96,36027.63,412.24,6561.86,68035.69,6698.74,61336.95,21003.63,1219.55,4665.8,26888.98,5644.19,33939.6,43.84,SAFE,CGWB2025,2025,https://cgwb.gov.in/cgwbpnm/publication-detail/1741,OFFICIAL_DISTRICT_AGGREGATE
Chhattisgarh,Balrampur,47799.89,2950.04,309.07,2483.15,53542.15,4816.11,48726.04,11826.83,19.41,2110.57,13956.84,2200.65,34679.12,28.64,SAFE,CGWB2025,2025,https://cgwb.gov.in/cgwbpnm/publication-detail/1741,OFFICIAL_DISTRICT_AGGREGATE
Chhattisgarh,Bastar,22266.35,1513.3,1752.02,2053.73,27585.4,2068.95,25516.45,7428.39,79.96,2332.14,9840.53,2400.33,15607.74,38.57,SAFE,CGWB2025,2025,https://cgwb.gov.in/cgwbpnm/publication-detail/1741,OFFICIAL_DISTRICT_AGGREGATE
Chhattisgarh,Bemetara,18517.66,17950.55,0.0,11091.62,47559.83,4755.99,42803.84,36725.8,255.66,2533.94,39515.41,2889.52,4146.85,92.32,CRITICAL,CGWB2025,2025,https://cgwb.gov.in/cgwbpnm/publication-detail/1741,OFFICIAL_DISTRICT_AGGREGATE
Chhattisgarh,Bijapur,49859.36,834.94,214.88,1389.69,52298.87,5229.9,47068.97,4538.73,2.49,689.28,5230.5,711.88,41815.87,11.11,SAFE,CGWB2025,2025,https://cgwb.gov.in/cgwbpnm/publication-detail/1741,OFFICIAL_DISTRICT_AGGREGATE
Chhattisgarh,Bilaspur,22085.15,16961.13,426.62,12101.35,51574.25,4599.28,46974.97,22540.75,692.9,5849.65,29083.28,6529.12,19486.05,61.91,SAFE,CGWB2025,2025,https://cgwb.gov.in/cgwbpnm/publication-detail/1741,OFFICIAL_DISTRICT_AGGREGATE
Chhattisgarh,Dantewada,24478.31,706.07,342.85,1417.44,26944.67,1823.91,25120.76,3870.76,158.45,789.03,4818.25,820.0,20271.54,19.18,SAFE,CGWB2025,2025,https://cgwb.gov.in/cgwbpnm/publication-detail/1741,OFFICIAL_DISTRICT_AGGREGATE
Chhattisgarh,Dhamtari,21550.0,29997.73,0.0,17689.12,69236.85,6923.68,62313.17,43838.43,103.68,2139.48,46081.57,2180.05,16191.03,73.95,SEMI_CRITICAL,CGWB2025,2025,https://cgwb.gov.in/cgwbpnm/publication-detail/1741,OFFICIAL_DISTRICT_AGGREGATE
Chhattisgarh,Durg,14602.07,19791.49,0.0,8834.83,43228.39,4322.84,38905.55,24094.2,438.42,5023.15,29555.78,5135.19,10623.26,75.97,SEMI_CRITICAL,CGWB2025,2025,https://cgwb.gov.in/cgwbpnm/publication-detail/1741,OFFICIAL_DISTRICT_AGGREGATE
Chhattisgarh,Gariaband,22506.72,8752.7,0.0,5864.35,37123.77,3145.19,33978.58,19588.38,26.46,1761.03,21375.89,1877.55,12486.17,62.91,SAFE,CGWB2025,2025,https://cgwb.gov.in/cgwbpnm/publication-detail/1741,OFFICIAL_DISTRICT_AGGREGATE
Chhattisgarh,Gourela-Pendra-Marwahi,10960.05,1302.16,545.15,1244.4,14051.76,1239.38,12812.38,4093.27,1.95,1178.62,5273.85,1324.53,7392.63,41.16,SAFE,CGWB2025,2025,https://cgwb.gov.in/cgwbpnm/publication-detail/1741,OFFICIAL_DISTRICT_AGGREGATE
Chhattisgarh,Janjgir-Champa,12314.55,20846.22,153.04,15309.36,48623.17,4522.41,44100.76,8185.66,235.02,2916.13,11336.82,3060.17,32619.91,25.71,SAFE,CGWB2025,2025,https://cgwb.gov.in/cgwbpnm/publication-detail/1741,OFFICIAL_DISTRICT_AGGREGATE
Chhattisgarh,Jashpur,28458.32,3558.33,874.3,3792.43,36683.38,2834.01,33849.37,15418.74,39.37,2271.13,17729.27,2320.47,16071.76,52.38,SAFE,CGWB2025,2025,https://cgwb.gov.in/cgwbpnm/publication-detail/1741,OFFICIAL_DISTRICT_AGGREGATE
Chhattisgarh,Kabirdham,32680.17,29773.64,1408.77,9259.57,73122.15,7275.07,65847.08,36409.03,88.35,2633.37,39130.77,2837.22,27487.65,59.43,SAFE,CGWB2025,2025,https://cgwb.gov.in/cgwbpnm/publication-detail/1741,OFFICIAL_DISTRICT_AGGREGATE
Chhattisgarh,Kanker,54951.51,5332.69,2224.16,8695.93,71204.29,5000.93,66203.36,23940.81,34.27,2086.99,26062.08,2150.07,40078.2,39.37,SAFE,CGWB2025,2025,https://cgwb.gov.in/cgwbpnm/publication-detail/1741,OFFICIAL_DISTRICT_AGGREGATE
Chhattisgarh,Kondagaon,31550.6,3120.71,2064.15,2263.98,38999.44,2970.87,36028.57,14656.24,22.3,1610.43,16288.94,1658.78,19911.5,45.21,SAFE,CGWB2025,2025,https://cgwb.gov.in/cgwbpnm/publication-detail/1741,OFFICIAL_DISTRICT_AGGREGATE
Chhattisgarh,Korba,38924.74,4783.32,676.81,5517.95,49902.82,2905.73,46997.09,10516.0,2541.73,3710.7,16768.39,3879.21,30060.19,35.68,SAFE,CGWB2025,2025,https://cgwb.gov.in/cgwbpnm/publication-detail/1741,OFFICIAL_DISTRICT_AGGREGATE
Chhattisgarh,Korea,9935.81,3351.12,53.15,1875.66,15215.74,1013.0,14202.74,5953.52,392.74,670.26,7016.53,683.63,7172.84,49.4,SAFE,CGWB2025,2025,https://cgwb.gov.in/cgwbpnm/publication-detail/1741,OFFICIAL_DISTRICT_AGGREGATE
Chhattisgarh,Mahasamund,47235.8,38586.3,325.68,16787.77,102935.55,8829.87,94105.68,53763.82,160.52,2964.65,56889.0,3077.95,37103.39,60.45,SAFE,CGWB2025,2025,https://cgwb.gov.in/cgwbpnm/publication-detail/1741,OFFICIAL_DISTRICT_AGGREGATE
Chhattisgarh,Manpur_Ambagarhchowk,12323.45,1853.75,144.29,2505.61,16827.1,1682.71,15144.39,5033.48,31.5,751.78,5816.76,767.82,9311.58,38.41,SAFE,CGWB2025,2025,https://cgwb.gov.in/cgwbpnm/publication-detail/1741,OFFICIAL_DISTRICT_AGGREGATE
Chhattisgarh,Mungeli,9626.6,12374.1,0.0,4844.87,26845.57,2330.88,24514.69,9317.05,31.35,1971.03,11319.44,2236.98,12929.3,46.17,SAFE,CGWB2025,2025,https://cgwb.gov.in/cgwbpnm/publication-detail/1741,OFFICIAL_DISTRICT_AGGREGATE
Chhattisgarh,Narayanpur,26128.04,564.04,772.79,581.09,28045.96,2804.6,25241.36,2211.94,10.65,398.75,2621.34,498.33,22520.43,10.39,SAFE,CGWB2025,2025,https://cgwb.gov.in/cgwbpnm/publication-detail/1741,OFFICIAL_DISTRICT_AGGREGATE
Chhattisgarh,Raigarh,35834.03,2945.0,408.53,3441.99,42629.55,3529.27,39100.27,11142.58,2790.52,3193.13,17126.22,3302.28,21864.9,43.8,SAFE,CGWB2025,2025,https://cgwb.gov.in/cgwbpnm/publication-detail/1741,OFFICIAL_DISTRICT_AGGREGATE
Chhattisgarh,Raipur,19572.64,23439.33,42.18,7784.37,50838.52,4573.27,46265.25,18038.91,2176.18,7555.92,27771.02,8179.69,19082.98,60.03,SAFE,CGWB2025,2025,https://cgwb.gov.in/cgwbpnm/publication-detail/1741,OFFICIAL_DISTRICT_AGGREGATE
Chhattisgarh,Rajnandgaon,19454.23,10394.92,236.55,9273.03,39358.73,3130.21,36228.52,20849.28,242.28,3314.21,24405.79,7357.61,11216.86,67.37,SAFE,CGWB2025,2025,https://cgwb.gov.in/cgwbpnm/publication-detail/1741,OFFICIAL_DISTRICT_AGGREGATE
Chhattisgarh,Sakti,9102.05,10727.01,101.69,13031.75,32962.5,3296.24,29666.26,12314.3,11.01,1976.7,14302.03,2086.47,15254.47,48.21,SAFE,CGWB2025,2025,https://cgwb.gov.in/cgwbpnm/publication-detail/1741,OFFICIAL_DISTRICT_AGGREGATE
Chhattisgarh,Sarangarh-Bilairagh,14124.01,6936.14,361.15,3281.61,24702.91,2153.19,22549.72,7017.99,59.82,1887.28,8965.1,2028.0,13443.89,39.76,SAFE,CGWB2025,2025,https://cgwb.gov.in/cgwbpnm/publication-detail/1741,OFFICIAL_DISTRICT_AGGREGATE
Chhattisgarh,Sukma,44109.29,850.32,0.0,965.22,45924.83,4157.64,41767.19,1756.64,2.12,626.28,2385.02,636.6,39371.85,5.71,SAFE,CGWB2025,2025,https://cgwb.gov.in/cgwbpnm/publication-detail/1741,OFFICIAL_DISTRICT_AGGREGATE
Chhattisgarh,Surajpur,29124.34,5030.05,217.28,6485.91,40857.58,2829.19,38028.39,20691.66,1556.14,2221.81,24469.62,2298.05,13482.52,64.35,SAFE,CGWB2025,2025,https://cgwb.gov.in/cgwbpnm/publication-detail/1741,OFFICIAL_DISTRICT_AGGREGATE
Chhattisgarh,Surguja,34506.59,3835.7,885.79,3957.78,43185.86,3577.11,39608.75,16237.35,1193.48,2364.69,19795.49,2436.01,19756.55,49.98,SAFE,CGWB2025,2025,https://cgwb.gov.in/cgwbpnm/publication-detail/1741,OFFICIAL_DISTRICT_AGGREGATE
Goa,Goa North,14539.28,268.13,53.52,1634.51,16495.44,3299.09,13196.35,1675.35,105.55,1823.96,3604.86,2161.81,9253.64,27.32,SAFE,CGWB2025,2025,https://cgwb.gov.in/cgwbpnm/publication-detail/1741,OFFICIAL_DISTRICT_AGGREGATE
Goa,South Goa,19416.38,435.58,287.17,1492.1,21631.23,4326.24,17304.99,926.37,375.44,2198.65,3500.48,2605.94,13397.23,20.23,SAFE,CGWB2025,2025,https://cgwb.gov.in/cgwbpnm/publication-detail/1741,OFFICIAL_DISTRICT_AGGREGATE
Gujarat,Ahmedabad,25276.83,7652.96,0.0,12843.17,45772.96,3514.7,42258.26,24586.2,3489.57,2662.91,30738.68,2979.72,16338.36,72.74,SEMI_CRITICAL,CGWB2025,2025,https://cgwb.gov.in/cgwbpnm/publication-detail/1741,OFFICIAL_DISTRICT_AGGREGATE
Gujarat,Amreli,133588.2,7366.5,0.0,11323.79,152278.49,7613.94,144664.55,81614.4,73.65,1216.98,82905.02,1340.12,61636.38,57.31,SAFE,CGWB2025,2025,https://cgwb.gov.in/cgwbpnm/publication-detail/1741,OFFICIAL_DISTRICT_AGGREGATE
Gujarat,Anand,33539.77,37659.8,0.0,48631.01,119830.58,9035.84,110794.74,26367.9,2623.7,3626.23,32617.81,4182.04,77621.12,29.44,SAFE,CGWB2025,2025,https://cgwb.gov.in/cgwbpnm/publication-detail/1741,OFFICIAL_DISTRICT_AGGREGATE
Gujarat,Arvalli,80035.76,3522.06,0.0,7420.13,90977.95,4548.89,86429.06,35907.6,25.05,2089.12,38021.78,2528.1,47968.29,43.99,SAFE,CGWB2025,2025,https://cgwb.gov.in/cgwbpnm/publication-detail/1741,OFFICIAL_DISTRICT_AGGREGATE
Gujarat,Banaskantha,100028.68,15268.76,0.0,16824.4,132121.84,13212.18,118909.66,140057.2,41.79,4343.01,144442.01,5799.84,11586.86,121.47,OVER_EXPLOITED,CGWB2025,2025,https://cgwb.gov.in/cgwbpnm/publication-detail/1741,OFFICIAL_DISTRICT_AGGREGATE
Gujarat,Bharuch,41929.11,8434.79,0.0,19220.58,69584.48,6026.82,63557.66,14124.7,1339.77,1857.29,17321.76,2154.67,45938.53,27.25,SAFE,CGWB2025,2025,https://cgwb.gov.in/cgwbpnm/publication-detail/1741,OFFICIAL_DISTRICT_AGGREGATE
Gujarat,Bhavnagar,90285.02,7821.42,0.0,13739.56,111846.0,5592.28,106253.72,44384.8,79.12,3237.45,47701.37,3912.91,57876.9,44.89,SAFE,CGWB2025,2025,https://cgwb.gov.in/cgwbpnm/publication-detail/1741,OFFICIAL_DISTRICT_AGGREGATE
Gujarat,Botad,38612.25,2485.22,0.0,4203.04,45300.51,2265.01,43035.49,23708.1,16.58,919.77,24644.43,1111.67,18199.17,57.27,SAFE,CGWB2025,2025,https://cgwb.gov.in/cgwbpnm/publication-detail/1741,OFFICIAL_DISTRICT_AGGREGATE
Gujarat,Chhota Udepur,42927.38,6900.91,0.0,13487.14,63315.43,6331.54,56983.89,23578.4,1.13,2264.8,25844.31,2662.11,30742.27,45.35,SAFE,CGWB2025,2025,https://cgwb.gov.in/cgwbpnm/publication-detail/1741,OFFICIAL_DISTRICT_AGGREGATE
Gujarat,Dahod,19313.39,7174.79,0.0,10952.57,37440.75,3403.88,34036.87,11500.8,3.31,2360.33,13864.44,3389.79,19142.97,40.73,SAFE,CGWB2025,2025,https://cgwb.gov.in/cgwbpnm/publication-detail/1741,OFFICIAL_DISTRICT_AGGREGATE
Gujarat,Dang,32397.69,1000.91,0.0,1258.45,34657.05,3465.71,31191.34,3451.7,1.28,502.85,3955.85,646.11,27092.24,12.68,SAFE,CGWB2025,2025,https://cgwb.gov.in/cgwbpnm/publication-detail/1741,OFFICIAL_DISTRICT_AGGREGATE
Gujarat,Devbhumi Dwarka,38178.64,2856.98,0.0,4852.07,45887.69,2294.39,43593.3,28955.7,100.28,1600.12,30656.11,1862.95,12674.36,70.32,SEMI_CRITICAL,CGWB2025,2025,https://cgwb.gov.in/cgwbpnm/publication-detail/1741,OFFICIAL_DISTRICT_AGGREGATE
Gujarat,Gandhinagar,45095.22,6878.09,0.0,11327.01,63300.32,5509.19,57791.12,62018.0,926.14,1365.0,64309.15,1886.79,9669.31,111.28,OVER_EXPLOITED,CGWB2025,2025,https://cgwb.gov.in/cgwbpnm/publication-detail/1741,OFFICIAL_DISTRICT_AGGREGATE
Gujarat,Gir Somnath,66792.84,2969.18,0.0,6638.44,76400.46,6104.0,70296.46,31369.5,77.0,3032.2,34478.69,3472.37,35377.61,49.05,SAFE,CGWB2025,2025,https://cgwb.gov.in/cgwbpnm/publication-detail/1741,OFFICIAL_DISTRICT_AGGREGATE
Gujarat,Jamnagar,116934.8,7405.96,0.0,13186.55,137527.31,6876.35,130650.96,54491.6,46.42,2453.55,56991.57,2856.56,73256.38,43.62,SAFE,CGWB2025,2025,https://cgwb.gov.in/cgwbpnm/publication-detail/1741,OFFICIAL_DISTRICT_AGGREGATE
Gujarat,Junagadh,143726.46,5185.02,0.0,9833.65,158745.13,7937.27,150807.86,68228.65,79.28,3197.18,71505.12,3844.8,78655.12,47.41,SAFE,CGWB2025,2025,https://cgwb.gov.in/cgwbpnm/publication-detail/1741,OFFICIAL_DISTRICT_AGGREGATE
Gujarat,Kachchh,63154.31,15809.7,0.0,19622.08,98586.09,8670.23,89915.86,44383.5,1076.96,1107.09,46567.54,1635.71,43127.68,51.79,SAFE,CGWB2025,2025,https://cgwb.gov.in/cgwbpnm/publication-detail/1741,OFFICIAL_DISTRICT_AGGREGATE
Gujarat,Kheda,45110.85,13707.77,0.0,27859.12,86677.74,7315.6,79362.14,29308.7,631.15,2919.86,32859.69,3375.37,46046.92,41.4,SAFE,CGWB2025,2025,https://cgwb.gov.in/cgwbpnm/publication-detail/1741,OFFICIAL_DISTRICT_AGGREGATE
Gujarat,Mahesana,51720.87,10622.57,0.0,20021.73,82365.17,7814.47,74550.7,78663.2,942.02,1463.85,81069.07,1651.16,6308.82,108.74,OVER_EXPLOITED,CGWB2025,2025,https://cgwb.gov.in/cgwbpnm/publication-detail/1741,OFFICIAL_DISTRICT_AGGREGATE
Gujarat,Mahisagar,17689.09,5327.34,0.0,11116.79,34133.22,3413.31,30719.91,14594.0,12.68,917.71,15524.4,1107.19,15006.04,50.54,SAFE,CGWB2025,2025,https://cgwb.gov.in/cgwbpnm/publication-detail/1741,OFFICIAL_DISTRICT_AGGREGATE
Gujarat,Morbi,41582.93,9789.35,0.0,20941.6,72313.88,4693.58,67620.3,33312.0,192.06,1488.01,34992.06,1861.79,32254.46,51.75,SAFE,CGWB2025,2025,https://cgwb.gov.in/cgwbpnm/publication-detail/1741,OFFICIAL_DISTRICT_AGGREGATE
Gujarat,Narmada,27823.63,5112.77,0.0,8715.51,41651.91,2994.55,38657.36,25284.1,5.4,552.67,25842.19,654.33,12713.52,66.85,SAFE,CGWB2025,2025,https://cgwb.gov.in/cgwbpnm/publication-detail/1741,OFFICIAL_DISTRICT_AGGREGATE
Gujarat,Navsari,61639.04,5308.52,0.0,16337.8,83285.36,6119.97,77165.39,21009.6,275.88,2711.81,23997.31,2972.77,52907.11,31.1,SAFE,CGWB2025,2025,https://cgwb.gov.in/cgwbpnm/publication-detail/1741,OFFICIAL_DISTRICT_AGGREGATE
Gujarat,Panchmahal,20535.47,14379.24,0.0,23277.25,58191.96,3893.85,54298.11,12748.3,374.51,1563.74,14686.57,1922.87,39252.42,27.05,SAFE,CGWB2025,2025,https://cgwb.gov.in/cgwbpnm/publication-detail/1741,OFFICIAL_DISTRICT_AGGREGATE
Gujarat,Patan,25116.7,6113.38,0.0,9778.23,41008.31,3398.01,37610.31,43628.57,29.15,938.2,44595.91,1093.61,11.7,118.57,OVER_EXPLOITED,CGWB2025,2025,https://cgwb.gov.in/cgwbpnm/publication-detail/1741,OFFICIAL_DISTRICT_AGGREGATE
Gujarat,Porbandar,19625.33,1201.11,0.0,2167.67,22994.11,1547.59,21446.52,11376.1,221.74,527.17,12125.02,584.47,9264.21,56.54,SAFE,CGWB2025,2025,https://cgwb.gov.in/cgwbpnm/publication-detail/1741,OFFICIAL_DISTRICT_AGGREGATE
Gujarat,Rajkot,139884.31,14160.29,0.0,23876.98,177921.58,8896.1,169025.48,108251.1,519.89,2596.28,111367.28,3273.23,56981.25,65.89,SAFE,CGWB2025,2025,https://cgwb.gov.in/cgwbpnm/publication-detail/1741,OFFICIAL_DISTRICT_AGGREGATE
Gujarat,Sabarkantha,57339.46,9324.48,0.0,18482.25,85146.19,8514.65,76631.54,55362.62,271.52,2083.82,57717.98,2764.84,20373.0,75.32,SEMI_CRITICAL,CGWB2025,2025,https://cgwb.gov.in/cgwbpnm/publication-detail/1741,OFFICIAL_DISTRICT_AGGREGATE
Gujarat,Surat,96747.79,10336.38,0.0,39254.86,146339.03,11590.66,134748.37,34099.9,3077.68,19560.12,56737.69,32629.94,78135.46,42.11,SAFE,CGWB2025,2025,https://cgwb.gov.in/cgwbpnm/publication-detail/1741,OFFICIAL_DISTRICT_AGGREGATE
Gujarat,Surendranagar,61098.13,7174.6,0.0,12118.66,80391.39,4711.58,75679.81,37760.6,116.46,1292.53,39169.56,1550.81,36251.96,51.76,SAFE,CGWB2025,2025,https://cgwb.gov.in/cgwbpnm/publication-detail/1741,OFFICIAL_DISTRICT_AGGREGATE
Gujarat,Tapi,54150.3,5391.34,0.0,17673.14,77214.78,5979.51,71235.27,25850.3,61.23,509.98,26421.49,973.55,44350.21,37.09,SAFE,CGWB2025,2025,https://cgwb.gov.in/cgwbpnm/publication-detail/1741,OFFICIAL_DISTRICT_AGGREGATE
Gujarat,Vadodara,62890.84,11914.6,0.0,32534.72,107340.16,5989.85,101350.31,58365.0,2380.74,6680.57,67426.32,7852.58,33976.39,66.53,SAFE,CGWB2025,2025,https://cgwb.gov.in/cgwbpnm/publication-detail/1741,OFFICIAL_DISTRICT_AGGREGATE
Gujarat,Valsad,56360.68,5581.2,0.0,15166.04,77107.92,7710.8,69397.12,16558.1,717.88,4441.56,21717.54,5656.48,46464.66,31.29,SAFE,CGWB2025,2025,https://cgwb.gov.in/cgwbpnm/publication-detail/1741,OFFICIAL_DISTRICT_AGGREGATE
Haryana,Ambala,22635.92,8241.19,5060.25,7110.55,43047.91,4304.81,38743.1,35843.79,7575.0,7008.68,50427.47,7008.68,729.73,130.16,OVER_EXPLOITED,CGWB2025,2025,https://cgwb.gov.in/cgwbpnm/publication-detail/1741,OFFICIAL_DISTRICT_AGGREGATE
Haryana,Bhiwani,15499.84,15730.09,1917.12,10280.64,43427.69,4342.77,39084.92,39303.23,1993.2,2047.6,43344.03,2047.6,7146.4,110.9,OVER_EXPLOITED,CGWB2025,2025,https://cgwb.gov.in/cgwbpnm/publication-detail/1741,OFFICIAL_DISTRICT_AGGREGATE
Haryana,Charkhi Dadri,8970.99,5160.27,685.59,4323.34,19140.19,1721.05,17419.14,23033.78,28.0,1253.5,24315.28,1267.95,3851.36,139.59,OVER_EXPLOITED,CGWB2025,2025,https://cgwb.gov.in/cgwbpnm/publication-detail/1741,OFFICIAL_DISTRICT_AGGREGATE
Haryana,Faridabad,6343.88,3301.99,1003.9,4302.61,14952.38,1310.0,13642.38,14315.63,5160.0,4449.75,23925.38,4502.75,431.67,175.38,OVER_EXPLOITED,CGWB2025,2025,https://cgwb.gov.in/cgwbpnm/publication-detail/1741,OFFICIAL_DISTRICT_AGGREGATE
Haryana,Fatehabad,14248.17,28196.5,831.14,22528.44,65804.25,6580.43,59223.82,103258.34,98.2,2002.14,105358.68,2002.14,953.75,177.9,OVER_EXPLOITED,CGWB2025,2025,https://cgwb.gov.in/cgwbpnm/publication-detail/1741,OFFICIAL_DISTRICT_AGGREGATE
Haryana,Gurgaon,9567.65,7002.1,3206.15,5325.69,25101.59,2510.16,22591.43,21627.7,17142.51,5191.76,43961.99,5191.76,0.0,194.6,OVER_EXPLOITED,CGWB2025,2025,https://cgwb.gov.in/cgwbpnm/publication-detail/1741,OFFICIAL_DISTRICT_AGGREGATE
Haryana,Hisar,21094.16,14824.71,15147.34,20685.93,71752.14,5666.43,66085.71,47455.68,230.22,366.2,48052.1,366.2,24896.64,72.71,SEMI_CRITICAL,CGWB2025,2025,https://cgwb.gov.in/cgwbpnm/publication-detail/1741,OFFICIAL_DISTRICT_AGGREGATE
Haryana,Jhajjar,15860.31,17724.31,1146.93,15032.13,49763.68,4075.3,45688.38,22095.52,115.0,450.63,22661.15,450.63,23027.23,49.6,SAFE,CGWB2025,2025,https://cgwb.gov.in/cgwbpnm/publication-detail/1741,OFFICIAL_DISTRICT_AGGREGATE
Haryana,Jind,15966.81,30351.4,3541.08,25967.76,75827.05,7582.7,68244.35,77049.02,810.31,1474.8,79334.12,2556.86,3754.35,116.25,OVER_EXPLOITED,CGWB2025,2025,https://cgwb.gov.in/cgwbpnm/publication-detail/1741,OFFICIAL_DISTRICT_AGGREGATE
Haryana,Kaithal,15804.58,15835.25,2786.69,12063.89,46490.41,4649.04,41841.37,78374.46,633.75,3400.89,82409.09,3893.32,0.0,196.96,OVER_EXPLOITED,CGWB2025,2025,https://cgwb.gov.in/cgwbpnm/publication-detail/1741,OFFICIAL_DISTRICT_AGGREGATE
Haryana,Karnal,29435.41,60433.7,3316.47,24521.61,117707.19,11770.73,105936.46,172316.96,3292.4,8227.47,183836.83,8227.47,0.0,173.53,OVER_EXPLOITED,CGWB2025,2025,https://cgwb.gov.in/cgwbpnm/publication-detail/1741,OFFICIAL_DISTRICT_AGGREGATE
Haryana,Kurukshetra,16884.33,12076.58,2636.87,10225.88,41823.66,3972.99,37850.67,68570.88,12575.88,4220.0,85366.76,4220.0,0.0,225.54,OVER_EXPLOITED,CGWB2025,2025,https://cgwb.gov.in/cgwbpnm/publication-detail/1741,OFFICIAL_DISTRICT_AGGREGATE
Haryana,Mahendragarh,7832.82,4213.87,2350.06,7610.37,22007.12,2200.74,19806.38,26058.84,31.08,4977.12,31067.04,4977.12,0.0,156.85,OVER_EXPLOITED,CGWB2025,2025,https://cgwb.gov.in/cgwbpnm/publication-detail/1741,OFFICIAL_DISTRICT_AGGREGATE
Haryana,Mewat,7218.29,4819.94,2301.14,4937.27,19276.64,1859.58,17417.06,10492.32,23.53,2078.98,12594.83,2078.98,5453.97,72.31,SEMI_CRITICAL,CGWB2025,2025,https://cgwb.gov.in/cgwbpnm/publication-detail/1741,OFFICIAL_DISTRICT_AGGREGATE
Haryana,Palwal,9562.7,15689.06,1088.83,17885.01,44225.6,3838.25,40387.35,34136.58,732.5,2282.83,37151.91,2282.83,7188.23,91.99,CRITICAL,CGWB2025,2025,https://cgwb.gov.in/cgwbpnm/publication-detail/1741,OFFICIAL_DISTRICT_AGGREGATE
Haryana,Panchkula,10621.91,1298.68,1650.97,1010.13,14581.69,1135.69,13446.0,7111.49,90.0,1143.18,8344.67,1143.18,5101.33,62.06,SAFE,CGWB2025,2025,https://cgwb.gov.in/cgwbpnm/publication-detail/1741,OFFICIAL_DISTRICT_AGGREGATE
Haryana,Panipat,11374.84,29813.71,1501.47,9932.47,52622.49,5262.24,47360.25,98651.32,2016.0,2501.18,103168.5,2501.18,0.0,217.84,OVER_EXPLOITED,CGWB2025,2025,https://cgwb.gov.in/cgwbpnm/publication-detail/1741,OFFICIAL_DISTRICT_AGGREGATE
Haryana,Rewari,9944.41,5555.22,3485.23,9828.24,28813.1,2330.37,26482.73,31590.68,1452.0,2224.82,35267.5,2224.82,147.02,133.17,OVER_EXPLOITED,CGWB2025,2025,https://cgwb.gov.in/cgwbpnm/publication-detail/1741,OFFICIAL_DISTRICT_AGGREGATE
Haryana,Rohtak,14402.82,9856.67,1120.17,11179.29,36558.95,3655.9,32903.05,15335.06,166.06,553.75,16054.87,553.75,16848.18,48.79,SAFE,CGWB2025,2025,https://cgwb.gov.in/cgwbpnm/publication-detail/1741,OFFICIAL_DISTRICT_AGGREGATE
Haryana,Sirsa,20833.05,20539.47,1280.52,23932.27,66585.31,5710.8,60874.51,94616.36,266.07,2346.38,97228.81,2346.38,3039.55,159.72,OVER_EXPLOITED,CGWB2025,2025,https://cgwb.gov.in/cgwbpnm/publication-detail/1741,OFFICIAL_DISTRICT_AGGREGATE
Haryana,Sonipat,17587.89,27945.03,1667.64,21891.97,69092.53,6909.26,62183.27,57721.29,939.29,8951.35,67611.93,8951.35,5917.95,108.73,OVER_EXPLOITED,CGWB2025,2025,https://cgwb.gov.in/cgwbpnm/publication-detail/1741,OFFICIAL_DISTRICT_AGGREGATE
Haryana,Yamuna Nagar,19668.45,16030.64,5197.82,17881.39,58778.3,5877.82,52900.48,63043.94,2340.0,5072.96,70456.9,5072.96,2761.06,133.19,OVER_EXPLOITED,CGWB2025,2025,https://cgwb.gov.in/cgwbpnm/publication-detail/1741,OFFICIAL_DISTRICT_AGGREGATE
Himachal Pradesh,Kangra,30927.94,8167.85,6602.99,9894.2,55592.98,5559.29,50033.69,6551.48,40.71,5830.34,12422.53,5830.34,37611.16,24.82833067,SAFE,CGWB2025,2025,https://cgwb.gov.in/cgwbpnm/publication-detail/1741,OFFICIAL_DISTRICT_AGGREGATE
Himachal Pradesh,Mandi,2853.77,2231.97,919.3,1943.38,7948.42,794.85,7153.57,314.55,0.0,962.42,1276.97,962.42,5876.6,17.85080736,SAFE,CGWB2025,2025,https://cgwb.gov.in/cgwbpnm/publication-detail/1741,OFFICIAL_DISTRICT_AGGREGATE
Himachal Pradesh,Sirmour,9433.4,114.73,904.1,134.6,10586.83,962.26,9624.57,807.54,543.88,1127.18,2478.6,1127.18,7145.97,25.75283883,SAFE,CGWB2025,2025,https://cgwb.gov.in/cgwbpnm/publication-detail/1741,OFFICIAL_DISTRICT_AGGREGATE
Himachal Pradesh,Solan,5899.29,4308.55,1567.81,4356.75,16132.4,1613.24,14519.16,2730.96,5953.38,1250.88,9935.22,1250.88,4583.94,68.42833883,SAFE,CGWB2025,2025,https://cgwb.gov.in/cgwbpnm/publication-detail/1741,OFFICIAL_DISTRICT_AGGREGATE
Himachal Pradesh,Una,12121.03,3216.27,2671.28,3560.36,21568.94,2156.9,19412.04,8992.39,166.01,3519.24,12677.64,3519.24,6734.4,65.30812836,SAFE,CGWB2025,2025,https://cgwb.gov.in/cgwbpnm/publication-detail/1741,OFFICIAL_DISTRICT_AGGREGATE
Jharkhand,Bokaro,15774.46,1595.77,1993.99,1181.35,20545.57,1960.87,18584.7,2413.0,2213.91,4563.81,9190.74,4594.96,9958.02,49.45,SAFE,CGWB2025,2025,https://cgwb.gov.in/cgwbpnm/publication-detail/1741,OFFICIAL_DISTRICT_AGGREGATE
Jharkhand,Chatra,19539.98,2678.08,755.28,2522.42,25495.76,2031.83,23463.93,6531.0,1115.22,2093.09,9739.32,2107.37,13710.34,41.51,SAFE,CGWB2025,2025,https://cgwb.gov.in/cgwbpnm/publication-detail/1741,OFFICIAL_DISTRICT_AGGREGATE
Jharkhand,Deoghar,12720.73,1416.8,1331.1,1489.23,16957.86,1049.72,15908.14,5460.63,87.66,3077.81,8626.07,3098.82,7261.06,54.22,SAFE,CGWB2025,2025,https://cgwb.gov.in/cgwbpnm/publication-detail/1741,OFFICIAL_DISTRICT_AGGREGATE
Jharkhand,Dhanbad,18908.14,3880.14,1409.48,3848.79,28046.55,1677.16,26369.39,2974.0,10628.11,6079.01,19681.13,6120.49,6848.07,74.64,SEMI_CRITICAL,CGWB2025,2025,https://cgwb.gov.in/cgwbpnm/publication-detail/1741,OFFICIAL_DISTRICT_AGGREGATE
Jharkhand,Dumka,24069.13,2930.22,3891.71,1682.76,32573.82,2600.22,29973.6,3742.25,23.62,2657.3,6423.17,2675.43,23532.32,21.43,SAFE,CGWB2025,2025,https://cgwb.gov.in/cgwbpnm/publication-detail/1741,OFFICIAL_DISTRICT_AGGREGATE
Jharkhand,East Singhbhum,23135.83,1469.56,2752.11,1350.14,28707.64,2401.5,26306.14,1860.0,758.04,5165.52,7783.56,5200.77,18965.5,29.59,SAFE,CGWB2025,2025,https://cgwb.gov.in/cgwbpnm/publication-detail/1741,OFFICIAL_DISTRICT_AGGREGATE
Jharkhand,Garhwa,22708.14,2569.57,1295.9,2475.06,29048.67,2437.85,26610.82,7326.88,60.53,2525.26,9912.65,2542.49,16680.93,37.25,SAFE,CGWB2025,2025,https://cgwb.gov.in/cgwbpnm/publication-detail/1741,OFFICIAL_DISTRICT_AGGREGATE
Jharkhand,Giridih,32642.19,3211.82,2204.78,2688.62,40747.41,2870.71,37876.71,8761.88,1561.76,4937.97,15261.61,4971.66,22581.41,40.29,SAFE,CGWB2025,2025,https://cgwb.gov.in/cgwbpnm/publication-detail/1741,OFFICIAL_DISTRICT_AGGREGATE
Jharkhand,Godda,18857.32,1757.05,1626.54,1032.54,23273.45,1890.05,21383.4,1869.0,258.6,2629.16,4756.77,2647.1,16608.69,22.25,SAFE,CGWB2025,2025,https://cgwb.gov.in/cgwbpnm/publication-detail/1741,OFFICIAL_DISTRICT_AGGREGATE
Jharkhand,Gumla,29092.56,707.35,3499.41,998.65,34297.97,2840.62,31457.35,3789.5,12.54,1962.01,5764.02,1975.39,25679.95,18.32,SAFE,CGWB2025,2025,https://cgwb.gov.in/cgwbpnm/publication-detail/1741,OFFICIAL_DISTRICT_AGGREGATE
Jharkhand,Hazaribagh,28156.41,2122.3,2209.45,2476.97,34965.13,2920.66,32044.47,7851.38,470.25,3565.5,11887.15,3589.85,20132.99,37.1,SAFE,CGWB2025,2025,https://cgwb.gov.in/cgwbpnm/publication-detail/1741,OFFICIAL_DISTRICT_AGGREGATE
Jharkhand,Jamtara,5890.74,1368.34,829.68,947.7,9036.46,722.03,8314.43,2280.25,10.16,1601.47,3891.87,1612.39,4411.65,46.81,SAFE,CGWB2025,2025,https://cgwb.gov.in/cgwbpnm/publication-detail/1741,OFFICIAL_DISTRICT_AGGREGATE
Jharkhand,Khunti,10907.29,658.81,1075.88,738.68,13380.66,956.32,12424.34,2385.0,12.59,1073.87,3471.44,1081.2,8945.56,27.94,SAFE,CGWB2025,2025,https://cgwb.gov.in/cgwbpnm/publication-detail/1741,OFFICIAL_DISTRICT_AGGREGATE
Jharkhand,Koderma,5376.84,494.98,434.49,734.32,7040.63,473.24,6567.39,2533.88,98.94,1485.99,4118.8,1496.14,2438.44,62.72,SAFE,CGWB2025,2025,https://cgwb.gov.in/cgwbpnm/publication-detail/1741,OFFICIAL_DISTRICT_AGGREGATE
Jharkhand,Latehar,19269.06,2498.15,1493.79,1915.24,25176.24,2227.54,22948.7,5109.0,105.74,1463.0,6677.76,1473.0,16260.95,29.1,SAFE,CGWB2025,2025,https://cgwb.gov.in/cgwbpnm/publication-detail/1741,OFFICIAL_DISTRICT_AGGREGATE
Jharkhand,Lohardaga,17592.45,505.26,1382.32,590.3,20070.33,1899.12,18171.21,1833.5,8.17,941.42,2783.09,947.83,15381.7,15.32,SAFE,CGWB2025,2025,https://cgwb.gov.in/cgwbpnm/publication-detail/1741,OFFICIAL_DISTRICT_AGGREGATE
Jharkhand,Pakur,21124.8,1425.7,2685.38,908.5,26144.38,2614.45,23529.93,1911.5,28.46,1663.5,3603.45,1674.86,19915.12,15.31,SAFE,CGWB2025,2025,https://cgwb.gov.in/cgwbpnm/publication-detail/1741,OFFICIAL_DISTRICT_AGGREGATE
Jharkhand,Palamau,23402.99,6463.85,1463.36,2647.87,33978.07,2563.48,31414.59,7302.5,217.36,3947.18,11467.05,3974.13,19920.59,36.5,SAFE,CGWB2025,2025,https://cgwb.gov.in/cgwbpnm/publication-detail/1741,OFFICIAL_DISTRICT_AGGREGATE
Jharkhand,Ramgarh,7991.92,1306.86,779.56,1354.74,11433.08,844.55,10588.53,1457.0,3026.56,2084.3,6567.88,2098.53,4049.02,62.03,SAFE,CGWB2025,2025,https://cgwb.gov.in/cgwbpnm/publication-detail/1741,OFFICIAL_DISTRICT_AGGREGATE
Jharkhand,Ranchi,31345.89,2568.73,3313.74,3164.87,40393.23,3804.19,36589.04,8710.13,1694.99,6383.38,16788.48,6426.95,19757.01,45.88,SAFE,CGWB2025,2025,https://cgwb.gov.in/cgwbpnm/publication-detail/1741,OFFICIAL_DISTRICT_AGGREGATE
Jharkhand,Sahebganj,24431.43,2920.8,2059.93,1390.49,30802.65,2486.84,28315.81,2207.0,50.29,2353.8,4611.11,2369.87,23688.63,16.28,SAFE,CGWB2025,2025,https://cgwb.gov.in/cgwbpnm/publication-detail/1741,OFFICIAL_DISTRICT_AGGREGATE
Jharkhand,Saraikela Kharsawan,13775.6,791.54,2406.28,525.2,17498.62,1551.01,15947.61,1099.5,527.18,2233.69,3860.36,2248.93,12072.0,24.21,SAFE,CGWB2025,2025,https://cgwb.gov.in/cgwbpnm/publication-detail/1741,OFFICIAL_DISTRICT_AGGREGATE
Jharkhand,Simdega,20840.12,569.18,737.13,626.96,22773.39,2277.35,20496.04,2034.0,0.0,1206.7,3240.72,1214.92,17247.11,15.81,SAFE,CGWB2025,2025,https://cgwb.gov.in/cgwbpnm/publication-detail/1741,OFFICIAL_DISTRICT_AGGREGATE
Jharkhand,West Singhbhum,35168.71,1477.39,4640.84,992.18,42279.12,4159.43,38119.69,2087.5,29.84,3078.17,5195.5,3099.15,32903.21,13.63,SAFE,CGWB2025,2025,https://cgwb.gov.in/cgwbpnm/publication-detail/1741,OFFICIAL_DISTRICT_AGGREGATE
Karnataka,Bagalkot,19955.05,22326.58,2434.48,23806.39,68522.5,6852.23,61670.26,44115.2,28.29,4504.22,48647.69,5314.48,26084.54,78.88,SEMI_CRITICAL,CGWB2025,2025,https://cgwb.gov.in/cgwbpnm/publication-detail/1741,OFFICIAL_DISTRICT_AGGREGATE
Karnataka,Ballari,14161.36,48179.73,2246.94,8252.36,72840.39,7284.04,65556.34,14180.0,494.02,2004.96,16678.97,2682.16,48513.17,25.44,SAFE,CGWB2025,2025,https://cgwb.gov.in/cgwbpnm/publication-detail/1741,OFFICIAL_DISTRICT_AGGREGATE
Karnataka,Belagavi,46384.33,23906.86,15202.13,33332.42,118825.74,11341.04,107484.71,62577.71,238.31,12881.04,75697.07,18974.31,34681.89,70.43,SEMI_CRITICAL,CGWB2025,2025,https://cgwb.gov.in/cgwbpnm/publication-detail/1741,OFFICIAL_DISTRICT_AGGREGATE
Karnataka,Bengaluru (Rural),8120.29,2224.34,5525.17,2808.76,18678.56,1867.87,16810.69,20734.62,1287.35,2652.04,24673.99,3399.71,0.0,146.78,OVER_EXPLOITED,CGWB2025,2025,https://cgwb.gov.in/cgwbpnm/publication-detail/1741,OFFICIAL_DISTRICT_AGGREGATE
Karnataka,Bengaluru (Urban),8026.4,8893.7,5338.78,12006.52,34265.4,3426.56,30838.84,24744.05,13701.82,16223.9,54669.77,18261.46,0.0,177.28,OVER_EXPLOITED,CGWB2025,2025,https://cgwb.gov.in/cgwbpnm/publication-detail/1741,OFFICIAL_DISTRICT_AGGREGATE
Karnataka,Bengaluru South,9380.97,19522.7,7617.81,18047.38,54568.86,5456.9,49111.96,41644.03,1020.6,2116.22,44780.88,2544.57,7030.42,91.18,CRITICAL,CGWB2025,2025,https://cgwb.gov.in/cgwbpnm/publication-detail/1741,OFFICIAL_DISTRICT_AGGREGATE
Karnataka,Bidar,30701.72,3410.59,300.09,3562.11,37974.51,3779.31,34195.2,18742.76,70.13,4434.3,23247.19,5035.73,10428.61,67.98,SAFE,CGWB2025,2025,https://cgwb.gov.in/cgwbpnm/publication-detail/1741,OFFICIAL_DISTRICT_AGGREGATE
Karnataka,Chamarajanagara,18845.54,9381.38,5574.73,5913.31,39714.96,3636.26,36078.7,29549.29,30.05,2303.92,31883.25,2612.97,5738.57,88.37,SEMI_CRITICAL,CGWB2025,2025,https://cgwb.gov.in/cgwbpnm/publication-detail/1741,OFFICIAL_DISTRICT_AGGREGATE
Karnataka,Chikkaballapura,19611.47,5314.85,3377.37,5867.23,34170.92,3417.09,30753.83,47775.69,121.38,3049.24,50946.32,3676.69,0.0,165.66,OVER_EXPLOITED,CGWB2025,2025,https://cgwb.gov.in/cgwbpnm/publication-detail/1741,OFFICIAL_DISTRICT_AGGREGATE
Karnataka,Chikkamagaluru,27186.64,22319.78,3410.81,14855.74,67772.97,6418.13,61354.84,31107.88,202.89,2561.92,33872.68,3179.87,27930.97,55.21,SAFE,CGWB2025,2025,https://cgwb.gov.in/cgwbpnm/publication-detail/1741,OFFICIAL_DISTRICT_AGGREGATE
Karnataka,Chitradurga,25525.47,7512.67,5056.35,5446.17,43540.66,4219.32,39321.35,48219.48,115.51,3979.42,52314.42,4750.21,993.25,133.04,OVER_EXPLOITED,CGWB2025,2025,https://cgwb.gov.in/cgwbpnm/publication-detail/1741,OFFICIAL_DISTRICT_AGGREGATE
Karnataka,Dakshina Kannada,54474.77,4104.77,9377.92,5370.42,73327.88,7332.79,65995.09,24888.19,53.12,5224.75,30166.07,6522.93,34530.84,45.71,SAFE,CGWB2025,2025,https://cgwb.gov.in/cgwbpnm/publication-detail/1741,OFFICIAL_DISTRICT_AGGREGATE
Karnataka,Davanagere,15414.75,30011.55,3087.02,15194.71,63708.03,5913.01,57795.01,47283.4,229.09,3685.54,51198.05,4116.29,18679.34,88.59,SEMI_CRITICAL,CGWB2025,2025,https://cgwb.gov.in/cgwbpnm/publication-detail/1741,OFFICIAL_DISTRICT_AGGREGATE
Karnataka,Dharwad,16151.93,7311.86,3511.75,6093.2,33068.74,3306.87,29761.87,14704.28,116.21,2098.97,16919.44,2375.78,12565.62,56.85,SAFE,CGWB2025,2025,https://cgwb.gov.in/cgwbpnm/publication-detail/1741,OFFICIAL_DISTRICT_AGGREGATE
Karnataka,Gadag,13262.45,9448.41,4545.35,8243.63,35499.84,2947.37,32552.47,23830.34,31.24,685.34,24546.92,965.47,9718.16,75.41,SEMI_CRITICAL,CGWB2025,2025,https://cgwb.gov.in/cgwbpnm/publication-detail/1741,OFFICIAL_DISTRICT_AGGREGATE
Karnataka,Hassan,30771.73,28606.07,2101.38,25900.81,87379.99,8238.69,79141.3,47437.44,40.27,1173.29,48651.01,1306.44,34513.64,61.47,SAFE,CGWB2025,2025,https://cgwb.gov.in/cgwbpnm/publication-detail/1741,OFFICIAL_DISTRICT_AGGREGATE
Karnataka,Haveri,18635.33,33878.57,6383.89,4414.93,63312.72,6331.31,56981.41,34681.2,73.02,2023.71,36777.92,2954.24,21424.5,64.54,SAFE,CGWB2025,2025,https://cgwb.gov.in/cgwbpnm/publication-detail/1741,OFFICIAL_DISTRICT_AGGREGATE
Karnataka,Kalburgi,56793.37,7126.23,1083.62,9893.16,74896.38,7470.97,67425.4,23757.91,47.7,7364.83,31170.45,9368.91,34781.58,46.23,SAFE,CGWB2025,2025,https://cgwb.gov.in/cgwbpnm/publication-detail/1741,OFFICIAL_DISTRICT_AGGREGATE
Karnataka,Kodagu,18721.01,2985.08,25.43,1796.86,23528.38,2235.5,21292.87,6548.07,94.88,936.68,7579.65,1063.27,13586.64,35.6,SAFE,CGWB2025,2025,https://cgwb.gov.in/cgwbpnm/publication-detail/1741,OFFICIAL_DISTRICT_AGGREGATE
Karnataka,Kolara,17117.2,6057.28,4241.57,9287.01,36703.06,3670.31,33032.75,56505.97,226.97,4189.65,60922.59,4970.25,0.0,184.43,OVER_EXPLOITED,CGWB2025,2025,https://cgwb.gov.in/cgwbpnm/publication-detail/1741,OFFICIAL_DISTRICT_AGGREGATE
Karnataka,Koppal,17485.25,35049.88,2300.22,11435.65,66271.0,6414.77,59856.23,33573.37,277.51,2832.53,36683.4,3510.48,26672.58,61.29,SAFE,CGWB2025,2025,https://cgwb.gov.in/cgwbpnm/publication-detail/1741,OFFICIAL_DISTRICT_AGGREGATE
Karnataka,Mandya,18754.05,24498.77,2610.06,23800.41,69663.29,6532.1,63131.17,37500.42,97.06,3972.93,41570.44,4250.23,24581.81,65.85,SAFE,CGWB2025,2025,https://cgwb.gov.in/cgwbpnm/publication-detail/1741,OFFICIAL_DISTRICT_AGGREGATE
Karnataka,Mysuru,27606.2,33039.3,3400.87,9152.57,73198.94,7178.54,66020.4,27877.79,92.69,3020.86,30991.33,3724.44,34569.38,46.94,SAFE,CGWB2025,2025,https://cgwb.gov.in/cgwbpnm/publication-detail/1741,OFFICIAL_DISTRICT_AGGREGATE
Karnataka,Raichur,29358.45,36214.24,6114.32,14817.5,86504.51,8020.99,78483.52,30947.4,182.69,3369.77,34499.85,4733.05,44519.05,43.96,SAFE,CGWB2025,2025,https://cgwb.gov.in/cgwbpnm/publication-detail/1741,OFFICIAL_DISTRICT_AGGREGATE
Karnataka,Shivamogga,61870.36,27913.35,1291.5,17161.21,108236.42,10121.35,98115.07,38619.49,272.5,2714.47,41606.45,2983.71,58814.47,42.41,SAFE,CGWB2025,2025,https://cgwb.gov.in/cgwbpnm/publication-detail/1741,OFFICIAL_DISTRICT_AGGREGATE
Karnataka,Tumakuru,44114.92,11757.15,9353.24,19774.5,84999.81,8499.99,76499.82,63903.47,178.86,5861.53,69943.86,6890.37,14516.09,91.43,CRITICAL,CGWB2025,2025,https://cgwb.gov.in/cgwbpnm/publication-detail/1741,OFFICIAL_DISTRICT_AGGREGATE
Karnataka,Udupi,43394.11,5175.71,627.9,5568.89,54766.61,5476.67,49289.94,13997.69,61.3,2124.74,16183.73,2311.02,32919.93,32.83,SAFE,CGWB2025,2025,https://cgwb.gov.in/cgwbpnm/publication-detail/1741,OFFICIAL_DISTRICT_AGGREGATE
Karnataka,Uttara Kannada,81037.76,4722.29,1196.29,5767.65,92723.99,8951.92,83772.07,22383.84,29.38,3167.21,25580.44,3425.79,57933.07,30.54,SAFE,CGWB2025,2025,https://cgwb.gov.in/cgwbpnm/publication-detail/1741,OFFICIAL_DISTRICT_AGGREGATE
Karnataka,Vijayanagara,19538.19,11901.93,2873.16,9071.7,43384.98,3581.3,39803.68,30492.0,32.16,1592.66,32116.83,1905.18,9296.3,80.69,SEMI_CRITICAL,CGWB2025,2025,https://cgwb.gov.in/cgwbpnm/publication-detail/1741,OFFICIAL_DISTRICT_AGGREGATE
Karnataka,Vijayapura,68224.04,23018.1,532.62,13658.96,105433.72,10127.02,95306.7,37653.59,62.05,5132.66,42848.26,6018.67,53322.28,44.96,SAFE,CGWB2025,2025,https://cgwb.gov.in/cgwbpnm/publication-detail/1741,OFFICIAL_DISTRICT_AGGREGATE
Karnataka,Yadgir,21439.57,21271.69,1813.51,15449.95,59974.72,5997.46,53977.25,16232.65,1172.5,3139.79,20544.93,3988.53,33553.18,38.06,SAFE,CGWB2025,2025,https://cgwb.gov.in/cgwbpnm/publication-detail/1741,OFFICIAL_DISTRICT_AGGREGATE
Kerala,Alappuzha,27860.11,326.24,4108.42,6677.18,38971.95,3259.36,35712.59,3737.24,262.62,9283.29,13283.16,9382.1,22330.61,37.19,SAFE,CGWB2025,2025,https://cgwb.gov.in/cgwbpnm/publication-detail/1741,OFFICIAL_DISTRICT_AGGREGATE
Kerala,Ernakulam,37052.03,939.65,3100.33,4884.7,45976.71,4512.38,41464.33,7933.27,261.8,9448.83,17643.89,10064.28,23205.0,42.55,SAFE,CGWB2025,2025,https://cgwb.gov.in/cgwbpnm/publication-detail/1741,OFFICIAL_DISTRICT_AGGREGATE
Kerala,Idukki,13218.59,1694.41,704.02,7167.42,22784.44,2278.44,20506.0,6066.22,13.27,4058.16,10137.66,4058.16,10368.34,49.44,SAFE,CGWB2025,2025,https://cgwb.gov.in/cgwbpnm/publication-detail/1741,OFFICIAL_DISTRICT_AGGREGATE
Kerala,Kannur,38291.68,939.86,0.0,3275.14,42506.68,4250.67,38256.01,8412.76,48.01,8908.9,17369.68,9411.41,20383.82,45.4,SAFE,CGWB2025,2025,https://cgwb.gov.in/cgwbpnm/publication-detail/1741,OFFICIAL_DISTRICT_AGGREGATE
Kerala,Kasargod,26449.07,2086.1,0.0,6173.36,34708.53,3470.86,31237.67,16504.2,4.53,5160.16,21668.9,5670.65,9058.29,69.37,SAFE,CGWB2025,2025,https://cgwb.gov.in/cgwbpnm/publication-detail/1741,OFFICIAL_DISTRICT_AGGREGATE
Kerala,Kollam,26038.46,961.32,6063.32,2762.31,35825.41,3489.69,32335.72,4994.44,29.91,10273.31,15297.66,10501.9,16809.47,47.31,SAFE,CGWB2025,2025,https://cgwb.gov.in/cgwbpnm/publication-detail/1741,OFFICIAL_DISTRICT_AGGREGATE
Kerala,Kottayam,28554.94,1650.11,7186.99,4790.95,42182.99,3958.41,38224.58,4897.69,15.72,7485.03,12398.4,7647.26,25663.94,32.44,SAFE,CGWB2025,2025,https://cgwb.gov.in/cgwbpnm/publication-detail/1741,OFFICIAL_DISTRICT_AGGREGATE
Kerala,Kozhikkode,31090.19,566.54,0.0,1521.53,33178.26,3225.61,29952.65,4722.3,6.21,12677.02,17405.51,13759.26,11464.9,58.11,SAFE,CGWB2025,2025,https://cgwb.gov.in/cgwbpnm/publication-detail/1741,OFFICIAL_DISTRICT_AGGREGATE
Kerala,Malappuram,39178.9,979.78,81.79,7403.31,47643.78,4634.9,43008.88,10467.39,6.77,18654.33,29128.51,21715.91,10818.79,67.73,SAFE,CGWB2025,2025,https://cgwb.gov.in/cgwbpnm/publication-detail/1741,OFFICIAL_DISTRICT_AGGREGATE
Kerala,Palakkad,33645.1,2235.55,2464.27,23041.91,61386.83,5735.02,55651.81,18393.87,612.5,12315.44,31321.81,13378.72,23266.72,56.28,SAFE,CGWB2025,2025,https://cgwb.gov.in/cgwbpnm/publication-detail/1741,OFFICIAL_DISTRICT_AGGREGATE
Kerala,Pathanamthitta,18118.49,891.84,4779.85,2081.6,25871.78,2484.44,23387.34,3776.15,8.62,3507.55,7292.32,3507.54,16095.02,31.18,SAFE,CGWB2025,2025,https://cgwb.gov.in/cgwbpnm/publication-detail/1741,OFFICIAL_DISTRICT_AGGREGATE
Kerala,Thiruvananthapuram,19327.85,1458.16,3179.56,3718.12,27683.69,2545.62,25138.07,4892.46,8.88,10876.79,15778.16,11406.79,8829.9,62.77,SAFE,CGWB2025,2025,https://cgwb.gov.in/cgwbpnm/publication-detail/1741,OFFICIAL_DISTRICT_AGGREGATE
Kerala,Thrissur,45146.91,1655.32,92.25,15961.79,62856.27,5836.72,57019.55,21114.8,52.02,11308.27,32475.08,11912.76,23940.0,56.95,SAFE,CGWB2025,2025,https://cgwb.gov.in/cgwbpnm/publication-detail/1741,OFFICIAL_DISTRICT_AGGREGATE
Kerala,Wayanad,22538.83,595.91,0.0,773.01,23907.75,2390.78,21516.97,1682.38,0.75,3561.78,5244.91,3752.99,16080.84,24.38,SAFE,CGWB2025,2025,https://cgwb.gov.in/cgwbpnm/publication-detail/1741,OFFICIAL_DISTRICT_AGGREGATE
Madhya Pradesh,Agar Malwa,31097.48,2679.95,0.0,9528.65,43306.08,2165.31,41140.77,36454.0,6.45,1715.31,38175.78,2025.47,5678.15,92.79,CRITICAL,CGWB2025,2025,https://cgwb.gov.in/cgwbpnm/publication-detail/1741,OFFICIAL_DISTRICT_AGGREGATE
Madhya Pradesh,Alirajpur,21271.97,805.47,0.0,2015.32,24092.76,1204.63,22888.13,7619.83,0.0,1971.51,9591.32,2514.54,12753.79,41.91,SAFE,CGWB2025,2025,https://cgwb.gov.in/cgwbpnm/publication-detail/1741,OFFICIAL_DISTRICT_AGGREGATE
Madhya Pradesh,Anuppur,26948.02,238.82,0.0,473.83,27660.67,1383.04,26277.63,1712.62,3929.08,1595.96,7237.68,1708.04,18927.87,27.54,SAFE,CGWB2025,2025,https://cgwb.gov.in/cgwbpnm/publication-detail/1741,OFFICIAL_DISTRICT_AGGREGATE
Madhya Pradesh,Ashoknagar,29635.49,2664.14,0.0,8857.67,41157.3,2057.88,39099.42,22585.12,1.41,1875.89,24462.42,2283.76,14229.14,62.56,SAFE,CGWB2025,2025,https://cgwb.gov.in/cgwbpnm/publication-detail/1741,OFFICIAL_DISTRICT_AGGREGATE
Madhya Pradesh,Balaghat,68427.69,4013.45,224.2,3226.79,75892.13,4367.25,71524.88,12633.78,431.88,3941.24,17006.89,4483.03,53976.21,23.78,SAFE,CGWB2025,2025,https://cgwb.gov.in/cgwbpnm/publication-detail/1741,OFFICIAL_DISTRICT_AGGREGATE
Madhya Pradesh,Barwani,32945.09,3758.78,0.0,19353.49,56057.36,3088.67,52968.69,33566.15,37.99,3882.27,37486.44,5493.8,18614.05,70.77,SEMI_CRITICAL,CGWB2025,2025,https://cgwb.gov.in/cgwbpnm/publication-detail/1741,OFFICIAL_DISTRICT_AGGREGATE
Madhya Pradesh,Betul,80910.46,4535.11,2418.12,16614.57,104478.26,5289.46,99188.8,46309.19,168.93,3818.67,50296.81,4563.49,48147.18,50.71,SAFE,CGWB2025,2025,https://cgwb.gov.in/cgwbpnm/publication-detail/1741,OFFICIAL_DISTRICT_AGGREGATE
Madhya Pradesh,Bhind,80896.78,1892.58,0.0,14028.8,96818.16,5623.99,91194.17,26304.68,248.88,3661.22,30214.8,4431.6,60208.99,33.13,SAFE,CGWB2025,2025,https://cgwb.gov.in/cgwbpnm/publication-detail/1741,OFFICIAL_DISTRICT_AGGREGATE
Madhya Pradesh,Bhopal,29566.01,2444.22,0.0,6625.03,38635.26,1931.76,36703.5,23859.36,850.93,5307.48,30017.75,7162.4,6240.18,81.78,SEMI_CRITICAL,CGWB2025,2025,https://cgwb.gov.in/cgwbpnm/publication-detail/1741,OFFICIAL_DISTRICT_AGGREGATE
Madhya Pradesh,Burhanpur,25259.37,3679.16,264.63,8324.89,37528.05,1876.4,35651.65,22744.77,71.04,1787.74,24603.54,2299.19,10536.66,69.01,SAFE,CGWB2025,2025,https://cgwb.gov.in/cgwbpnm/publication-detail/1741,OFFICIAL_DISTRICT_AGGREGATE
Madhya Pradesh,Chhatarpur,65846.1,5356.76,53.68,17531.88,88788.42,4446.79,84341.63,51056.07,94.58,3206.85,54357.51,4066.0,29124.97,64.45,SAFE,CGWB2025,2025,https://cgwb.gov.in/cgwbpnm/publication-detail/1741,OFFICIAL_DISTRICT_AGGREGATE
Madhya Pradesh,Chhindwara,71154.24,3531.34,2670.01,10904.95,88260.54,5379.18,82881.36,44818.77,548.89,4626.88,49994.57,5620.48,32121.99,60.32,SAFE,CGWB2025,2025,https://cgwb.gov.in/cgwbpnm/publication-detail/1741,OFFICIAL_DISTRICT_AGGREGATE
Madhya Pradesh,Damoh,28419.29,2320.26,0.0,9489.6,40229.15,2011.43,38217.72,19697.28,307.52,2399.01,22403.86,3246.52,14966.35,58.62,SAFE,CGWB2025,2025,https://cgwb.gov.in/cgwbpnm/publication-detail/1741,OFFICIAL_DISTRICT_AGGREGATE
Madhya Pradesh,Datia,41487.17,1070.3,0.0,7468.31,50025.78,3065.65,46960.13,13868.28,33.36,1825.37,15727.01,2327.61,30730.88,33.49,SAFE,CGWB2025,2025,https://cgwb.gov.in/cgwbpnm/publication-detail/1741,OFFICIAL_DISTRICT_AGGREGATE
Madhya Pradesh,Dewas,67234.11,4977.85,0.0,15760.22,87972.18,4398.62,83573.56,62564.27,98.91,4431.39,67094.58,5525.59,17771.67,80.28,SEMI_CRITICAL,CGWB2025,2025,https://cgwb.gov.in/cgwbpnm/publication-detail/1741,OFFICIAL_DISTRICT_AGGREGATE
Madhya Pradesh,Dhar,85178.2,6906.39,0.0,45731.68,137816.27,6890.83,130925.45,80323.03,635.01,6289.38,87247.38,8578.17,53799.04,66.64,SAFE,CGWB2025,2025,https://cgwb.gov.in/cgwbpnm/publication-detail/1741,OFFICIAL_DISTRICT_AGGREGATE
Madhya Pradesh,Dindori,30518.97,483.89,288.23,860.75,32151.84,1607.59,30544.25,2486.4,0.18,1911.12,4397.69,2452.47,25605.21,14.4,SAFE,CGWB2025,2025,https://cgwb.gov.in/cgwbpnm/publication-detail/1741,OFFICIAL_DISTRICT_AGGREGATE
Madhya Pradesh,Guna,67184.67,5820.6,0.0,18376.34,91381.61,4569.09,86812.52,54955.8,259.91,2615.96,57831.65,3334.02,28262.81,66.62,SAFE,CGWB2025,2025,https://cgwb.gov.in/cgwbpnm/publication-detail/1741,OFFICIAL_DISTRICT_AGGREGATE
Madhya Pradesh,Gwalior,55061.72,8276.21,390.68,18878.75,82607.36,4130.36,78476.99,19950.6,293.43,5691.81,25935.85,7714.38,52057.45,33.05,SAFE,CGWB2025,2025,https://cgwb.gov.in/cgwbpnm/publication-detail/1741,OFFICIAL_DISTRICT_AGGREGATE
Madhya Pradesh,Harda,28320.51,3070.92,0.0,16088.99,47480.42,2374.01,45106.41,15649.98,16.17,1284.45,16950.58,1625.49,27814.79,37.58,SAFE,CGWB2025,2025,https://cgwb.gov.in/cgwbpnm/publication-detail/1741,OFFICIAL_DISTRICT_AGGREGATE
Madhya Pradesh,Hoshangabad,136667.75,7809.96,0.0,42144.28,186621.99,9331.1,177290.89,44784.45,18.64,2306.7,47109.77,2579.41,129908.41,26.57,SAFE,CGWB2025,2025,https://cgwb.gov.in/cgwbpnm/publication-detail/1741,OFFICIAL_DISTRICT_AGGREGATE
Madhya Pradesh,Indore,41044.0,4630.53,0.0,12921.88,58596.41,2929.81,55666.6,55864.13,1572.62,8226.17,65662.91,12514.91,2527.46,117.96,OVER_EXPLOITED,CGWB2025,2025,https://cgwb.gov.in/cgwbpnm/publication-detail/1741,OFFICIAL_DISTRICT_AGGREGATE
Madhya Pradesh,Jabalpur,52640.44,2511.66,0.0,9346.29,64498.39,3224.92,61273.47,27777.04,339.03,5961.31,34077.38,8418.55,26648.64,55.62,SAFE,CGWB2025,2025,https://cgwb.gov.in/cgwbpnm/publication-detail/1741,OFFICIAL_DISTRICT_AGGREGATE
Madhya Pradesh,Jhabua,23620.14,1363.58,0.0,5059.13,30042.85,1502.13,28540.72,9520.64,6.4,2933.29,12460.33,4253.36,14760.32,43.66,SAFE,CGWB2025,2025,https://cgwb.gov.in/cgwbpnm/publication-detail/1741,OFFICIAL_DISTRICT_AGGREGATE
Madhya Pradesh,Katni,35739.66,1910.66,0.0,5018.6,42668.92,2133.44,40535.48,15241.96,887.96,2881.7,19011.64,3702.7,20702.83,46.9,SAFE,CGWB2025,2025,https://cgwb.gov.in/cgwbpnm/publication-detail/1741,OFFICIAL_DISTRICT_AGGREGATE
Madhya Pradesh,Khandwa,55029.26,4575.84,0.0,62682.58,122287.68,8913.5,113374.18,41893.81,50.96,3159.35,45104.11,4052.16,67427.31,39.78,SAFE,CGWB2025,2025,https://cgwb.gov.in/cgwbpnm/publication-detail/1741,OFFICIAL_DISTRICT_AGGREGATE
Madhya Pradesh,Khargone,57012.74,6402.02,0.0,37160.58,100575.34,5028.78,95546.56,38050.67,78.26,4667.8,42796.69,6031.85,51385.83,44.79,SAFE,CGWB2025,2025,https://cgwb.gov.in/cgwbpnm/publication-detail/1741,OFFICIAL_DISTRICT_AGGREGATE
Madhya Pradesh,Maihar,17748.95,725.06,330.74,3867.5,22672.25,1496.71,21175.54,11878.56,1094.1,1896.57,14869.25,2367.21,5835.65,70.22,SEMI_CRITICAL,CGWB2025,2025,https://cgwb.gov.in/cgwbpnm/publication-detail/1741,OFFICIAL_DISTRICT_AGGREGATE
Madhya Pradesh,Mandla,39196.2,1180.58,453.58,4402.25,45232.61,2261.64,42970.97,7672.1,9.47,2612.76,10294.33,3212.79,32076.62,23.96,SAFE,CGWB2025,2025,https://cgwb.gov.in/cgwbpnm/publication-detail/1741,OFFICIAL_DISTRICT_AGGREGATE
Madhya Pradesh,Mandsaur,47958.94,6131.74,0.0,17280.3,71370.98,3568.56,67802.42,64138.11,73.49,3540.9,67752.51,4146.05,7622.55,99.93,CRITICAL,CGWB2025,2025,https://cgwb.gov.in/cgwbpnm/publication-detail/1741,OFFICIAL_DISTRICT_AGGREGATE
Madhya Pradesh,Mauganj,12512.92,361.68,40.6,1321.96,14237.16,711.87,13525.29,5614.66,15.3,1571.01,7200.98,2085.08,5810.23,53.24,SAFE,CGWB2025,2025,https://cgwb.gov.in/cgwbpnm/publication-detail/1741,OFFICIAL_DISTRICT_AGGREGATE
Madhya Pradesh,Morena,53655.54,2126.28,0.0,22314.33,78096.15,3904.81,74191.34,23816.86,1368.77,6080.79,31266.43,7909.65,41096.06,42.14,SAFE,CGWB2025,2025,https://cgwb.gov.in/cgwbpnm/publication-detail/1741,OFFICIAL_DISTRICT_AGGREGATE
Madhya Pradesh,Narsinghpur,106114.76,3860.9,0.0,17635.32,127610.98,6380.54,121230.44,78045.84,199.66,2403.86,80649.36,2818.82,40166.12,66.53,SAFE,CGWB2025,2025,https://cgwb.gov.in/cgwbpnm/publication-detail/1741,OFFICIAL_DISTRICT_AGGREGATE
Madhya Pradesh,Neemuch,27760.76,2903.85,0.0,8882.55,39547.16,1977.36,37569.8,36222.7,90.66,1810.37,38123.74,2113.88,2469.56,101.47,OVER_EXPLOITED,CGWB2025,2025,https://cgwb.gov.in/cgwbpnm/publication-detail/1741,OFFICIAL_DISTRICT_AGGREGATE
Madhya Pradesh,Niwari,15014.84,1384.39,0.0,4033.75,20432.98,1021.66,19411.32,11835.12,5.79,1192.7,13033.59,2011.68,5558.75,67.14,SAFE,CGWB2025,2025,https://cgwb.gov.in/cgwbpnm/publication-detail/1741,OFFICIAL_DISTRICT_AGGREGATE
Madhya Pradesh,Pandhurna,14980.15,1188.11,560.31,3274.38,20002.95,1000.14,19002.81,12982.42,40.73,910.05,13933.19,994.04,4985.62,73.32,SEMI_CRITICAL,CGWB2025,2025,https://cgwb.gov.in/cgwbpnm/publication-detail/1741,OFFICIAL_DISTRICT_AGGREGATE
Madhya Pradesh,Panna,45471.39,1505.95,0.0,6360.77,53338.11,2963.27,50374.84,16273.22,377.25,2553.7,19204.19,3173.91,30550.43,38.12,SAFE,CGWB2025,2025,https://cgwb.gov.in/cgwbpnm/publication-detail/1741,OFFICIAL_DISTRICT_AGGREGATE
Madhya Pradesh,Raisen,82742.67,3631.66,0.0,10671.3,97045.63,5460.36,91585.27,44009.35,612.59,3544.94,48166.87,4757.08,42206.25,52.59,SAFE,CGWB2025,2025,https://cgwb.gov.in/cgwbpnm/publication-detail/1741,OFFICIAL_DISTRICT_AGGREGATE
Madhya Pradesh,Rajgarh,73380.3,4891.79,0.0,16364.26,94636.35,4731.82,89904.53,75686.13,2.4,4285.8,79974.32,5904.15,10200.12,88.95,SEMI_CRITICAL,CGWB2025,2025,https://cgwb.gov.in/cgwbpnm/publication-detail/1741,OFFICIAL_DISTRICT_AGGREGATE
Madhya Pradesh,Ratlam,52692.7,7988.82,0.0,23931.5,84613.02,4484.93,80128.09,101944.54,41.83,4740.71,106727.09,11801.46,2274.69,133.2,OVER_EXPLOITED,CGWB2025,2025,https://cgwb.gov.in/cgwbpnm/publication-detail/1741,OFFICIAL_DISTRICT_AGGREGATE
Madhya Pradesh,Rewa,32973.02,1790.06,113.82,6488.73,41365.63,2068.29,39297.34,17934.85,170.42,4312.41,22417.69,5317.39,15874.67,57.05,SAFE,CGWB2025,2025,https://cgwb.gov.in/cgwbpnm/publication-detail/1741,OFFICIAL_DISTRICT_AGGREGATE
Madhya Pradesh,Sagar,90318.36,4046.36,0.0,14778.92,109143.64,5824.34,103319.3,57838.55,153.3,3915.93,61907.76,5023.2,40304.28,59.92,SAFE,CGWB2025,2025,https://cgwb.gov.in/cgwbpnm/publication-detail/1741,OFFICIAL_DISTRICT_AGGREGATE
Madhya Pradesh,Satna,42429.74,2288.63,820.99,11439.26,56978.62,2848.92,54129.7,30497.28,544.49,3018.54,34060.3,3536.09,22018.17,62.92,SAFE,CGWB2025,2025,https://cgwb.gov.in/cgwbpnm/publication-detail/1741,OFFICIAL_DISTRICT_AGGREGATE
Madhya Pradesh,Sehore,51494.78,4097.27,0.0,14897.11,70489.16,3524.44,66964.71,40249.06,142.12,2611.75,43002.91,3348.44,23368.85,64.22,SAFE,CGWB2025,2025,https://cgwb.gov.in/cgwbpnm/publication-detail/1741,OFFICIAL_DISTRICT_AGGREGATE
Madhya Pradesh,Seoni,58445.64,2270.46,2270.47,6932.88,69919.45,3495.97,66423.48,26735.5,12.37,3427.99,30175.85,4231.17,35444.45,45.43,SAFE,CGWB2025,2025,https://cgwb.gov.in/cgwbpnm/publication-detail/1741,OFFICIAL_DISTRICT_AGGREGATE
Madhya Pradesh,Shahdol,46515.3,425.56,0.0,1318.65,48259.51,2412.98,45846.53,3612.98,1676.23,2373.57,7662.77,2636.95,37920.38,16.71,SAFE,CGWB2025,2025,https://cgwb.gov.in/cgwbpnm/publication-detail/1741,OFFICIAL_DISTRICT_AGGREGATE
Madhya Pradesh,Shajapur,41799.11,3409.4,0.0,11364.11,56572.62,2828.63,53743.99,54330.31,55.11,2237.62,56623.04,2656.99,2182.91,105.36,OVER_EXPLOITED,CGWB2025,2025,https://cgwb.gov.in/cgwbpnm/publication-detail/1741,OFFICIAL_DISTRICT_AGGREGATE
Madhya Pradesh,Sheopur,35226.74,1238.54,0.0,19525.93,55991.21,4406.91,51584.3,17717.12,44.79,1883.5,19645.41,2473.65,31348.74,38.08,SAFE,CGWB2025,2025,https://cgwb.gov.in/cgwbpnm/publication-detail/1741,OFFICIAL_DISTRICT_AGGREGATE
Madhya Pradesh,Shivpuri,68130.91,5729.78,0.0,17621.88,91482.57,6432.52,85050.05,51578.12,42.99,4835.82,56456.9,6324.97,27103.99,66.38,SAFE,CGWB2025,2025,https://cgwb.gov.in/cgwbpnm/publication-detail/1741,OFFICIAL_DISTRICT_AGGREGATE
Madhya Pradesh,Sidhi,28039.43,838.44,0.0,2962.59,31840.46,1592.02,30248.44,8153.03,88.26,3015.71,11257.01,3374.33,18632.81,37.22,SAFE,CGWB2025,2025,https://cgwb.gov.in/cgwbpnm/publication-detail/1741,OFFICIAL_DISTRICT_AGGREGATE
Madhya Pradesh,Singrauli,32815.9,892.07,0.0,2792.34,36500.31,1825.02,34675.29,10383.88,2222.25,2769.66,15375.81,3643.57,18425.57,44.34,SAFE,CGWB2025,2025,https://cgwb.gov.in/cgwbpnm/publication-detail/1741,OFFICIAL_DISTRICT_AGGREGATE
Madhya Pradesh,Tikamgarh,28916.74,2843.72,0.0,8605.46,40365.92,2018.3,38347.62,27550.12,0.0,3253.04,30803.16,5930.18,5981.92,80.33,SEMI_CRITICAL,CGWB2025,2025,https://cgwb.gov.in/cgwbpnm/publication-detail/1741,OFFICIAL_DISTRICT_AGGREGATE
Madhya Pradesh,Ujjain,71057.44,6194.4,0.0,22582.09,99833.93,4991.7,94842.23,98108.25,59.59,4000.84,102168.68,4821.65,9257.94,107.72,OVER_EXPLOITED,CGWB2025,2025,https://cgwb.gov.in/cgwbpnm/publication-detail/1741,OFFICIAL_DISTRICT_AGGREGATE
Madhya Pradesh,Umaria,34684.01,495.83,0.0,1195.31,36375.15,1818.76,34556.39,4864.28,528.72,1631.61,7024.6,1994.95,27168.45,20.33,SAFE,CGWB2025,2025,https://cgwb.gov.in/cgwbpnm/publication-detail/1741,OFFICIAL_DISTRICT_AGGREGATE
Madhya Pradesh,Vidisha,77408.53,3321.03,0.0,14296.5,95026.06,4751.29,90274.77,54647.58,16.21,4095.44,58759.23,5230.17,30452.77,65.09,SAFE,CGWB2025,2025,https://cgwb.gov.in/cgwbpnm/publication-detail/1741,OFFICIAL_DISTRICT_AGGREGATE
Maharashtra,Ahmednagar,87665.08,13065.38,14398.48,45586.96,160715.9,8044.46,152671.44,110806.9,0.0,6216.81,117023.7,6228.34,45300.64,76.65,SEMI_CRITICAL,CGWB2025,2025,https://cgwb.gov.in/cgwbpnm/publication-detail/1741,OFFICIAL_DISTRICT_AGGREGATE
Maharashtra,Akola,28748.02,2074.87,207.45,9294.75,40325.1,2834.51,37490.59,21544.03,0.59,2254.58,23799.2,2375.6,13723.04,63.48,SAFE,CGWB2025,2025,https://cgwb.gov.in/cgwbpnm/publication-detail/1741,OFFICIAL_DISTRICT_AGGREGATE
Maharashtra,Amravati,53525.63,4635.97,1228.13,24292.8,83682.53,6062.7,77619.83,55412.33,0.0,4225.28,59637.68,5060.72,23618.28,76.83,SEMI_CRITICAL,CGWB2025,2025,https://cgwb.gov.in/cgwbpnm/publication-detail/1741,OFFICIAL_DISTRICT_AGGREGATE
Maharashtra,Aurangabad,74907.55,7761.49,4660.55,32066.07,119395.66,5975.95,113419.71,69352.38,0.0,3462.54,72814.94,3462.48,40604.79,64.2,SAFE,CGWB2025,2025,https://cgwb.gov.in/cgwbpnm/publication-detail/1741,OFFICIAL_DISTRICT_AGGREGATE
Maharashtra,Beed,81784.62,9235.0,6159.28,33886.32,131065.22,6553.28,124511.94,67891.78,39.65,4988.37,72919.72,4988.38,51592.22,58.56,SAFE,CGWB2025,2025,https://cgwb.gov.in/cgwbpnm/publication-detail/1741,OFFICIAL_DISTRICT_AGGREGATE
Maharashtra,Bhandara,32475.92,45112.77,417.8,15954.93,93961.42,6902.83,87058.59,22252.3,170.99,3691.92,26115.21,3774.96,60860.33,30.0,SAFE,CGWB2025,2025,https://cgwb.gov.in/cgwbpnm/publication-detail/1741,OFFICIAL_DISTRICT_AGGREGATE
Maharashtra,Buldhana,66034.59,5590.84,263.81,21013.75,92903.0,4984.4,87918.6,60376.34,0.0,3254.4,63630.83,3365.37,27329.2,72.37,SEMI_CRITICAL,CGWB2025,2025,https://cgwb.gov.in/cgwbpnm/publication-detail/1741,OFFICIAL_DISTRICT_AGGREGATE
Maharashtra,Chandrapur,98198.01,5138.37,1442.64,11836.22,116615.24,6449.04,110166.2,14945.32,23.96,17833.18,32802.59,17833.15,77363.59,29.78,SAFE,CGWB2025,2025,https://cgwb.gov.in/cgwbpnm/publication-detail/1741,OFFICIAL_DISTRICT_AGGREGATE
Maharashtra,Dhule,49252.95,6560.12,1808.45,20415.63,78037.15,4059.59,73977.56,33922.34,102.74,1756.46,35781.54,1756.46,38196.02,48.37,SAFE,CGWB2025,2025,https://cgwb.gov.in/cgwbpnm/publication-detail/1741,OFFICIAL_DISTRICT_AGGREGATE
Maharashtra,Gadchiroli,92662.43,3932.59,0.0,11069.4,107664.41,6277.14,101387.27,21811.75,1.55,4719.06,26532.5,4719.1,74854.77,26.17,SAFE,CGWB2025,2025,https://cgwb.gov.in/cgwbpnm/publication-detail/1741,OFFICIAL_DISTRICT_AGGREGATE
Maharashtra,Gondia,42644.04,6682.82,645.57,16414.07,66386.5,4263.67,62122.83,10181.03,318.71,6029.98,16529.7,6029.97,45593.13,26.61,SAFE,CGWB2025,2025,https://cgwb.gov.in/cgwbpnm/publication-detail/1741,OFFICIAL_DISTRICT_AGGREGATE
Maharashtra,Hingoli,50213.0,3080.45,1354.99,48549.19,103197.63,5210.02,97987.61,36356.68,2.53,2159.14,38518.36,2159.14,59553.88,39.31,SAFE,CGWB2025,2025,https://cgwb.gov.in/cgwbpnm/publication-detail/1741,OFFICIAL_DISTRICT_AGGREGATE
Maharashtra,Jalgaon,88208.76,8066.14,574.12,47418.34,144267.36,7925.1,136342.26,101252.55,315.73,4887.81,106456.08,4887.79,36967.11,78.08,SEMI_CRITICAL,CGWB2025,2025,https://cgwb.gov.in/cgwbpnm/publication-detail/1741,OFFICIAL_DISTRICT_AGGREGATE
Maharashtra,Jalna,54743.51,5275.77,14585.07,23148.54,97752.89,4929.37,92823.52,44692.81,167.49,1134.88,45995.2,5262.02,43919.25,49.55,SAFE,CGWB2025,2025,https://cgwb.gov.in/cgwbpnm/publication-detail/1741,OFFICIAL_DISTRICT_AGGREGATE
Maharashtra,Kolhapur,53075.97,10166.17,780.56,71700.41,135723.11,7978.26,127744.85,52193.74,0.0,2143.08,54336.8,2143.08,73408.04,42.54,SAFE,CGWB2025,2025,https://cgwb.gov.in/cgwbpnm/publication-detail/1741,OFFICIAL_DISTRICT_AGGREGATE
Maharashtra,Latur,47481.45,8726.28,0.0,17357.68,73565.41,3809.47,69755.94,32111.15,192.54,2199.63,34503.29,2199.62,35515.29,49.46,SAFE,CGWB2025,2025,https://cgwb.gov.in/cgwbpnm/publication-detail/1741,OFFICIAL_DISTRICT_AGGREGATE
Maharashtra,Mumbai,1365.05,104.7,0.0,85.67,1555.42,77.77,1477.65,0.0,60.77,619.37,680.14,619.37,797.51,46.03,SAFE,CGWB2025,2025,https://cgwb.gov.in/cgwbpnm/publication-detail/1741,OFFICIAL_DISTRICT_AGGREGATE
Maharashtra,Mumbai Sub,7595.68,132.26,0.0,108.22,7836.16,572.6,7263.56,0.0,82.27,1787.66,1869.91,1787.67,5393.65,25.74,SAFE,CGWB2025,2025,https://cgwb.gov.in/cgwbpnm/publication-detail/1741,OFFICIAL_DISTRICT_AGGREGATE
Maharashtra,Nagpur,61368.89,33778.21,2587.16,51375.84,149110.1,8817.24,140292.87,52314.3,1525.98,10252.49,64092.79,10252.51,76310.54,45.68,SAFE,CGWB2025,2025,https://cgwb.gov.in/cgwbpnm/publication-detail/1741,OFFICIAL_DISTRICT_AGGREGATE
Maharashtra,Nanded,102651.12,1038.15,3715.33,17584.0,124988.6,6331.88,118656.72,34865.24,1.21,3385.9,38252.33,3385.92,80427.59,32.24,SAFE,CGWB2025,2025,https://cgwb.gov.in/cgwbpnm/publication-detail/1741,OFFICIAL_DISTRICT_AGGREGATE
Maharashtra,Nandurbar,40084.31,2850.96,0.0,9097.8,52033.08,2657.95,49375.13,17627.4,0.0,2991.68,20619.08,2991.68,28756.04,41.76,SAFE,CGWB2025,2025,https://cgwb.gov.in/cgwbpnm/publication-detail/1741,OFFICIAL_DISTRICT_AGGREGATE
Maharashtra,Nashik,132589.43,15003.4,3857.03,49686.39,201136.25,11091.64,190044.61,104646.41,1202.37,3593.64,109442.4,3593.61,86314.42,57.59,SAFE,CGWB2025,2025,https://cgwb.gov.in/cgwbpnm/publication-detail/1741,OFFICIAL_DISTRICT_AGGREGATE
Maharashtra,Osmanabad,61088.83,8478.13,2583.65,17842.39,89993.0,4536.19,85456.81,48617.06,0.79,2315.87,50933.74,2315.85,34692.84,59.6,SAFE,CGWB2025,2025,https://cgwb.gov.in/cgwbpnm/publication-detail/1741,OFFICIAL_DISTRICT_AGGREGATE
Maharashtra,Palghar,18332.26,457.81,0.0,3528.99,22319.06,1402.26,20916.8,3886.53,43.8,1017.23,4947.55,1017.24,15969.25,23.65,SAFE,CGWB2025,2025,https://cgwb.gov.in/cgwbpnm/publication-detail/1741,OFFICIAL_DISTRICT_AGGREGATE
Maharashtra,Parbhani,55690.03,1848.28,3076.61,26134.63,86749.55,4530.54,82219.01,36212.33,0.0,1950.18,38162.49,1950.17,44056.54,46.42,SAFE,CGWB2025,2025,https://cgwb.gov.in/cgwbpnm/publication-detail/1741,OFFICIAL_DISTRICT_AGGREGATE
Maharashtra,Pune,94305.36,26168.88,1192.62,73275.79,194942.64,12289.5,182653.14,107435.05,0.0,8062.08,115497.0,8415.37,73357.04,63.23,SAFE,CGWB2025,2025,https://cgwb.gov.in/cgwbpnm/publication-detail/1741,OFFICIAL_DISTRICT_AGGREGATE
Maharashtra,Raigad,31673.86,188.03,0.0,5275.88,37137.77,1893.65,35244.12,4295.7,39.2,2164.22,6499.1,2164.21,28774.25,18.44,SAFE,CGWB2025,2025,https://cgwb.gov.in/cgwbpnm/publication-detail/1741,OFFICIAL_DISTRICT_AGGREGATE
Maharashtra,Ratnagiri,38638.43,177.21,288.75,2242.79,41347.18,2300.7,39046.48,5602.73,0.0,1335.3,6938.05,1335.33,32108.43,17.77,SAFE,CGWB2025,2025,https://cgwb.gov.in/cgwbpnm/publication-detail/1741,OFFICIAL_DISTRICT_AGGREGATE
Maharashtra,Sangli,41482.65,21903.58,12389.03,65598.75,141374.0,8622.74,132751.26,66660.08,0.0,3374.19,70034.28,3413.02,62931.13,52.76,SAFE,CGWB2025,2025,https://cgwb.gov.in/cgwbpnm/publication-detail/1741,OFFICIAL_DISTRICT_AGGREGATE
Maharashtra,Satara,55833.89,18783.0,9629.4,36932.16,121178.45,7664.21,113514.24,60759.59,0.0,4966.8,65726.4,4966.82,48051.69,57.9,SAFE,CGWB2025,2025,https://cgwb.gov.in/cgwbpnm/publication-detail/1741,OFFICIAL_DISTRICT_AGGREGATE
Maharashtra,Sindhudurg,20922.74,219.6,3.83,2327.43,23473.6,1181.35,22292.25,7638.42,7.16,2269.22,9914.8,2269.22,12377.45,44.48,SAFE,CGWB2025,2025,https://cgwb.gov.in/cgwbpnm/publication-detail/1741,OFFICIAL_DISTRICT_AGGREGATE
Maharashtra,Solapur,92152.15,12243.51,2954.03,40391.91,147741.6,7387.14,140354.46,96087.22,2.65,4853.01,100942.9,4853.01,42317.29,71.92,SEMI_CRITICAL,CGWB2025,2025,https://cgwb.gov.in/cgwbpnm/publication-detail/1741,OFFICIAL_DISTRICT_AGGREGATE
Maharashtra,Thane,14759.09,290.06,0.0,2229.38,17278.53,959.26,16319.27,2383.67,0.0,738.91,3122.55,738.91,13196.72,19.13,SAFE,CGWB2025,2025,https://cgwb.gov.in/cgwbpnm/publication-detail/1741,OFFICIAL_DISTRICT_AGGREGATE
Maharashtra,Wardha,50118.97,10896.14,2380.59,30533.45,93929.15,4901.2,89027.95,38993.65,118.8,3455.49,42567.91,3455.53,46981.53,47.81,SAFE,CGWB2025,2025,https://cgwb.gov.in/cgwbpnm/publication-detail/1741,OFFICIAL_DISTRICT_AGGREGATE
Maharashtra,Washim,42538.52,5312.48,68.85,15473.3,63393.15,3287.74,60105.41,32143.54,8.51,2145.48,34297.54,2145.47,25807.87,57.06,SAFE,CGWB2025,2025,https://cgwb.gov.in/cgwbpnm/publication-detail/1741,OFFICIAL_DISTRICT_AGGREGATE
Maharashtra,Yawatmal,98264.33,3177.57,5825.78,18824.44,126092.12,6688.69,119403.43,37374.38,56.13,7672.1,45102.62,7672.1,74304.68,37.77,SAFE,CGWB2025,2025,https://cgwb.gov.in/cgwbpnm/publication-detail/1741,OFFICIAL_DISTRICT_AGGREGATE
Manipur,Bishnupur,8389.59,0.06,1074.52,218.35,9682.52,968.26,8714.26,327.0,6.0,262.89,595.89,290.05,8091.22,6.84,SAFE,CGWB2025,2025,https://cgwb.gov.in/cgwbpnm/publication-detail/1741,OFFICIAL_DISTRICT_AGGREGATE
Manipur,Churachanpur,5885.29,0.0,689.18,69.0,6643.47,664.35,5979.12,270.0,18.0,175.25,463.25,176.38,5514.74,7.75,SAFE,CGWB2025,2025,https://cgwb.gov.in/cgwbpnm/publication-detail/1741,OFFICIAL_DISTRICT_AGGREGATE
Manipur,Imphal East,10434.94,63.52,1252.6,936.55,12687.61,1268.76,11418.85,573.0,30.0,458.76,1061.76,461.53,10354.32,9.3,SAFE,CGWB2025,2025,https://cgwb.gov.in/cgwbpnm/publication-detail/1741,OFFICIAL_DISTRICT_AGGREGATE
Manipur,Imphal West,6183.14,0.01,2336.36,225.7,8745.21,874.51,7870.7,285.0,24.0,521.09,830.08,524.29,7037.41,10.55,SAFE,CGWB2025,2025,https://cgwb.gov.in/cgwbpnm/publication-detail/1741,OFFICIAL_DISTRICT_AGGREGATE
Manipur,Thoubal,5012.25,0.02,1287.89,114.65,6414.81,641.49,5773.32,240.0,0.0,424.67,664.67,427.27,5106.05,11.51,SAFE,CGWB2025,2025,https://cgwb.gov.in/cgwbpnm/publication-detail/1741,OFFICIAL_DISTRICT_AGGREGATE
Meghalaya,East Garo Hills,5944.69,316.03,1795.66,436.37,8492.75,849.29,7643.46,0.0,0.0,346.1,346.1,488.01,7155.46,4.53,SAFE,CGWB2025,2025,https://cgwb.gov.in/cgwbpnm/publication-detail/1741,OFFICIAL_DISTRICT_AGGREGATE
Meghalaya,East Jaintia Hills,12480.85,0.32,4292.83,21.91,16795.91,1679.6,15116.31,0.0,38.84,194.91,233.74,294.13,14783.34,1.55,SAFE,CGWB2025,2025,https://cgwb.gov.in/cgwbpnm/publication-detail/1741,OFFICIAL_DISTRICT_AGGREGATE
Meghalaya,East Khasi Hills,16813.38,7.05,4950.22,46.76,21817.41,2181.74,19635.67,0.0,35.24,662.95,698.2,879.06,18721.36,3.56,SAFE,CGWB2025,2025,https://cgwb.gov.in/cgwbpnm/publication-detail/1741,OFFICIAL_DISTRICT_AGGREGATE
Meghalaya,North Garo Hills,6013.23,1993.44,1325.0,528.62,9860.29,2116.61,7743.68,1.8,81.36,415.56,498.71,570.85,7089.68,6.44,SAFE,CGWB2025,2025,https://cgwb.gov.in/cgwbpnm/publication-detail/1741,OFFICIAL_DISTRICT_AGGREGATE
Meghalaya,Ri Bhoi,5042.91,35.75,1330.29,74.75,6483.7,648.36,5835.34,0.0,32.73,322.07,354.81,487.16,5315.44,6.08,SAFE,CGWB2025,2025,https://cgwb.gov.in/cgwbpnm/publication-detail/1741,OFFICIAL_DISTRICT_AGGREGATE
Meghalaya,South Garo Hills,16789.14,14.65,6616.0,53.87,23473.66,2347.38,21126.28,0.0,0.36,256.61,256.98,356.59,20769.33,1.22,SAFE,CGWB2025,2025,https://cgwb.gov.in/cgwbpnm/publication-detail/1741,OFFICIAL_DISTRICT_AGGREGATE
Meghalaya,South West Garo Hills,5855.53,93.34,1857.49,183.24,7989.6,4113.62,3875.98,511.92,0.0,254.52,766.44,288.81,3075.26,19.77,SAFE,CGWB2025,2025,https://cgwb.gov.in/cgwbpnm/publication-detail/1741,OFFICIAL_DISTRICT_AGGREGATE
Meghalaya,South West Khasi Hills,11468.86,177.48,2625.09,61.68,14333.11,1433.31,12899.8,0.0,0.0,138.04,138.03,196.48,12703.33,1.07,SAFE,CGWB2025,2025,https://cgwb.gov.in/cgwbpnm/publication-detail/1741,OFFICIAL_DISTRICT_AGGREGATE
Meghalaya,West Garo Hills,21267.39,431.82,6532.95,893.06,29125.22,10078.27,19046.95,2662.2,4.53,1007.18,3673.9,1417.45,14962.77,19.29,SAFE,CGWB2025,2025,https://cgwb.gov.in/cgwbpnm/publication-detail/1741,OFFICIAL_DISTRICT_AGGREGATE
Meghalaya,West Jaintia Hills,7879.86,45.71,3194.72,43.18,11163.47,1116.35,10047.12,0.0,3.29,608.02,611.3,953.18,9090.66,6.08,SAFE,CGWB2025,2025,https://cgwb.gov.in/cgwbpnm/publication-detail/1741,OFFICIAL_DISTRICT_AGGREGATE
Meghalaya,West Khasi Hills,24868.88,1277.5,7018.54,800.48,33965.4,3396.55,30568.85,0.0,0.33,463.09,463.41,673.73,29894.79,1.52,SAFE,CGWB2025,2025,https://cgwb.gov.in/cgwbpnm/publication-detail/1741,OFFICIAL_DISTRICT_AGGREGATE
Mizoram,Aizawl,1198.95,0.0,324.2,0.0,1523.15,152.34,1370.81,0.0,0.0,200.53,200.55,210.21,1160.59,14.63,SAFE,CGWB2025,2025,https://cgwb.gov.in/cgwbpnm/publication-detail/1741,OFFICIAL_DISTRICT_AGGREGATE
Mizoram,Champhai,1297.86,0.0,283.97,0.0,1581.83,158.19,1423.64,0.0,0.0,44.58,44.58,45.72,1377.93,3.13,SAFE,CGWB2025,2025,https://cgwb.gov.in/cgwbpnm/publication-detail/1741,OFFICIAL_DISTRICT_AGGREGATE
Mizoram,Kolasib,2174.59,0.0,601.89,0.0,2776.48,277.65,2498.83,0.0,0.0,31.63,31.63,33.36,2465.47,1.27,SAFE,CGWB2025,2025,https://cgwb.gov.in/cgwbpnm/publication-detail/1741,OFFICIAL_DISTRICT_AGGREGATE
Mizoram,Lawngtlai,3086.39,0.0,290.99,0.0,3377.38,337.74,3039.64,0.0,0.0,104.27,104.27,113.37,2926.27,3.43,SAFE,CGWB2025,2025,https://cgwb.gov.in/cgwbpnm/publication-detail/1741,OFFICIAL_DISTRICT_AGGREGATE
Mizoram,Lunglei,4410.22,0.0,530.94,0.0,4941.16,494.12,4447.04,0.0,0.0,191.47,191.48,194.72,4252.31,4.31,SAFE,CGWB2025,2025,https://cgwb.gov.in/cgwbpnm/publication-detail/1741,OFFICIAL_DISTRICT_AGGREGATE
Mizoram,Mamit,3911.92,0.0,1264.43,0.0,5176.35,517.63,4658.72,0.0,0.0,102.77,102.76,112.9,4545.83,2.21,SAFE,CGWB2025,2025,https://cgwb.gov.in/cgwbpnm/publication-detail/1741,OFFICIAL_DISTRICT_AGGREGATE
Mizoram,Saiha,686.55,0.0,86.18,0.0,772.73,77.27,695.46,0.0,0.0,40.44,40.44,41.84,653.62,5.81,SAFE,CGWB2025,2025,https://cgwb.gov.in/cgwbpnm/publication-detail/1741,OFFICIAL_DISTRICT_AGGREGATE
Mizoram,Serchhip,765.88,0.0,145.76,0.0,911.64,91.17,820.47,0.0,0.0,48.24,48.24,49.83,770.64,5.88,SAFE,CGWB2025,2025,https://cgwb.gov.in/cgwbpnm/publication-detail/1741,OFFICIAL_DISTRICT_AGGREGATE
Nagaland,Dimapur,17254.15,1927.41,3328.32,225.59,22735.47,1737.4,20998.07,583.2,3.48,822.63,1409.31,1077.76,19333.63,6.71,SAFE,CGWB2025,2025,https://cgwb.gov.in/cgwbpnm/publication-detail/1741,OFFICIAL_DISTRICT_AGGREGATE
Nagaland,Kiphire,131.1,373.97,59.83,15.27,580.17,58.02,522.15,0.0,0.0,9.17,9.16,9.17,512.99,1.75,SAFE,CGWB2025,2025,https://cgwb.gov.in/cgwbpnm/publication-detail/1741,OFFICIAL_DISTRICT_AGGREGATE
Nagaland,Kohima,2083.18,602.05,350.91,45.3,3081.44,308.14,2773.3,0.0,0.2,215.96,216.16,278.62,2494.47,7.79,SAFE,CGWB2025,2025,https://cgwb.gov.in/cgwbpnm/publication-detail/1741,OFFICIAL_DISTRICT_AGGREGATE
Nagaland,Longleng,1062.0,279.67,182.27,20.27,1544.21,154.41,1389.8,0.0,0.0,6.55,6.56,8.56,1381.23,0.47,SAFE,CGWB2025,2025,https://cgwb.gov.in/cgwbpnm/publication-detail/1741,OFFICIAL_DISTRICT_AGGREGATE
Nagaland,Mokokchung,4304.62,677.07,1211.41,51.71,6244.81,624.51,5620.3,33.2,0.0,62.22,95.41,62.22,5524.89,1.7,SAFE,CGWB2025,2025,https://cgwb.gov.in/cgwbpnm/publication-detail/1741,OFFICIAL_DISTRICT_AGGREGATE
Nagaland,Mon,3385.71,418.75,595.15,30.78,4430.39,443.03,3987.36,7.3,0.17,139.18,146.64,139.16,3840.72,3.68,SAFE,CGWB2025,2025,https://cgwb.gov.in/cgwbpnm/publication-detail/1741,OFFICIAL_DISTRICT_AGGREGATE
Nagaland,Peren,3325.4,258.04,887.78,32.32,4503.54,450.37,4053.17,92.42,0.0,78.94,171.37,83.46,3877.27,4.23,SAFE,CGWB2025,2025,https://cgwb.gov.in/cgwbpnm/publication-detail/1741,OFFICIAL_DISTRICT_AGGREGATE
Nagaland,Phek,543.38,440.0,168.09,29.95,1181.42,118.15,1063.27,0.0,0.0,37.67,37.68,42.29,1020.98,3.54,SAFE,CGWB2025,2025,https://cgwb.gov.in/cgwbpnm/publication-detail/1741,OFFICIAL_DISTRICT_AGGREGATE
Nagaland,Tuensang,819.72,359.71,250.27,23.91,1453.61,145.36,1308.25,0.0,0.0,46.73,46.74,49.83,1258.41,3.57,SAFE,CGWB2025,2025,https://cgwb.gov.in/cgwbpnm/publication-detail/1741,OFFICIAL_DISTRICT_AGGREGATE
Nagaland,Wokha,5700.14,374.87,1540.19,18.63,7633.83,763.39,6870.44,8.58,0.72,168.83,178.15,175.22,6685.9,2.59,SAFE,CGWB2025,2025,https://cgwb.gov.in/cgwbpnm/publication-detail/1741,OFFICIAL_DISTRICT_AGGREGATE
Nagaland,Zunheboto,727.04,884.67,222.08,62.28,1896.07,189.62,1706.45,0.0,1.0,57.94,58.96,57.93,1647.49,3.46,SAFE,CGWB2025,2025,https://cgwb.gov.in/cgwbpnm/publication-detail/1741,OFFICIAL_DISTRICT_AGGREGATE
Odisha,Angul,38801.45,9451.98,3946.79,6158.15,58358.37,3693.91,54664.46,23832.13,1299.48,4604.63706,29736.25,6362.39,23172.6,54.4,SAFE,CGWB2025,2025,https://cgwb.gov.in/cgwbpnm/publication-detail/1741,OFFICIAL_DISTRICT_AGGREGATE
Odisha,Balasore,57127.38,35540.16,17271.26,33141.22,143080.02,10915.86,132164.16,71059.51,1171.3,6581.46018,78812.27,7828.6,52127.25,59.63,SAFE,CGWB2025,2025,https://cgwb.gov.in/cgwbpnm/publication-detail/1741,OFFICIAL_DISTRICT_AGGREGATE
Odisha,Bargarh,40182.17,12961.35,136.35,13417.06,66696.93,4399.11,62297.82,30119.73,455.26,4407.66727,34982.65,4990.02,27164.85,56.15,SAFE,CGWB2025,2025,https://cgwb.gov.in/cgwbpnm/publication-detail/1741,OFFICIAL_DISTRICT_AGGREGATE
Odisha,Bhadrak,17897.8,16803.53,4479.06,20572.57,59752.96,5353.83,54399.13,29907.7,422.11,2812.15825,33141.95,3324.12,20745.22,60.92,SAFE,CGWB2025,2025,https://cgwb.gov.in/cgwbpnm/publication-detail/1741,OFFICIAL_DISTRICT_AGGREGATE
Odisha,Bolangir,44454.69,7342.19,898.79,8465.1,61160.77,4747.34,56413.43,23263.46,369.07,5829.27603,29461.8,8306.68,24495.78,52.22,SAFE,CGWB2025,2025,https://cgwb.gov.in/cgwbpnm/publication-detail/1741,OFFICIAL_DISTRICT_AGGREGATE
Odisha,Boudh,17706.07,3129.81,449.44,4341.93,25627.25,2113.98,23513.27,9365.9,72.93,1471.91579,10910.73,1815.25,12259.2,46.4,SAFE,CGWB2025,2025,https://cgwb.gov.in/cgwbpnm/publication-detail/1741,OFFICIAL_DISTRICT_AGGREGATE
Odisha,Cuttack,39835.07,16406.58,9049.06,11907.96,77198.67,7236.48,69962.19,24836.87,1051.96,7240.14776,33128.98,8479.47,35593.89,47.35,SAFE,CGWB2025,2025,https://cgwb.gov.in/cgwbpnm/publication-detail/1741,OFFICIAL_DISTRICT_AGGREGATE
Odisha,Deogarh,20064.53,5567.4,1223.73,6336.3,33191.96,3319.18,29872.78,16075.14,342.55,989.984427,17407.68,1159.0,12296.08,58.27,SAFE,CGWB2025,2025,https://cgwb.gov.in/cgwbpnm/publication-detail/1741,OFFICIAL_DISTRICT_AGGREGATE
Odisha,Dhenkanal,28741.69,9996.37,5442.13,3913.21,48093.4,3507.71,44585.69,12939.38,430.95,3836.17537,17206.53,4351.97,26863.37,38.59,SAFE,CGWB2025,2025,https://cgwb.gov.in/cgwbpnm/publication-detail/1741,OFFICIAL_DISTRICT_AGGREGATE
Odisha,Gajapati,12740.66,2102.66,4946.35,2451.65,22241.32,2110.79,20130.53,5425.69,179.01,1743.683,7348.41,1959.24,12566.56,36.5,SAFE,CGWB2025,2025,https://cgwb.gov.in/cgwbpnm/publication-detail/1741,OFFICIAL_DISTRICT_AGGREGATE
Odisha,Ganjam,43309.49,27942.45,17236.17,15705.28,104193.39,9208.98,94984.41,28846.9,2072.98,11493.8316,42413.69,15020.76,49871.56,44.65,SAFE,CGWB2025,2025,https://cgwb.gov.in/cgwbpnm/publication-detail/1741,OFFICIAL_DISTRICT_AGGREGATE
Odisha,Jagatsinghpur,16844.63,17119.91,4390.92,12559.23,50914.69,4816.58,46098.11,23996.2,680.68,2439.80463,27116.68,2622.29,18798.96,58.82,SAFE,CGWB2025,2025,https://cgwb.gov.in/cgwbpnm/publication-detail/1741,OFFICIAL_DISTRICT_AGGREGATE
Odisha,Jajpur,31080.09,10549.52,7395.45,7773.12,56798.18,4244.8,52553.38,28867.13,667.42,4922.27411,34456.84,5603.36,17415.45,65.57,SAFE,CGWB2025,2025,https://cgwb.gov.in/cgwbpnm/publication-detail/1741,OFFICIAL_DISTRICT_AGGREGATE
Odisha,Jharsuguda,16755.76,1589.09,221.62,2068.14,20634.61,1540.51,19094.1,6374.88,1098.37,2555.33398,10028.58,3501.72,8119.13,52.52,SAFE,CGWB2025,2025,https://cgwb.gov.in/cgwbpnm/publication-detail/1741,OFFICIAL_DISTRICT_AGGREGATE
Odisha,Kalahandi,44994.63,10538.19,1926.12,9720.82,67179.76,5369.11,61810.65,21850.21,892.84,5167.12113,27910.16,6354.07,32713.54,45.15,SAFE,CGWB2025,2025,https://cgwb.gov.in/cgwbpnm/publication-detail/1741,OFFICIAL_DISTRICT_AGGREGATE
Odisha,Kandhamal,26666.36,2439.97,4436.19,3297.57,36840.09,2922.06,33918.03,8487.24,229.84,2354.53653,11071.62,2688.32,22512.6,32.64,SAFE,CGWB2025,2025,https://cgwb.gov.in/cgwbpnm/publication-detail/1741,OFFICIAL_DISTRICT_AGGREGATE
Odisha,Kendrapara,6770.01,4869.41,1847.1,4403.81,17890.33,1448.04,16442.29,9231.19,203.32,1195.17379,10629.68,1359.27,5648.53,64.65,SAFE,CGWB2025,2025,https://cgwb.gov.in/cgwbpnm/publication-detail/1741,OFFICIAL_DISTRICT_AGGREGATE
Odisha,Keonjhar,55564.68,14018.42,11495.85,11147.47,92226.42,8060.11,84166.31,31563.13,742.56,6417.89154,38723.56,7832.48,44028.17,46.01,SAFE,CGWB2025,2025,https://cgwb.gov.in/cgwbpnm/publication-detail/1741,OFFICIAL_DISTRICT_AGGREGATE
Odisha,Khurda,22997.55,8543.58,6000.27,9847.67,47389.07,4234.58,43154.49,18040.23,2210.0,7423.13512,27673.38,10843.03,15759.58,64.13,SAFE,CGWB2025,2025,https://cgwb.gov.in/cgwbpnm/publication-detail/1741,OFFICIAL_DISTRICT_AGGREGATE
Odisha,Koraput,41042.92,4453.14,4155.74,6486.51,56138.31,4600.15,51538.16,8414.8,744.77,4664.07087,13823.65,5804.88,36573.7,26.82,SAFE,CGWB2025,2025,https://cgwb.gov.in/cgwbpnm/publication-detail/1741,OFFICIAL_DISTRICT_AGGREGATE
Odisha,Malkangiri,26536.31,4599.03,1152.11,4554.34,36841.79,3053.28,33788.51,4959.12,0.0,2166.56664,7125.68,2788.91,26040.48,21.09,SAFE,CGWB2025,2025,https://cgwb.gov.in/cgwbpnm/publication-detail/1741,OFFICIAL_DISTRICT_AGGREGATE
Odisha,Mayurbhanj,82476.72,20195.09,18391.17,25768.36,146831.34,11047.67,135783.67,53540.63,300.56,8106.68942,61947.87,9585.94,72356.57,45.62,SAFE,CGWB2025,2025,https://cgwb.gov.in/cgwbpnm/publication-detail/1741,OFFICIAL_DISTRICT_AGGREGATE
Odisha,Nabarangapur,47942.0,3488.68,3944.31,4350.42,59725.41,5456.54,54268.87,16792.55,225.42,4017.30625,21035.29,4942.25,32308.63,38.76,SAFE,CGWB2025,2025,https://cgwb.gov.in/cgwbpnm/publication-detail/1741,OFFICIAL_DISTRICT_AGGREGATE
Odisha,Nayagarh,20956.06,5108.74,5223.7,6934.84,38223.34,2780.93,35442.41,13531.56,53.04,3518.00852,17102.61,82276.16,18139.48,48.25,SAFE,CGWB2025,2025,https://cgwb.gov.in/cgwbpnm/publication-detail/1741,OFFICIAL_DISTRICT_AGGREGATE
Odisha,Nuapada,22742.93,5147.36,706.75,4903.63,33500.67,2728.16,30772.51,17754.26,139.23,1984.66341,19878.14,2359.68,10519.36,64.6,SAFE,CGWB2025,2025,https://cgwb.gov.in/cgwbpnm/publication-detail/1741,OFFICIAL_DISTRICT_AGGREGATE
Odisha,Puri,29883.9,11436.84,7134.83,17590.15,66045.72,5505.78,60539.94,28029.43,0.0,5175.08388,33204.47,6315.66,26839.69,54.85,SAFE,CGWB2025,2025,https://cgwb.gov.in/cgwbpnm/publication-detail/1741,OFFICIAL_DISTRICT_AGGREGATE
Odisha,Rayagada,23337.15,3937.48,4565.28,3250.09,35090.0,2895.6,32194.4,8236.3,842.01,3122.26734,12200.58,3722.64,19393.44,37.9,SAFE,CGWB2025,2025,https://cgwb.gov.in/cgwbpnm/publication-detail/1741,OFFICIAL_DISTRICT_AGGREGATE
Odisha,Sambalpur,45685.06,7532.23,311.16,12241.9,65770.35,5591.96,60178.39,16765.32,1193.4,3300.61747,21259.33,3757.79,38461.88,35.33,SAFE,CGWB2025,2025,https://cgwb.gov.in/cgwbpnm/publication-detail/1741,OFFICIAL_DISTRICT_AGGREGATE
Odisha,Subarnapur,19262.98,3785.51,155.55,4863.63,28067.67,2249.03,25818.64,11619.17,88.4,1952.76953,13660.32,2243.65,11955.61,52.91,SAFE,CGWB2025,2025,https://cgwb.gov.in/cgwbpnm/publication-detail/1741,OFFICIAL_DISTRICT_AGGREGATE
Odisha,Sundargarh,68872.36,8927.7,2487.11,7879.12,88166.29,6413.91,81752.38,28680.57,2612.22,6412.61111,37705.38,8143.74,42315.88,46.12,SAFE,CGWB2025,2025,https://cgwb.gov.in/cgwbpnm/publication-detail/1741,OFFICIAL_DISTRICT_AGGREGATE
Punjab,Amritsar,29430.05,75982.86,5345.17,28603.31,139004.6,13936.16,124711.65,188994.67,1288.13,9661.17,199943.98,9975.53,0.0,160.33,OVER_EXPLOITED,CGWB2025,2025,https://cgwb.gov.in/cgwbpnm/publication-detail/1741,OFFICIAL_DISTRICT_AGGREGATE
Punjab,Barnala,12828.41,24223.96,1267.8,16005.4,54325.57,5432.56,48893.01,104683.61,43.92,2521.75,107249.28,2603.81,0.0,219.36,OVER_EXPLOITED,CGWB2025,2025,https://cgwb.gov.in/cgwbpnm/publication-detail/1741,OFFICIAL_DISTRICT_AGGREGATE
Punjab,Bathinda,19252.0,72402.1,3252.45,42053.8,136960.35,13696.04,123264.31,154989.72,347.57,2487.95,157825.23,2568.9,15825.45,128.04,OVER_EXPLOITED,CGWB2025,2025,https://cgwb.gov.in/cgwbpnm/publication-detail/1741,OFFICIAL_DISTRICT_AGGREGATE
Punjab,Faridkot,5301.61,27257.58,783.63,13479.8,46822.62,3775.94,43046.68,50285.47,66.3,966.5,51318.27,997.95,1157.49,119.22,OVER_EXPLOITED,CGWB2025,2025,https://cgwb.gov.in/cgwbpnm/publication-detail/1741,OFFICIAL_DISTRICT_AGGREGATE
Punjab,Fatehgarh Sahib,14525.56,13876.72,1670.85,9656.86,39729.99,3973.0,35756.99,59992.87,2595.89,2536.62,65125.37,2619.16,0.0,182.13,OVER_EXPLOITED,CGWB2025,2025,https://cgwb.gov.in/cgwbpnm/publication-detail/1741,OFFICIAL_DISTRICT_AGGREGATE
Punjab,Fazilka,5930.16,45476.35,764.49,21369.71,73540.71,7354.06,66186.63,41235.94,44.16,1861.04,43141.14,1921.6,28856.59,65.18,SAFE,CGWB2025,2025,https://cgwb.gov.in/cgwbpnm/publication-detail/1741,OFFICIAL_DISTRICT_AGGREGATE
Punjab,Firozpur,16411.37,80193.26,2339.26,37771.44,137957.81,13671.52,125528.76,133024.91,137.73,3489.33,136651.96,3602.87,12315.8,108.86,OVER_EXPLOITED,CGWB2025,2025,https://cgwb.gov.in/cgwbpnm/publication-detail/1741,OFFICIAL_DISTRICT_AGGREGATE
Punjab,Gurdaspur,36464.42,79008.59,6344.47,33971.97,154067.08,15578.92,136765.79,158465.08,119.18,7088.29,165672.55,7318.95,5056.75,121.14,OVER_EXPLOITED,CGWB2025,2025,https://cgwb.gov.in/cgwbpnm/publication-detail/1741,OFFICIAL_DISTRICT_AGGREGATE
Punjab,Hoshiarpur,46623.13,26139.25,7725.46,11481.65,90479.81,8577.3,80412.83,93537.38,131.54,6693.68,100362.62,6911.48,8480.95,124.81,OVER_EXPLOITED,CGWB2025,2025,https://cgwb.gov.in/cgwbpnm/publication-detail/1741,OFFICIAL_DISTRICT_AGGREGATE
Punjab,Jalandhar,28866.32,41568.65,4285.85,21058.26,95776.84,9577.91,86196.69,223357.63,2749.72,16251.81,242359.13,16780.63,0.0,281.17,OVER_EXPLOITED,CGWB2025,2025,https://cgwb.gov.in/cgwbpnm/publication-detail/1741,OFFICIAL_DISTRICT_AGGREGATE
Punjab,Kapurthala,18016.2,31132.94,2772.39,10531.07,62665.8,6245.26,56633.74,131638.89,2499.4,3457.94,137596.23,3570.47,0.0,242.96,OVER_EXPLOITED,CGWB2025,2025,https://cgwb.gov.in/cgwbpnm/publication-detail/1741,OFFICIAL_DISTRICT_AGGREGATE
Punjab,Ludhiana,35464.97,61983.12,5679.53,33220.51,136489.67,13265.81,123365.4,212709.16,7247.08,20180.5,240136.75,20837.16,0.0,194.65,OVER_EXPLOITED,CGWB2025,2025,https://cgwb.gov.in/cgwbpnm/publication-detail/1741,OFFICIAL_DISTRICT_AGGREGATE
Punjab,Malerkotla,7710.33,8468.38,1054.35,4360.02,21593.08,2159.31,19433.77,56132.45,541.2,2003.2,58676.84,2068.39,0.0,301.93,OVER_EXPLOITED,CGWB2025,2025,https://cgwb.gov.in/cgwbpnm/publication-detail/1741,OFFICIAL_DISTRICT_AGGREGATE
Punjab,Mansa,12645.19,39108.79,1732.58,26344.59,79831.15,7983.12,71848.03,77767.09,54.44,284.0,78105.53,293.23,6849.35,108.71,OVER_EXPLOITED,CGWB2025,2025,https://cgwb.gov.in/cgwbpnm/publication-detail/1741,OFFICIAL_DISTRICT_AGGREGATE
Punjab,Moga,17671.46,40648.01,2427.44,17169.95,77890.7,7791.68,70072.86,160446.0,122.32,2761.26,163329.59,2851.11,0.0,233.09,OVER_EXPLOITED,CGWB2025,2025,https://cgwb.gov.in/cgwbpnm/publication-detail/1741,OFFICIAL_DISTRICT_AGGREGATE
Punjab,Muktsar,11845.78,51758.12,2095.25,40149.56,105848.71,9584.58,96264.14,26700.53,73.15,0.0,26773.68,0.0,69490.46,27.81,SAFE,CGWB2025,2025,https://cgwb.gov.in/cgwbpnm/publication-detail/1741,OFFICIAL_DISTRICT_AGGREGATE
Punjab,Pathankot,12906.34,19987.43,2901.77,12309.14,48104.68,4810.47,43294.2,14747.46,172.96,2853.08,17773.52,2945.93,25427.83,41.05,SAFE,CGWB2025,2025,https://cgwb.gov.in/cgwbpnm/publication-detail/1741,OFFICIAL_DISTRICT_AGGREGATE
Punjab,Patiala,39828.39,33416.78,5147.87,21797.95,100190.99,9545.29,90645.7,180345.91,678.09,8002.53,189026.55,8262.91,0.0,208.53,OVER_EXPLOITED,CGWB2025,2025,https://cgwb.gov.in/cgwbpnm/publication-detail/1741,OFFICIAL_DISTRICT_AGGREGATE
Punjab,Rupnagar,20708.53,10715.73,3087.2,5901.46,41898.64,4041.3,39343.06,32962.6,656.67,2889.89,36509.16,2983.93,7723.12,92.8,CRITICAL,CGWB2025,2025,https://cgwb.gov.in/cgwbpnm/publication-detail/1741,OFFICIAL_DISTRICT_AGGREGATE
Punjab,SAS Nagar,13804.43,4892.38,2030.14,1923.46,22650.41,2265.04,20385.37,16165.28,3495.48,4170.45,23831.21,4306.16,889.16,116.9,OVER_EXPLOITED,CGWB2025,2025,https://cgwb.gov.in/cgwbpnm/publication-detail/1741,OFFICIAL_DISTRICT_AGGREGATE
Punjab,SBS Nagar,15521.53,27831.13,2160.79,7968.23,53578.38,4601.66,49073.41,53524.25,415.46,2598.15,56537.87,2682.7,3754.6,115.21,OVER_EXPLOITED,CGWB2025,2025,https://cgwb.gov.in/cgwbpnm/publication-detail/1741,OFFICIAL_DISTRICT_AGGREGATE
Punjab,Sangrur,26434.64,29063.28,3091.36,11663.67,70252.95,7025.29,63227.66,189450.32,1554.45,4993.12,195997.9,5155.6,0.0,309.99,OVER_EXPLOITED,CGWB2025,2025,https://cgwb.gov.in/cgwbpnm/publication-detail/1741,OFFICIAL_DISTRICT_AGGREGATE
Punjab,Tarn Taran,23147.5,30657.85,3901.0,10134.68,70108.95,6784.11,65592.76,127942.18,138.08,4736.85,132817.11,4890.98,0.0,202.49,OVER_EXPLOITED,CGWB2025,2025,https://cgwb.gov.in/cgwbpnm/publication-detail/1741,OFFICIAL_DISTRICT_AGGREGATE
Rajasthan,Ajmer,29133.64,2331.2,135.47,5711.81,37312.12,3731.21,33580.91,44940.04,176.0,1273.65,46389.72,1273.64,0.0,138.14,OVER_EXPLOITED,CGWB2025,2025,https://cgwb.gov.in/cgwbpnm/publication-detail/1741,OFFICIAL_DISTRICT_AGGREGATE
Rajasthan,Alwar,69652.58,950.67,2639.67,5077.93,78320.85,7832.07,70488.78,110871.6,3413.35,14105.78,128390.72,14105.78,0.0,182.14,OVER_EXPLOITED,CGWB2025,2025,https://cgwb.gov.in/cgwbpnm/publication-detail/1741,OFFICIAL_DISTRICT_AGGREGATE
Rajasthan,Banswara,10135.36,276.91,0.0,12812.87,23225.14,2322.52,20902.62,12006.74,4.02,2543.6,14554.39,2543.6,6531.65,69.63,SAFE,CGWB2025,2025,https://cgwb.gov.in/cgwbpnm/publication-detail/1741,OFFICIAL_DISTRICT_AGGREGATE
Rajasthan,Baran,39700.63,5288.92,0.0,19899.67,64889.22,6488.96,58400.26,69526.2,102.57,9157.31,78786.08,9157.31,2560.35,134.91,OVER_EXPLOITED,CGWB2025,2025,https://cgwb.gov.in/cgwbpnm/publication-detail/1741,OFFICIAL_DISTRICT_AGGREGATE
Rajasthan,Barmer,35746.38,671.2,121.93,2043.67,38583.18,3699.68,34883.49,39038.61,438.0,7441.06,46917.66,7441.07,1497.82,134.5,OVER_EXPLOITED,CGWB2025,2025,https://cgwb.gov.in/cgwbpnm/publication-detail/1741,OFFICIAL_DISTRICT_AGGREGATE
Rajasthan,Bharatpur,33588.12,1903.79,930.54,6150.13,42572.58,4257.26,38315.32,38013.04,71.85,6635.86,44720.79,6635.86,0.0,116.72,OVER_EXPLOITED,CGWB2025,2025,https://cgwb.gov.in/cgwbpnm/publication-detail/1741,OFFICIAL_DISTRICT_AGGREGATE
Rajasthan,Bhilwara,31464.62,55.91,0.0,13793.33,45313.86,4531.4,40782.47,57892.09,735.87,4913.46,63541.4,4913.48,891.21,155.81,OVER_EXPLOITED,CGWB2025,2025,https://cgwb.gov.in/cgwbpnm/publication-detail/1741,OFFICIAL_DISTRICT_AGGREGATE
Rajasthan,Bikaner,25230.31,725.62,3543.95,1828.06,31327.94,3132.79,28195.15,29146.3,71.0,10417.7,39635.01,10417.7,4603.17,140.57,OVER_EXPLOITED,CGWB2025,2025,https://cgwb.gov.in/cgwbpnm/publication-detail/1741,OFFICIAL_DISTRICT_AGGREGATE
Rajasthan,Bundi,18507.58,3419.15,0.0,14120.57,36047.3,3317.01,32730.29,27404.26,66.0,3920.14,31390.4,3920.13,6430.2,95.91,CRITICAL,CGWB2025,2025,https://cgwb.gov.in/cgwbpnm/publication-detail/1741,OFFICIAL_DISTRICT_AGGREGATE
Rajasthan,Chittaurgarh,23374.5,1703.32,0.0,9720.38,34798.2,3479.83,31318.37,48268.8,107.23,2317.04,50693.12,2317.04,98.15,161.86,OVER_EXPLOITED,CGWB2025,2025,https://cgwb.gov.in/cgwbpnm/publication-detail/1741,OFFICIAL_DISTRICT_AGGREGATE
Rajasthan,Churu,14581.09,25.27,1671.21,533.01,16810.58,1269.01,15541.57,16234.8,4.76,3789.82,20029.38,3789.81,1651.42,128.88,OVER_EXPLOITED,CGWB2025,2025,https://cgwb.gov.in/cgwbpnm/publication-detail/1741,OFFICIAL_DISTRICT_AGGREGATE
Rajasthan,Dausa,23973.09,912.11,152.05,2945.06,27982.31,2798.23,25184.08,46859.53,3.19,11726.5,58589.26,11726.5,0.0,232.64,OVER_EXPLOITED,CGWB2025,2025,https://cgwb.gov.in/cgwbpnm/publication-detail/1741,OFFICIAL_DISTRICT_AGGREGATE
Rajasthan,Dhaulpur,21316.72,1265.46,549.85,5541.93,28673.96,2867.4,25806.56,30790.56,15.73,4814.52,35620.82,4814.52,1290.79,138.03,OVER_EXPLOITED,CGWB2025,2025,https://cgwb.gov.in/cgwbpnm/publication-detail/1741,OFFICIAL_DISTRICT_AGGREGATE
Rajasthan,Dungarpur,8889.5,1158.36,0.0,12648.81,22696.67,2269.7,20426.97,11598.9,1.11,902.2,12502.23,902.21,7924.74,61.2,SAFE,CGWB2025,2025,https://cgwb.gov.in/cgwbpnm/publication-detail/1741,OFFICIAL_DISTRICT_AGGREGATE
Rajasthan,Ganganagar,4957.89,16465.73,1068.35,25611.35,48103.32,4810.35,43292.97,17395.72,39.0,43.72,17478.43,43.73,25814.53,40.37,SAFE,CGWB2025,2025,https://cgwb.gov.in/cgwbpnm/publication-detail/1741,OFFICIAL_DISTRICT_AGGREGATE
Rajasthan,Hanumangarh,5579.26,7924.31,1038.79,8323.2,22865.56,2286.56,20579.01,11659.04,200.0,1589.7,13448.76,1589.7,7130.25,65.35,SAFE,CGWB2025,2025,https://cgwb.gov.in/cgwbpnm/publication-detail/1741,OFFICIAL_DISTRICT_AGGREGATE
Rajasthan,Jaipur,66616.51,2262.08,1428.94,8583.24,78890.77,7513.01,71377.76,110263.23,1662.63,42974.34,154900.23,42974.33,0.0,217.01,OVER_EXPLOITED,CGWB2025,2025,https://cgwb.gov.in/cgwbpnm/publication-detail/1741,OFFICIAL_DISTRICT_AGGREGATE
Rajasthan,Jaisalmer,8704.43,334.66,639.45,1003.98,10682.52,1068.25,9614.27,26772.72,7.07,4163.1,30942.89,4163.11,0.0,321.84,OVER_EXPLOITED,CGWB2025,2025,https://cgwb.gov.in/cgwbpnm/publication-detail/1741,OFFICIAL_DISTRICT_AGGREGATE
Rajasthan,Jalor,39493.2,1181.76,0.0,7977.24,48652.2,3996.0,44656.19,75154.2,2.58,4395.11,79551.91,4395.1,315.08,178.14,OVER_EXPLOITED,CGWB2025,2025,https://cgwb.gov.in/cgwbpnm/publication-detail/1741,OFFICIAL_DISTRICT_AGGREGATE
Rajasthan,Jhalawar,40682.91,4813.42,0.0,13594.34,59090.67,5554.66,53536.01,52508.24,0.41,4201.02,56709.65,4201.01,6916.95,105.93,OVER_EXPLOITED,CGWB2025,2025,https://cgwb.gov.in/cgwbpnm/publication-detail/1741,OFFICIAL_DISTRICT_AGGREGATE
Rajasthan,Jhunjhunu,21241.74,451.49,1629.07,1606.77,24929.07,2492.92,22436.15,35293.73,564.16,15194.84,51052.73,15194.84,0.0,227.55,OVER_EXPLOITED,CGWB2025,2025,https://cgwb.gov.in/cgwbpnm/publication-detail/1741,OFFICIAL_DISTRICT_AGGREGATE
Rajasthan,Jodhpur,36574.23,1042.41,1053.98,3058.93,41729.55,3651.05,38078.5,80593.17,677.58,15817.12,97087.88,15817.12,185.0,254.97,OVER_EXPLOITED,CGWB2025,2025,https://cgwb.gov.in/cgwbpnm/publication-detail/1741,OFFICIAL_DISTRICT_AGGREGATE
Rajasthan,Karauli,30429.23,1617.51,186.03,4092.81,36325.58,3632.58,32693.0,43291.98,0.07,5581.72,48873.77,5581.72,2075.5,149.49,OVER_EXPLOITED,CGWB2025,2025,https://cgwb.gov.in/cgwbpnm/publication-detail/1741,OFFICIAL_DISTRICT_AGGREGATE
Rajasthan,Kota,28950.05,3337.23,0.0,20177.94,52465.22,5246.53,47218.69,42230.64,180.93,9995.15,52406.72,9995.17,3967.74,110.99,OVER_EXPLOITED,CGWB2025,2025,https://cgwb.gov.in/cgwbpnm/publication-detail/1741,OFFICIAL_DISTRICT_AGGREGATE
Rajasthan,Nagaur,58274.13,1142.18,1778.85,3545.08,64740.24,6081.03,58659.2,93744.87,1147.65,14938.2,109830.72,14938.2,239.56,187.24,OVER_EXPLOITED,CGWB2025,2025,https://cgwb.gov.in/cgwbpnm/publication-detail/1741,OFFICIAL_DISTRICT_AGGREGATE
Rajasthan,Pali,29570.83,632.04,0.0,4896.43,35099.3,3509.94,31589.37,45326.38,20.82,4665.78,50012.98,4665.79,1955.04,158.32,OVER_EXPLOITED,CGWB2025,2025,https://cgwb.gov.in/cgwbpnm/publication-detail/1741,OFFICIAL_DISTRICT_AGGREGATE
Rajasthan,Pratapgarh,15649.55,171.37,0.0,7627.42,23448.34,2344.85,21103.49,26542.56,19.0,698.21,27259.76,698.21,966.9,129.17,OVER_EXPLOITED,CGWB2025,2025,https://cgwb.gov.in/cgwbpnm/publication-detail/1741,OFFICIAL_DISTRICT_AGGREGATE
Rajasthan,Rajsamand,8770.02,526.28,34.61,3180.05,12510.96,1251.11,11259.85,10567.77,391.64,2627.13,13586.56,2627.12,639.86,120.66,OVER_EXPLOITED,CGWB2025,2025,https://cgwb.gov.in/cgwbpnm/publication-detail/1741,OFFICIAL_DISTRICT_AGGREGATE
Rajasthan,Sawai Madhopur,33429.9,1627.57,5.98,11305.87,46369.32,4636.93,41732.38,55627.54,0.22,7850.49,63478.28,7850.49,0.0,152.11,OVER_EXPLOITED,CGWB2025,2025,https://cgwb.gov.in/cgwbpnm/publication-detail/1741,OFFICIAL_DISTRICT_AGGREGATE
Rajasthan,Sikar,31661.45,2583.34,2005.48,2320.15,38570.42,3642.99,34927.43,51781.85,221.31,14828.94,66832.1,14828.94,789.93,191.35,OVER_EXPLOITED,CGWB2025,2025,https://cgwb.gov.in/cgwbpnm/publication-detail/1741,OFFICIAL_DISTRICT_AGGREGATE
Rajasthan,Sirohi,25977.5,251.78,0.0,4784.21,31013.49,3101.38,27912.11,30964.36,348.31,1985.6,33298.27,1985.6,602.27,119.3,OVER_EXPLOITED,CGWB2025,2025,https://cgwb.gov.in/cgwbpnm/publication-detail/1741,OFFICIAL_DISTRICT_AGGREGATE
Rajasthan,Tonk,32023.3,3845.98,2196.96,11658.71,49724.95,4730.59,44994.37,29966.06,36.0,11131.7,41133.76,11131.7,6222.27,91.42,CRITICAL,CGWB2025,2025,https://cgwb.gov.in/cgwbpnm/publication-detail/1741,OFFICIAL_DISTRICT_AGGREGATE
Rajasthan,Udaipur,21350.3,907.54,11.71,10973.16,33242.71,3292.02,29950.69,23941.4,2059.79,3972.54,29973.72,3972.56,1944.29,100.08,OVER_EXPLOITED,CGWB2025,2025,https://cgwb.gov.in/cgwbpnm/publication-detail/1741,OFFICIAL_DISTRICT_AGGREGATE
Sikkim,Gangtok,4873.69,116.25,1802.51,24.21,6816.66,681.69,6134.97,285.1,6.08,118.51,409.7,141.85,5701.94,6.68,SAFE,CGWB2025,2025,https://cgwb.gov.in/cgwbpnm/publication-detail/1741,OFFICIAL_DISTRICT_AGGREGATE
Sikkim,Gyalsingh,2950.55,100.79,736.4,3.83,3791.57,379.15,3412.42,206.1,0.0,31.49,237.59,35.52,3170.79,6.96,SAFE,CGWB2025,2025,https://cgwb.gov.in/cgwbpnm/publication-detail/1741,OFFICIAL_DISTRICT_AGGREGATE
Sikkim,Mangan,2335.37,43.0,1331.55,6.67,3716.59,371.65,3344.94,83.6,0.0,21.39,104.98,23.01,3238.33,3.14,SAFE,CGWB2025,2025,https://cgwb.gov.in/cgwbpnm/publication-detail/1741,OFFICIAL_DISTRICT_AGGREGATE
Sikkim,Namchi,2868.71,61.83,609.61,5.81,3545.96,354.58,3191.38,136.45,16.19,61.22,213.91,69.87,2968.83,6.7,SAFE,CGWB2025,2025,https://cgwb.gov.in/cgwbpnm/publication-detail/1741,OFFICIAL_DISTRICT_AGGREGATE
Sikkim,Pakyong,3624.05,48.5,1340.34,9.92,5022.81,502.28,4520.53,120.6,61.2,38.34,220.16,45.89,4292.83,4.87,SAFE,CGWB2025,2025,https://cgwb.gov.in/cgwbpnm/publication-detail/1741,OFFICIAL_DISTRICT_AGGREGATE
Sikkim,Soreng,992.01,28.46,247.59,2.91,1270.97,127.1,1143.87,62.7,0.0,27.34,90.05,30.85,1050.31,7.87,SAFE,CGWB2025,2025,https://cgwb.gov.in/cgwbpnm/publication-detail/1741,OFFICIAL_DISTRICT_AGGREGATE
Tamil Nadu,Ariyalur,18967.34,17950.85,480.9,3643.1,41042.19,3701.29,37340.9,16088.46,84.23,1933.45,18106.13,2044.67,19293.7,48.49,SAFE,CGWB2025,2025,https://cgwb.gov.in/cgwbpnm/publication-detail/1741,OFFICIAL_DISTRICT_AGGREGATE
Tamil Nadu,Chengalpattu,22918.95,40405.53,5.95,5761.93,69092.36,6250.37,62841.99,39065.75,536.15,762.89,40364.83,1619.7,21783.96,64.23,SAFE,CGWB2025,2025,https://cgwb.gov.in/cgwbpnm/publication-detail/1741,OFFICIAL_DISTRICT_AGGREGATE
Tamil Nadu,Chennai,7643.81,1302.86,0.0,849.78,9796.45,879.15,8917.3,169.3,1345.1,9340.04,10854.47,9577.41,805.19,121.72,OVER_EXPLOITED,CGWB2025,2025,https://cgwb.gov.in/cgwbpnm/publication-detail/1741,OFFICIAL_DISTRICT_AGGREGATE
Tamil Nadu,Coimbatore,26994.14,24562.02,3416.63,7327.06,62299.85,6014.8,56285.05,48543.96,1626.59,1525.07,51695.65,1891.68,21377.04,91.85,CRITICAL,CGWB2025,2025,https://cgwb.gov.in/cgwbpnm/publication-detail/1741,OFFICIAL_DISTRICT_AGGREGATE
Tamil Nadu,Cuddalore,57545.48,47939.09,1137.94,11174.79,117797.3,10853.56,106943.73,65822.15,83.98,1780.22,67686.36,3620.47,46001.41,63.29,SAFE,CGWB2025,2025,https://cgwb.gov.in/cgwbpnm/publication-detail/1741,OFFICIAL_DISTRICT_AGGREGATE
Tamil Nadu,Dharmapuri,22351.89,12686.6,2744.22,15214.34,52997.05,5055.32,47941.74,42152.89,47.5,763.13,42963.53,1716.38,7849.03,89.62,SEMI_CRITICAL,CGWB2025,2025,https://cgwb.gov.in/cgwbpnm/publication-detail/1741,OFFICIAL_DISTRICT_AGGREGATE
Tamil Nadu,Dindigul,22302.37,23789.63,2895.84,10532.78,59520.62,5886.01,53634.62,60821.67,429.92,1742.83,62994.42,5026.04,9113.96,117.45,OVER_EXPLOITED,CGWB2025,2025,https://cgwb.gov.in/cgwbpnm/publication-detail/1741,OFFICIAL_DISTRICT_AGGREGATE
Tamil Nadu,Erode,14952.43,58482.6,2739.94,14939.06,91114.03,8939.32,82174.7,60981.7,1197.81,924.92,63104.41,4261.63,25855.34,76.79,SEMI_CRITICAL,CGWB2025,2025,https://cgwb.gov.in/cgwbpnm/publication-detail/1741,OFFICIAL_DISTRICT_AGGREGATE
Tamil Nadu,Kallakurichchi,25450.83,28373.88,460.07,10430.12,64714.9,5696.13,59018.77,47165.74,37.3,630.35,47833.39,1735.64,13307.89,81.05,SEMI_CRITICAL,CGWB2025,2025,https://cgwb.gov.in/cgwbpnm/publication-detail/1741,OFFICIAL_DISTRICT_AGGREGATE
Tamil Nadu,Kancheepuram,18504.7,33878.15,5.77,6758.06,59146.68,5603.99,53542.69,24650.28,1213.59,324.12,26188.01,1058.9,26882.2,48.91,SAFE,CGWB2025,2025,https://cgwb.gov.in/cgwbpnm/publication-detail/1741,OFFICIAL_DISTRICT_AGGREGATE
Tamil Nadu,Kanniyakumari,8885.68,18801.61,1953.26,6264.52,35905.07,3590.48,32314.57,3256.2,141.3,1051.28,4448.77,1278.43,27731.87,13.77,SAFE,CGWB2025,2025,https://cgwb.gov.in/cgwbpnm/publication-detail/1741,OFFICIAL_DISTRICT_AGGREGATE
Tamil Nadu,Karur,12020.89,15922.12,1466.09,2939.49,32348.59,3149.67,29198.92,29132.7,452.13,525.24,30110.06,1258.74,6075.14,103.12,OVER_EXPLOITED,CGWB2025,2025,https://cgwb.gov.in/cgwbpnm/publication-detail/1741,OFFICIAL_DISTRICT_AGGREGATE
Tamil Nadu,Krishnagiri,18057.31,18588.31,2653.56,16521.46,55820.64,5349.28,50471.35,45394.76,763.51,465.08,46623.35,2321.29,7408.06,92.38,CRITICAL,CGWB2025,2025,https://cgwb.gov.in/cgwbpnm/publication-detail/1741,OFFICIAL_DISTRICT_AGGREGATE
Tamil Nadu,Madurai,22959.38,32708.13,3234.0,17048.09,75949.6,7387.73,70769.07,41950.0,3359.31,4569.65,49878.95,6291.98,22673.54,70.48,SEMI_CRITICAL,CGWB2025,2025,https://cgwb.gov.in/cgwbpnm/publication-detail/1741,OFFICIAL_DISTRICT_AGGREGATE
Tamil Nadu,Mayiladuthurai,13369.96,30874.52,399.03,820.84,45464.35,4546.41,40917.94,46308.62,0.0,1409.91,47718.53,6703.12,2833.98,116.62,OVER_EXPLOITED,CGWB2025,2025,https://cgwb.gov.in/cgwbpnm/publication-detail/1741,OFFICIAL_DISTRICT_AGGREGATE
Tamil Nadu,Namakkal,20920.88,25539.18,4551.89,7155.45,58167.4,5733.74,52433.66,59113.88,589.23,1044.27,60747.37,2120.67,8981.76,115.86,OVER_EXPLOITED,CGWB2025,2025,https://cgwb.gov.in/cgwbpnm/publication-detail/1741,OFFICIAL_DISTRICT_AGGREGATE
Tamil Nadu,Perambalur,10200.78,13202.49,517.94,4962.59,28883.8,2888.39,25995.4,26970.04,41.82,505.17,27517.06,946.33,7949.88,105.85,OVER_EXPLOITED,CGWB2025,2025,https://cgwb.gov.in/cgwbpnm/publication-detail/1741,OFFICIAL_DISTRICT_AGGREGATE
Tamil Nadu,Pudukkottai,30431.55,60377.81,1999.78,14085.0,106894.14,10689.44,96204.7,45772.34,602.02,1066.55,47440.95,2202.58,47699.18,49.31,SAFE,CGWB2025,2025,https://cgwb.gov.in/cgwbpnm/publication-detail/1741,OFFICIAL_DISTRICT_AGGREGATE
Tamil Nadu,Ramanathapuram,14461.82,36676.31,1914.78,7892.1,60945.01,6094.54,54850.47,5697.9,68.5,263.65,6030.07,1372.27,47711.78,10.99,SAFE,CGWB2025,2025,https://cgwb.gov.in/cgwbpnm/publication-detail/1741,OFFICIAL_DISTRICT_AGGREGATE
Tamil Nadu,Ranipet,14292.49,11526.9,799.15,6337.59,32956.13,2834.33,30121.8,22763.32,1245.17,1454.03,25462.52,2341.36,4947.4,84.53,SEMI_CRITICAL,CGWB2025,2025,https://cgwb.gov.in/cgwbpnm/publication-detail/1741,OFFICIAL_DISTRICT_AGGREGATE
Tamil Nadu,Salem,18822.33,26778.39,1948.2,5197.86,52746.78,5215.96,47530.82,68713.83,344.3,1062.28,70120.4,2615.03,9731.85,147.53,OVER_EXPLOITED,CGWB2025,2025,https://cgwb.gov.in/cgwbpnm/publication-detail/1741,OFFICIAL_DISTRICT_AGGREGATE
Tamil Nadu,Sivagangai,32957.13,40336.38,3346.99,1365.05,78005.55,7577.39,70428.15,16647.12,260.16,1430.79,18338.08,5161.23,48359.63,26.04,SAFE,CGWB2025,2025,https://cgwb.gov.in/cgwbpnm/publication-detail/1741,OFFICIAL_DISTRICT_AGGREGATE
Tamil Nadu,Tenkasi,11479.88,37226.31,2477.06,8359.23,59542.48,5876.69,53665.79,39827.34,187.08,895.93,40910.3,2499.62,21304.56,76.23,SEMI_CRITICAL,CGWB2025,2025,https://cgwb.gov.in/cgwbpnm/publication-detail/1741,OFFICIAL_DISTRICT_AGGREGATE
Tamil Nadu,Thanjavur,59703.36,40887.94,3319.09,12066.68,115977.07,11406.25,104570.81,95958.26,768.41,8725.99,105452.67,9067.32,13620.86,100.84,OVER_EXPLOITED,CGWB2025,2025,https://cgwb.gov.in/cgwbpnm/publication-detail/1741,OFFICIAL_DISTRICT_AGGREGATE
Tamil Nadu,The Nilgiris,6775.07,364.69,659.92,162.5,7962.18,796.22,7165.96,654.2,52.4,209.59,916.18,9940.14,4366.47,12.79,SAFE,CGWB2025,2025,https://cgwb.gov.in/cgwbpnm/publication-detail/1741,OFFICIAL_DISTRICT_AGGREGATE
Tamil Nadu,Theni,6182.02,16740.58,1386.51,5664.78,29973.89,2997.38,26976.5,21731.62,127.12,701.42,22560.19,1006.08,7914.97,83.63,SEMI_CRITICAL,CGWB2025,2025,https://cgwb.gov.in/cgwbpnm/publication-detail/1741,OFFICIAL_DISTRICT_AGGREGATE
Tamil Nadu,Thiruvarur,17756.72,31080.51,966.26,3518.35,53321.84,5332.21,47989.63,22191.99,779.46,2826.39,25797.83,9502.81,22868.33,53.76,SAFE,CGWB2025,2025,https://cgwb.gov.in/cgwbpnm/publication-detail/1741,OFFICIAL_DISTRICT_AGGREGATE
Tamil Nadu,Thoothukudi,20707.75,45814.61,2898.0,16453.21,85873.57,8370.07,77503.52,20499.32,420.61,464.67,21384.64,1764.51,55411.0,27.59,SAFE,CGWB2025,2025,https://cgwb.gov.in/cgwbpnm/publication-detail/1741,OFFICIAL_DISTRICT_AGGREGATE
Tamil Nadu,Tiruchirappalli,20802.99,39580.68,1797.25,8720.91,70901.83,6659.11,64242.73,52609.59,647.73,1159.35,54416.71,3024.97,23562.33,84.7,SEMI_CRITICAL,CGWB2025,2025,https://cgwb.gov.in/cgwbpnm/publication-detail/1741,OFFICIAL_DISTRICT_AGGREGATE
Tamil Nadu,Tirunelveli,17965.33,48726.52,3906.46,17094.83,87693.14,8692.42,79000.72,31513.85,126.44,740.47,32380.76,1339.97,46719.91,40.99,SAFE,CGWB2025,2025,https://cgwb.gov.in/cgwbpnm/publication-detail/1741,OFFICIAL_DISTRICT_AGGREGATE
Tamil Nadu,Tirupathur,5154.96,2384.57,543.84,2695.4,10778.77,1065.87,9712.9,13354.12,31.09,492.02,13877.23,2236.07,157.68,142.87,OVER_EXPLOITED,CGWB2025,2025,https://cgwb.gov.in/cgwbpnm/publication-detail/1741,OFFICIAL_DISTRICT_AGGREGATE
Tamil Nadu,Tiruppur,16058.84,36992.08,2665.22,14517.64,70233.78,6825.85,63407.92,53056.19,841.68,597.15,54494.93,3581.85,18345.92,85.94,SEMI_CRITICAL,CGWB2025,2025,https://cgwb.gov.in/cgwbpnm/publication-detail/1741,OFFICIAL_DISTRICT_AGGREGATE
Tamil Nadu,Tiruvallur,51601.08,21214.78,58.81,9195.58,82070.25,6824.97,75245.28,38258.2,1323.8,2093.14,41675.16,7371.82,29017.55,55.39,SAFE,CGWB2025,2025,https://cgwb.gov.in/cgwbpnm/publication-detail/1741,OFFICIAL_DISTRICT_AGGREGATE
Tamil Nadu,Tiruvannamalai,28686.15,58364.68,400.68,24851.4,112302.91,10745.17,101557.73,76692.87,3010.27,7580.78,87283.91,8421.32,18628.41,85.95,SEMI_CRITICAL,CGWB2025,2025,https://cgwb.gov.in/cgwbpnm/publication-detail/1741,OFFICIAL_DISTRICT_AGGREGATE
Tamil Nadu,Vellore,7547.21,5851.65,301.1,6493.76,20193.72,2019.41,18174.31,20676.33,282.73,1168.45,22127.51,2908.62,665.1,121.75,OVER_EXPLOITED,CGWB2025,2025,https://cgwb.gov.in/cgwbpnm/publication-detail/1741,OFFICIAL_DISTRICT_AGGREGATE
Tamil Nadu,Villupuram,43999.82,42861.45,76.59,17511.06,104448.92,9975.66,94473.26,79432.31,53.4,1130.49,80616.18,3527.47,15719.39,85.33,SEMI_CRITICAL,CGWB2025,2025,https://cgwb.gov.in/cgwbpnm/publication-detail/1741,OFFICIAL_DISTRICT_AGGREGATE
Tamil Nadu,Virudhunagar,10938.1,35065.26,2125.27,9774.6,57903.23,5713.43,52189.79,31278.44,1857.3,433.91,33569.66,1815.72,18955.23,64.32,SAFE,CGWB2025,2025,https://cgwb.gov.in/cgwbpnm/publication-detail/1741,OFFICIAL_DISTRICT_AGGREGATE
Telangana,Adilabad,26699.78,12148.85,4473.35,13023.5,56345.48,5325.11,51020.35,17137.06,310.88,3168.82,20616.71,3844.61,30401.45,40.41,SAFE,CGWB2025,2025,https://cgwb.gov.in/cgwbpnm/publication-detail/1741,OFFICIAL_DISTRICT_AGGREGATE
Telangana,Bhadradri Kothagudem,58274.92,31052.91,8389.74,14069.95,111787.53,10680.01,101107.48,25308.62,3613.08,4383.92,33305.65,4870.51,70376.61,32.94,SAFE,CGWB2025,2025,https://cgwb.gov.in/cgwbpnm/publication-detail/1741,OFFICIAL_DISTRICT_AGGREGATE
Telangana,Hanumakonda,13855.99,18606.73,108.34,20815.75,53386.81,5206.21,48180.65,26634.74,984.02,1703.61,29322.31,1703.6,20016.86,60.86,SAFE,CGWB2025,2025,https://cgwb.gov.in/cgwbpnm/publication-detail/1741,OFFICIAL_DISTRICT_AGGREGATE
Telangana,Hyderabad,1023.17,1833.28,244.04,3682.02,6782.51,616.97,6165.55,0.0,415.8,5646.03,6061.83,5962.35,1057.75,98.32,CRITICAL,CGWB2025,2025,https://cgwb.gov.in/cgwbpnm/publication-detail/1741,OFFICIAL_DISTRICT_AGGREGATE
Telangana,Jagtial,19131.47,30671.68,1679.65,26063.15,77545.95,7491.27,70054.71,24241.92,595.7,300.25,25138.14,2217.22,43025.29,35.88,SAFE,CGWB2025,2025,https://cgwb.gov.in/cgwbpnm/publication-detail/1741,OFFICIAL_DISTRICT_AGGREGATE
Telangana,Jangaon,15289.14,13038.0,2411.68,10439.27,41178.08,3478.74,37699.4,20433.99,465.3,1513.63,22412.85,1856.86,15084.23,59.45,SAFE,CGWB2025,2025,https://cgwb.gov.in/cgwbpnm/publication-detail/1741,OFFICIAL_DISTRICT_AGGREGATE
Telangana,Jogulamba Gadwal,10377.09,20487.12,2588.33,15516.23,48968.77,4630.26,44338.54,12769.83,143.47,388.49,13301.68,680.16,31383.02,30.0,SAFE,CGWB2025,2025,https://cgwb.gov.in/cgwbpnm/publication-detail/1741,OFFICIAL_DISTRICT_AGGREGATE
Telangana,Kamareddy,30924.62,18885.47,2879.63,19346.22,72035.94,6840.66,65195.21,31394.09,636.93,1023.18,33054.31,2302.68,37052.05,50.7,SAFE,CGWB2025,2025,https://cgwb.gov.in/cgwbpnm/publication-detail/1741,OFFICIAL_DISTRICT_AGGREGATE
Telangana,Karimnagar,15092.12,36139.16,1785.92,40790.15,93807.34,9156.23,84651.12,23508.35,1584.1,3109.68,28201.9,3390.87,56886.12,33.32,SAFE,CGWB2025,2025,https://cgwb.gov.in/cgwbpnm/publication-detail/1741,OFFICIAL_DISTRICT_AGGREGATE
Telangana,Khammam,30764.05,57339.26,6175.1,23928.26,118206.67,11260.0,106946.61,40332.09,1365.0,3988.53,45685.64,4619.2,62600.95,42.72,SAFE,CGWB2025,2025,https://cgwb.gov.in/cgwbpnm/publication-detail/1741,OFFICIAL_DISTRICT_AGGREGATE
Telangana,Komarambheem Asifabad,32477.89,14398.72,899.14,14799.22,62574.97,5783.68,56791.34,11076.81,442.4,376.27,11895.52,836.82,44548.16,20.95,SAFE,CGWB2025,2025,https://cgwb.gov.in/cgwbpnm/publication-detail/1741,OFFICIAL_DISTRICT_AGGREGATE
Telangana,Mahabubabad,34732.5,16381.8,1730.38,18296.47,71141.15,6891.07,64250.08,33305.91,1572.28,1385.41,36263.58,1794.03,28347.08,56.44,SAFE,CGWB2025,2025,https://cgwb.gov.in/cgwbpnm/publication-detail/1741,OFFICIAL_DISTRICT_AGGREGATE
Telangana,Mahabubnagar,10507.86,13584.87,2155.46,10108.57,36356.76,3298.44,33058.38,23841.4,780.06,558.11,25179.69,955.42,9347.05,76.17,SEMI_CRITICAL,CGWB2025,2025,https://cgwb.gov.in/cgwbpnm/publication-detail/1741,OFFICIAL_DISTRICT_AGGREGATE
Telangana,Mancherial,35363.47,26315.47,0.0,35361.67,97040.61,8782.37,88258.31,34302.79,2122.15,487.71,36912.82,505.63,47683.28,41.82,SAFE,CGWB2025,2025,https://cgwb.gov.in/cgwbpnm/publication-detail/1741,OFFICIAL_DISTRICT_AGGREGATE
Telangana,Medak,19040.06,16541.49,2063.12,17156.08,54800.75,5303.45,49497.25,31723.7,1331.94,1370.47,34425.94,1937.49,16488.46,69.55,SAFE,CGWB2025,2025,https://cgwb.gov.in/cgwbpnm/publication-detail/1741,OFFICIAL_DISTRICT_AGGREGATE
Telangana,Medchal Malkajgiri,5607.76,1531.22,1088.17,2570.15,10797.3,1060.47,9736.91,4125.5,1715.39,1337.02,7177.96,5287.61,3250.33,73.72,SEMI_CRITICAL,CGWB2025,2025,https://cgwb.gov.in/cgwbpnm/publication-detail/1741,OFFICIAL_DISTRICT_AGGREGATE
Telangana,Mulug,27495.56,16564.38,1720.41,14623.01,60403.35,5753.29,54650.14,13152.22,104.19,548.1,13804.67,858.49,37985.99,25.26,SAFE,CGWB2025,2025,https://cgwb.gov.in/cgwbpnm/publication-detail/1741,OFFICIAL_DISTRICT_AGGREGATE
Telangana,Nagarkurnool,27925.06,25341.79,7400.19,35818.54,96485.58,9009.21,87476.46,33074.55,415.4,1568.66,35058.64,1596.03,53374.71,40.08,SAFE,CGWB2025,2025,https://cgwb.gov.in/cgwbpnm/publication-detail/1741,OFFICIAL_DISTRICT_AGGREGATE
Telangana,Nalgonda,33499.38,51913.09,9343.37,47114.47,141870.31,13622.84,128247.44,53491.43,4382.93,5279.57,63153.93,5279.57,69253.24,49.24,SAFE,CGWB2025,2025,https://cgwb.gov.in/cgwbpnm/publication-detail/1741,OFFICIAL_DISTRICT_AGGREGATE
Telangana,Narayanpet,11559.56,10922.91,2161.5,9076.75,33720.72,3185.2,30535.49,11062.9,467.59,225.24,11755.47,1304.98,18108.06,38.5,SAFE,CGWB2025,2025,https://cgwb.gov.in/cgwbpnm/publication-detail/1741,OFFICIAL_DISTRICT_AGGREGATE
Telangana,Nirmal,28015.1,22919.27,1406.95,22847.67,75188.99,7028.03,68160.8,23772.46,641.68,1154.8,25568.97,1530.87,42571.78,37.51,SAFE,CGWB2025,2025,https://cgwb.gov.in/cgwbpnm/publication-detail/1741,OFFICIAL_DISTRICT_AGGREGATE
Telangana,Nizamabad,35143.56,36551.92,2391.14,36605.63,110692.25,10545.42,100146.81,50018.08,405.74,1670.36,52094.18,2526.84,39741.43,52.02,SAFE,CGWB2025,2025,https://cgwb.gov.in/cgwbpnm/publication-detail/1741,OFFICIAL_DISTRICT_AGGREGATE
Telangana,Peddapalle,15150.73,17753.2,1203.13,18091.92,52198.98,4965.64,47233.35,19274.23,1663.2,1252.81,22190.24,1934.95,25176.0,46.98,SAFE,CGWB2025,2025,https://cgwb.gov.in/cgwbpnm/publication-detail/1741,OFFICIAL_DISTRICT_AGGREGATE
Telangana,Rajanna Siricilla,12960.7,14196.72,1589.95,16880.21,45627.58,4219.2,41408.46,27563.88,1094.44,117.9,28776.17,248.54,13249.13,69.49,SAFE,CGWB2025,2025,https://cgwb.gov.in/cgwbpnm/publication-detail/1741,OFFICIAL_DISTRICT_AGGREGATE
Telangana,Rangareddy,24573.67,13966.37,6461.28,10958.23,55959.55,5382.53,50577.15,28315.94,1167.21,4195.23,33677.53,5748.77,18548.11,66.59,SAFE,CGWB2025,2025,https://cgwb.gov.in/cgwbpnm/publication-detail/1741,OFFICIAL_DISTRICT_AGGREGATE
Telangana,Sangareddy,27766.24,6839.9,4666.9,7023.24,46296.28,4419.34,41876.9,16272.63,1711.88,2171.03,20155.5,2985.4,22473.25,48.13,SAFE,CGWB2025,2025,https://cgwb.gov.in/cgwbpnm/publication-detail/1741,OFFICIAL_DISTRICT_AGGREGATE
Telangana,Siddipet,25362.55,15211.53,0.23,14629.06,55203.37,5507.86,49695.51,31965.4,1015.4,1187.43,34168.15,1210.73,15813.63,68.76,SAFE,CGWB2025,2025,https://cgwb.gov.in/cgwbpnm/publication-detail/1741,OFFICIAL_DISTRICT_AGGREGATE
Telangana,Suryapet,20382.47,47377.06,3805.79,42858.84,114424.16,11152.85,103271.29,27385.55,1194.33,2394.32,30974.16,3161.69,71640.77,29.99,SAFE,CGWB2025,2025,https://cgwb.gov.in/cgwbpnm/publication-detail/1741,OFFICIAL_DISTRICT_AGGREGATE
Telangana,Vikarabad,19368.34,6788.27,1336.42,8897.21,36390.24,3639.24,32751.0,19118.35,156.6,590.66,19865.71,2002.83,12252.41,60.66,SAFE,CGWB2025,2025,https://cgwb.gov.in/cgwbpnm/publication-detail/1741,OFFICIAL_DISTRICT_AGGREGATE
Telangana,Wanaparthy,9138.64,32296.69,2087.49,27325.54,70848.35,6699.05,64149.3,27349.42,508.19,499.88,28357.28,1217.27,35548.0,44.21,SAFE,CGWB2025,2025,https://cgwb.gov.in/cgwbpnm/publication-detail/1741,OFFICIAL_DISTRICT_AGGREGATE
Telangana,Warangal,12038.96,21555.44,1528.03,20866.83,55989.26,5386.73,50602.5,27204.98,1287.0,907.47,29399.27,1504.03,21644.34,58.1,SAFE,CGWB2025,2025,https://cgwb.gov.in/cgwbpnm/publication-detail/1741,OFFICIAL_DISTRICT_AGGREGATE
Telangana,Yadadri Bhuvanagiri,19265.68,27005.47,4595.73,25594.97,76461.84,7324.45,69137.42,40966.75,4458.72,2702.79,48128.23,2704.14,25096.14,69.61,SAFE,CGWB2025,2025,https://cgwb.gov.in/cgwbpnm/publication-detail/1741,OFFICIAL_DISTRICT_AGGREGATE
Tripura,Dhalai,16607.03,1314.35,3475.79,990.39,22387.56,4007.77,18379.79,378.43,0.15,972.39,1350.98,1255.82,16745.36,7.35,SAFE,CGWB2025,2025,https://cgwb.gov.in/cgwbpnm/publication-detail/1741,OFFICIAL_DISTRICT_AGGREGATE
Tripura,Gomati,16125.91,1489.84,2949.07,5774.2,26339.02,4141.94,22197.08,387.33,0.6,915.46,1303.37,1081.24,20727.92,5.87,SAFE,CGWB2025,2025,https://cgwb.gov.in/cgwbpnm/publication-detail/1741,OFFICIAL_DISTRICT_AGGREGATE
Tripura,Khowai,7338.87,1165.66,1863.24,2250.84,12618.61,1457.69,11160.92,133.17,24.31,667.8,825.27,770.15,10233.29,7.39,SAFE,CGWB2025,2025,https://cgwb.gov.in/cgwbpnm/publication-detail/1741,OFFICIAL_DISTRICT_AGGREGATE
Tripura,North Tripura,9650.36,1161.33,2428.6,539.48,13779.77,4732.32,9047.45,72.25,11.27,1020.0,1103.5,1247.14,7716.79,12.2,SAFE,CGWB2025,2025,https://cgwb.gov.in/cgwbpnm/publication-detail/1741,OFFICIAL_DISTRICT_AGGREGATE
Tripura,Sepahijala,11628.77,1961.15,2499.29,6780.92,22870.13,4889.52,17980.61,578.57,4.24,1037.85,1620.66,1196.95,16200.85,9.01,SAFE,CGWB2025,2025,https://cgwb.gov.in/cgwbpnm/publication-detail/1741,OFFICIAL_DISTRICT_AGGREGATE
Tripura,South Tripura,17423.58,1880.49,2723.23,5185.28,27212.58,5176.11,22036.47,1318.6,5.54,967.84,2291.98,1143.11,19569.22,10.4,SAFE,CGWB2025,2025,https://cgwb.gov.in/cgwbpnm/publication-detail/1741,OFFICIAL_DISTRICT_AGGREGATE
Tripura,Unakoti,7309.12,1026.44,1529.34,539.71,10404.61,2180.12,8224.49,166.25,7.88,680.09,854.23,831.54,7218.8,10.39,SAFE,CGWB2025,2025,https://cgwb.gov.in/cgwbpnm/publication-detail/1741,OFFICIAL_DISTRICT_AGGREGATE
Tripura,West Tripura,10991.44,1211.65,2279.69,3089.38,17572.16,2427.89,15144.27,668.34,212.82,2266.43,3147.56,2676.85,11586.29,20.78,SAFE,CGWB2025,2025,https://cgwb.gov.in/cgwbpnm/publication-detail/1741,OFFICIAL_DISTRICT_AGGREGATE
Uttar Pradesh,Agra,43211.57,16011.08,705.65,33287.58,93215.88,7273.14,85942.74,84301.3,195.66,11238.71,95735.64,13500.29,5594.16,111.39,OVER_EXPLOITED,CGWB2025,2025,https://cgwb.gov.in/cgwbpnm/publication-detail/1741,OFFICIAL_DISTRICT_AGGREGATE
Uttar Pradesh,Aligarh,47529.82,16880.82,1607.99,34261.19,100279.82,7699.68,92580.14,61691.09,544.39,12058.99,74294.47,13090.45,20215.9,80.25,SEMI_CRITICAL,CGWB2025,2025,https://cgwb.gov.in/cgwbpnm/publication-detail/1741,OFFICIAL_DISTRICT_AGGREGATE
Uttar Pradesh,Ambedkar Nagar,52738.03,11920.59,392.18,15537.08,80587.88,8058.8,72529.08,39204.25,46.42,6484.45,45735.12,6670.83,26607.6,63.06,SAFE,CGWB2025,2025,https://cgwb.gov.in/cgwbpnm/publication-detail/1741,OFFICIAL_DISTRICT_AGGREGATE
Uttar Pradesh,Amethi,40904.07,20849.35,891.9,27104.36,89749.68,8974.96,80774.72,47582.36,546.37,5084.26,53212.99,5307.52,27338.47,65.88,SAFE,CGWB2025,2025,https://cgwb.gov.in/cgwbpnm/publication-detail/1741,OFFICIAL_DISTRICT_AGGREGATE
Uttar Pradesh,Amroha,38268.29,5857.29,1075.17,9178.27,54379.02,4753.6,49625.42,40398.7,812.63,4977.63,46188.96,5188.02,5384.89,93.08,CRITICAL,CGWB2025,2025,https://cgwb.gov.in/cgwbpnm/publication-detail/1741,OFFICIAL_DISTRICT_AGGREGATE
Uttar Pradesh,Auraiya,27295.04,13377.67,286.67,27530.88,68490.26,6849.04,61641.22,35850.65,7.21,2980.08,38837.92,3097.08,22686.3,63.01,SAFE,CGWB2025,2025,https://cgwb.gov.in/cgwbpnm/publication-detail/1741,OFFICIAL_DISTRICT_AGGREGATE
Uttar Pradesh,Ayodhya,49449.98,15483.91,447.72,29020.48,94402.09,8879.29,85522.8,45045.35,531.28,7402.05,52978.71,7822.51,32123.63,61.95,SAFE,CGWB2025,2025,https://cgwb.gov.in/cgwbpnm/publication-detail/1741,OFFICIAL_DISTRICT_AGGREGATE
Uttar Pradesh,Azamgarh,79047.18,24578.68,136.21,36576.48,140338.55,13810.15,126528.4,60803.1,32.38,14095.25,74930.73,14836.82,50856.1,59.22,SAFE,CGWB2025,2025,https://cgwb.gov.in/cgwbpnm/publication-detail/1741,OFFICIAL_DISTRICT_AGGREGATE
Uttar Pradesh,Bagpat,14624.45,7566.89,945.27,12167.2,35303.81,3222.66,32081.15,28081.4,125.0,2562.43,30768.84,2647.41,3740.65,95.91,CRITICAL,CGWB2025,2025,https://cgwb.gov.in/cgwbpnm/publication-detail/1741,OFFICIAL_DISTRICT_AGGREGATE
Uttar Pradesh,Bahraich,87405.19,24289.06,2945.77,39738.52,154378.54,10005.25,144373.29,74095.56,162.79,10034.42,84292.74,10470.83,59644.12,58.39,SAFE,CGWB2025,2025,https://cgwb.gov.in/cgwbpnm/publication-detail/1741,OFFICIAL_DISTRICT_AGGREGATE
Uttar Pradesh,Ballia,54721.58,15014.89,1799.62,23628.85,95164.94,8989.47,86175.47,44968.36,15.87,8410.45,53394.68,9026.01,32165.24,61.96,SAFE,CGWB2025,2025,https://cgwb.gov.in/cgwbpnm/publication-detail/1741,OFFICIAL_DISTRICT_AGGREGATE
Uttar Pradesh,Balrampur,70977.41,14433.33,1398.21,22857.24,109666.19,9555.68,100110.51,48163.7,457.5,6399.44,55020.66,6750.02,44739.27,54.96,SAFE,CGWB2025,2025,https://cgwb.gov.in/cgwbpnm/publication-detail/1741,OFFICIAL_DISTRICT_AGGREGATE
Uttar Pradesh,Banda,51484.4,7881.84,514.1,12654.93,72535.27,6263.73,66271.54,40253.3,2.31,4096.02,44351.63,4256.96,21758.98,66.92,SAFE,CGWB2025,2025,https://cgwb.gov.in/cgwbpnm/publication-detail/1741,OFFICIAL_DISTRICT_AGGREGATE
Uttar Pradesh,Barabanki,78249.9,45609.83,1121.58,86270.38,211251.69,20375.49,190876.2,108835.27,534.64,9272.71,118642.63,9670.51,71835.79,62.16,SAFE,CGWB2025,2025,https://cgwb.gov.in/cgwbpnm/publication-detail/1741,OFFICIAL_DISTRICT_AGGREGATE
Uttar Pradesh,Bareilly,65992.38,19817.3,1401.51,30492.58,117703.77,8008.15,109695.62,63027.33,1811.45,13745.4,78584.16,14209.9,32743.82,71.64,SEMI_CRITICAL,CGWB2025,2025,https://cgwb.gov.in/cgwbpnm/publication-detail/1741,OFFICIAL_DISTRICT_AGGREGATE
Uttar Pradesh,Basti,67990.49,4213.38,662.66,11286.93,84153.46,8087.3,76066.16,42489.77,87.48,6665.37,49242.62,6902.14,26586.77,64.74,SAFE,CGWB2025,2025,https://cgwb.gov.in/cgwbpnm/publication-detail/1741,OFFICIAL_DISTRICT_AGGREGATE
Uttar Pradesh,Bijnor,97145.72,18457.73,3865.7,32470.02,151939.17,14825.65,137113.52,86029.02,1033.21,8116.67,95178.89,9877.35,40173.94,69.42,SAFE,CGWB2025,2025,https://cgwb.gov.in/cgwbpnm/publication-detail/1741,OFFICIAL_DISTRICT_AGGREGATE
Uttar Pradesh,Budaun,62926.33,5886.53,1631.21,9687.57,80131.64,6122.53,74009.11,50674.19,31.5,8050.37,58756.07,10206.27,13836.3,79.39,SEMI_CRITICAL,CGWB2025,2025,https://cgwb.gov.in/cgwbpnm/publication-detail/1741,OFFICIAL_DISTRICT_AGGREGATE
Uttar Pradesh,Bulandshahar,46044.07,44955.07,1160.71,69494.96,161654.81,13893.59,147761.22,130627.44,712.48,6282.42,137622.32,7338.68,15063.62,93.14,CRITICAL,CGWB2025,2025,https://cgwb.gov.in/cgwbpnm/publication-detail/1741,OFFICIAL_DISTRICT_AGGREGATE
Uttar Pradesh,Chandauli,29890.68,16665.02,279.63,9723.1,56558.43,4991.83,51566.6,26289.72,108.37,4760.4,31158.47,5796.23,19372.29,60.42,SAFE,CGWB2025,2025,https://cgwb.gov.in/cgwbpnm/publication-detail/1741,OFFICIAL_DISTRICT_AGGREGATE
Uttar Pradesh,Chitrakoot,32238.48,4659.8,305.36,6459.06,43662.7,4366.27,39296.43,29087.06,126.58,2683.13,31896.76,3676.03,6651.45,81.17,SEMI_CRITICAL,CGWB2025,2025,https://cgwb.gov.in/cgwbpnm/publication-detail/1741,OFFICIAL_DISTRICT_AGGREGATE
Uttar Pradesh,Deoria,49222.07,43686.8,1580.82,50846.68,145336.37,13307.89,132028.48,76494.34,35.11,6691.1,83220.53,7913.93,47585.13,63.03,SAFE,CGWB2025,2025,https://cgwb.gov.in/cgwbpnm/publication-detail/1741,OFFICIAL_DISTRICT_AGGREGATE
Uttar Pradesh,Etah,31312.78,16790.36,530.17,38796.09,87429.4,7592.5,79836.9,52044.94,47.41,4726.97,56819.33,5645.28,22099.27,71.17,SEMI_CRITICAL,CGWB2025,2025,https://cgwb.gov.in/cgwbpnm/publication-detail/1741,OFFICIAL_DISTRICT_AGGREGATE
Uttar Pradesh,Etawah,28054.9,15421.75,313.59,28745.94,72536.18,6636.29,65899.89,31487.52,155.93,3330.72,34974.15,4100.96,30155.5,53.07,SAFE,CGWB2025,2025,https://cgwb.gov.in/cgwbpnm/publication-detail/1741,OFFICIAL_DISTRICT_AGGREGATE
Uttar Pradesh,Farrukhabad,32705.7,4249.4,492.27,12551.48,49998.85,3929.49,46069.36,30162.21,15.12,4100.35,34277.7,4244.47,11647.54,74.4,SEMI_CRITICAL,CGWB2025,2025,https://cgwb.gov.in/cgwbpnm/publication-detail/1741,OFFICIAL_DISTRICT_AGGREGATE
Uttar Pradesh,Fatehpur,63807.2,22635.18,278.04,33439.75,120160.17,10466.52,109693.65,71206.94,21.94,7601.62,78830.51,9954.38,28692.91,71.86,SEMI_CRITICAL,CGWB2025,2025,https://cgwb.gov.in/cgwbpnm/publication-detail/1741,OFFICIAL_DISTRICT_AGGREGATE
Uttar Pradesh,Firozabad,29076.2,27045.67,449.69,30804.84,87376.4,8421.27,78955.13,71027.4,103.62,6921.11,78052.14,7151.21,12026.77,98.86,CRITICAL,CGWB2025,2025,https://cgwb.gov.in/cgwbpnm/publication-detail/1741,OFFICIAL_DISTRICT_AGGREGATE
Uttar Pradesh,G.B.Nagar,15885.55,13878.0,401.64,21361.35,51526.54,5152.65,46373.89,44808.4,2415.39,1564.89,48788.68,1758.84,3989.09,105.21,OVER_EXPLOITED,CGWB2025,2025,https://cgwb.gov.in/cgwbpnm/publication-detail/1741,OFFICIAL_DISTRICT_AGGREGATE
Uttar Pradesh,Ghaziabad,14994.91,10365.66,539.38,16264.16,42164.11,4216.42,37947.69,36883.86,2743.56,7333.17,46960.59,10630.68,1580.85,123.75,OVER_EXPLOITED,CGWB2025,2025,https://cgwb.gov.in/cgwbpnm/publication-detail/1741,OFFICIAL_DISTRICT_AGGREGATE
Uttar Pradesh,Ghazipur,57708.48,17782.69,445.32,29320.45,105256.94,10190.55,95066.39,50860.81,58.0,7121.35,58040.18,8914.76,35232.78,61.05,SAFE,CGWB2025,2025,https://cgwb.gov.in/cgwbpnm/publication-detail/1741,OFFICIAL_DISTRICT_AGGREGATE
Uttar Pradesh,Gonda,84017.5,17355.36,1186.83,27097.89,129657.58,12043.15,117614.43,61164.07,496.47,10125.29,71785.85,13610.36,42343.52,61.03,SAFE,CGWB2025,2025,https://cgwb.gov.in/cgwbpnm/publication-detail/1741,OFFICIAL_DISTRICT_AGGREGATE
Uttar Pradesh,Gorakhpur,79260.65,67503.45,2046.4,32650.31,181460.81,15942.52,165518.29,93486.68,929.23,9665.23,104081.13,11921.4,59180.99,62.88,SAFE,CGWB2025,2025,https://cgwb.gov.in/cgwbpnm/publication-detail/1741,OFFICIAL_DISTRICT_AGGREGATE
Uttar Pradesh,Hamirpur,33340.57,5955.91,84.22,6918.95,46299.65,4629.99,41669.66,25197.53,96.0,2232.97,27526.49,2268.15,14107.99,66.06,SAFE,CGWB2025,2025,https://cgwb.gov.in/cgwbpnm/publication-detail/1741,OFFICIAL_DISTRICT_AGGREGATE
Uttar Pradesh,Hapur,20159.04,12706.81,647.33,19269.95,52783.13,5278.31,47504.82,43563.25,1052.66,3.48,44619.39,3.56,2885.36,93.93,CRITICAL,CGWB2025,2025,https://cgwb.gov.in/cgwbpnm/publication-detail/1741,OFFICIAL_DISTRICT_AGGREGATE
Uttar Pradesh,Hardoi,96915.31,30355.73,2042.14,50852.45,180165.63,15078.59,165087.04,92018.71,707.22,8876.99,101602.9,11109.17,61251.95,61.55,SAFE,CGWB2025,2025,https://cgwb.gov.in/cgwbpnm/publication-detail/1741,OFFICIAL_DISTRICT_AGGREGATE
Uttar Pradesh,Hathras,22200.32,16098.93,442.05,33728.3,72469.6,5913.49,66556.11,56522.86,84.82,4266.04,60873.71,4390.96,9797.08,91.46,CRITICAL,CGWB2025,2025,https://cgwb.gov.in/cgwbpnm/publication-detail/1741,OFFICIAL_DISTRICT_AGGREGATE
Uttar Pradesh,Jalaun,65233.6,11923.13,513.29,26970.73,104640.75,9853.78,94786.97,49481.42,16.39,4418.54,53916.35,4509.25,40779.92,56.88,SAFE,CGWB2025,2025,https://cgwb.gov.in/cgwbpnm/publication-detail/1741,OFFICIAL_DISTRICT_AGGREGATE
Uttar Pradesh,Jaunpur,71271.71,23283.5,214.94,39472.5,134242.65,11489.21,122753.44,72113.82,104.97,14020.86,86239.68,17940.45,32594.17,70.25,SEMI_CRITICAL,CGWB2025,2025,https://cgwb.gov.in/cgwbpnm/publication-detail/1741,OFFICIAL_DISTRICT_AGGREGATE
Uttar Pradesh,Jhansi,32106.04,17635.48,0.0,23837.58,73579.1,6748.36,66830.74,40821.67,61.06,3295.78,44178.51,3439.34,22508.67,66.11,SAFE,CGWB2025,2025,https://cgwb.gov.in/cgwbpnm/publication-detail/1741,OFFICIAL_DISTRICT_AGGREGATE
Uttar Pradesh,Kannauj,26954.93,10768.54,675.64,24723.82,63122.93,5442.45,57680.48,41094.29,10.51,4533.36,45638.15,4685.36,17650.57,79.12,SEMI_CRITICAL,CGWB2025,2025,https://cgwb.gov.in/cgwbpnm/publication-detail/1741,OFFICIAL_DISTRICT_AGGREGATE
Uttar Pradesh,Kanpur Dehat,46270.89,12800.02,741.9,26158.89,85971.7,8597.17,77374.53,50708.36,362.81,4132.28,55203.43,4202.93,22100.46,71.35,SEMI_CRITICAL,CGWB2025,2025,https://cgwb.gov.in/cgwbpnm/publication-detail/1741,OFFICIAL_DISTRICT_AGGREGATE
Uttar Pradesh,Kanpur Nagar,44024.54,14169.88,918.52,30185.72,89298.66,8229.67,81068.99,55101.41,455.3,8151.62,63708.3,9294.74,16690.77,78.59,SEMI_CRITICAL,CGWB2025,2025,https://cgwb.gov.in/cgwbpnm/publication-detail/1741,OFFICIAL_DISTRICT_AGGREGATE
Uttar Pradesh,Kasganj,25615.53,13159.92,557.66,32775.55,72108.66,4482.26,67626.4,42787.93,8.1,4142.42,46938.44,4325.08,20505.29,69.41,SAFE,CGWB2025,2025,https://cgwb.gov.in/cgwbpnm/publication-detail/1741,OFFICIAL_DISTRICT_AGGREGATE
Uttar Pradesh,Kaushambi,31495.86,7786.27,271.18,12200.46,51753.77,5175.38,46578.39,33058.0,1.13,4723.08,37782.21,4995.9,9936.3,81.12,SEMI_CRITICAL,CGWB2025,2025,https://cgwb.gov.in/cgwbpnm/publication-detail/1741,OFFICIAL_DISTRICT_AGGREGATE
Uttar Pradesh,Kushi Nagar,52141.7,70197.83,2263.39,55080.14,179683.06,15957.09,163725.97,75094.22,71.5,8967.76,84133.48,9454.67,79105.58,51.39,SAFE,CGWB2025,2025,https://cgwb.gov.in/cgwbpnm/publication-detail/1741,OFFICIAL_DISTRICT_AGGREGATE
Uttar Pradesh,Lakhimpur Kheri,138544.3,34082.56,4730.12,54442.26,231799.24,16077.3,215721.94,117769.51,1087.7,12696.38,131553.57,13690.09,83174.64,60.98,SAFE,CGWB2025,2025,https://cgwb.gov.in/cgwbpnm/publication-detail/1741,OFFICIAL_DISTRICT_AGGREGATE
Uttar Pradesh,Lalitpur,16694.91,5807.14,0.0,18441.49,40943.54,3145.89,37797.65,27786.43,6.27,3588.96,31381.66,3775.9,6229.05,83.03,SEMI_CRITICAL,CGWB2025,2025,https://cgwb.gov.in/cgwbpnm/publication-detail/1741,OFFICIAL_DISTRICT_AGGREGATE
Uttar Pradesh,Lucknow,34914.01,15920.67,791.5,24341.16,75967.34,5504.08,70463.26,33584.94,1402.97,13005.29,47993.17,13872.83,23956.47,68.11,SAFE,CGWB2025,2025,https://cgwb.gov.in/cgwbpnm/publication-detail/1741,OFFICIAL_DISTRICT_AGGREGATE
Uttar Pradesh,Mahoba,9016.02,10109.96,0.0,12902.01,32027.99,3202.8,28825.19,24406.7,1.29,1186.22,25594.22,1403.42,3388.7,88.79,SEMI_CRITICAL,CGWB2025,2025,https://cgwb.gov.in/cgwbpnm/publication-detail/1741,OFFICIAL_DISTRICT_AGGREGATE
Uttar Pradesh,Mahrajganj,60978.81,19805.76,1967.16,22712.39,105464.12,7560.48,97903.64,55402.8,23.3,7359.62,62785.74,8358.92,34118.61,64.13,SAFE,CGWB2025,2025,https://cgwb.gov.in/cgwbpnm/publication-detail/1741,OFFICIAL_DISTRICT_AGGREGATE
Uttar Pradesh,Mainpuri,37171.79,20214.57,420.64,36469.97,94276.97,9427.7,84849.27,56524.49,13.89,5107.5,61645.89,6162.39,23486.95,72.65,SEMI_CRITICAL,CGWB2025,2025,https://cgwb.gov.in/cgwbpnm/publication-detail/1741,OFFICIAL_DISTRICT_AGGREGATE
Uttar Pradesh,Mathura,34121.77,33654.34,792.68,67792.95,136361.74,11369.2,124992.54,80797.23,1158.74,6713.8,88669.77,7536.57,35500.01,70.94,SEMI_CRITICAL,CGWB2025,2025,https://cgwb.gov.in/cgwbpnm/publication-detail/1741,OFFICIAL_DISTRICT_AGGREGATE
Uttar Pradesh,Maunath Bhanjan,30769.46,8764.7,458.75,10766.05,50758.96,4801.21,45957.75,23108.86,4.22,6639.68,29752.76,7033.82,15810.85,64.74,SAFE,CGWB2025,2025,https://cgwb.gov.in/cgwbpnm/publication-detail/1741,OFFICIAL_DISTRICT_AGGREGATE
Uttar Pradesh,Meerut,45511.32,15769.76,1783.17,24408.99,87473.24,7051.34,80421.9,52163.2,1550.03,9728.64,63441.9,9992.63,18822.15,78.89,SEMI_CRITICAL,CGWB2025,2025,https://cgwb.gov.in/cgwbpnm/publication-detail/1741,OFFICIAL_DISTRICT_AGGREGATE
Uttar Pradesh,Mirzapur,26281.94,16194.62,217.0,18924.1,61617.66,5865.66,55752.0,28018.43,92.62,7034.11,35145.17,7749.51,19891.42,63.04,SAFE,CGWB2025,2025,https://cgwb.gov.in/cgwbpnm/publication-detail/1741,OFFICIAL_DISTRICT_AGGREGATE
Uttar Pradesh,Moradabad,40849.23,12230.19,1106.96,16964.86,71151.24,7115.13,64036.11,43841.46,967.06,10462.11,55270.63,11318.0,11739.88,86.31,SEMI_CRITICAL,CGWB2025,2025,https://cgwb.gov.in/cgwbpnm/publication-detail/1741,OFFICIAL_DISTRICT_AGGREGATE
Uttar Pradesh,Muzaffarnagar,43553.52,23668.19,3002.98,40295.18,110519.87,8575.64,101944.23,71715.98,2654.85,6855.64,81226.46,7242.55,21625.81,79.68,SEMI_CRITICAL,CGWB2025,2025,https://cgwb.gov.in/cgwbpnm/publication-detail/1741,OFFICIAL_DISTRICT_AGGREGATE
Uttar Pradesh,Pilibhit,63026.1,15075.86,1250.07,26981.34,106333.37,7820.26,98513.11,55434.01,406.61,5581.02,61421.64,6056.31,36616.19,62.35,SAFE,CGWB2025,2025,https://cgwb.gov.in/cgwbpnm/publication-detail/1741,OFFICIAL_DISTRICT_AGGREGATE
Uttar Pradesh,Pratapgarh,65450.04,31801.79,203.23,46107.42,143562.48,13114.43,130448.05,91157.06,5.61,8449.23,99611.88,8884.57,30400.84,76.36,SEMI_CRITICAL,CGWB2025,2025,https://cgwb.gov.in/cgwbpnm/publication-detail/1741,OFFICIAL_DISTRICT_AGGREGATE
Uttar Pradesh,Prayagraj,73511.57,29391.17,0.0,39924.65,142827.39,13708.74,129118.65,75537.14,1649.02,17553.7,94739.87,21863.05,33197.99,73.37,SEMI_CRITICAL,CGWB2025,2025,https://cgwb.gov.in/cgwbpnm/publication-detail/1741,OFFICIAL_DISTRICT_AGGREGATE
Uttar Pradesh,Raibareli,58380.9,25752.59,225.36,42244.15,126603.0,10151.87,116451.13,61823.64,69.55,7352.78,69245.99,9591.99,44965.92,59.46,SAFE,CGWB2025,2025,https://cgwb.gov.in/cgwbpnm/publication-detail/1741,OFFICIAL_DISTRICT_AGGREGATE
Uttar Pradesh,Rampur,49141.55,12441.87,1571.16,20195.33,83349.91,8045.18,75304.73,47199.01,542.72,5368.03,53109.77,5579.04,21983.94,70.53,SEMI_CRITICAL,CGWB2025,2025,https://cgwb.gov.in/cgwbpnm/publication-detail/1741,OFFICIAL_DISTRICT_AGGREGATE
Uttar Pradesh,Saharanpur,80216.61,21345.34,5245.01,36959.24,143766.2,8916.56,134849.64,121360.55,1530.87,7484.45,130375.89,7920.86,21012.39,96.68,CRITICAL,CGWB2025,2025,https://cgwb.gov.in/cgwbpnm/publication-detail/1741,OFFICIAL_DISTRICT_AGGREGATE
Uttar Pradesh,Sambhal,37877.24,3764.32,929.64,5374.44,47945.64,3348.94,44596.7,30510.45,2112.58,5953.14,38576.2,8027.77,4254.06,86.5,SEMI_CRITICAL,CGWB2025,2025,https://cgwb.gov.in/cgwbpnm/publication-detail/1741,OFFICIAL_DISTRICT_AGGREGATE
Uttar Pradesh,Sant Kabir Nagar,42699.55,3810.36,764.46,6802.09,54076.46,5407.65,48668.81,24847.55,159.77,4463.99,29471.29,5675.89,17985.63,60.55,SAFE,CGWB2025,2025,https://cgwb.gov.in/cgwbpnm/publication-detail/1741,OFFICIAL_DISTRICT_AGGREGATE
Uttar Pradesh,Sant Ravidas Nagar,19324.4,20719.28,184.7,47493.9,87722.28,8473.89,79248.39,55344.58,213.95,3566.2,59124.75,4234.64,19455.22,74.61,SEMI_CRITICAL,CGWB2025,2025,https://cgwb.gov.in/cgwbpnm/publication-detail/1741,OFFICIAL_DISTRICT_AGGREGATE
Uttar Pradesh,Shahjahanpur,88132.07,17141.11,2690.75,24379.78,132343.71,11208.33,121135.38,64734.06,1633.02,8695.81,75062.88,9328.22,45440.1,61.97,SAFE,CGWB2025,2025,https://cgwb.gov.in/cgwbpnm/publication-detail/1741,OFFICIAL_DISTRICT_AGGREGATE
Uttar Pradesh,Shamli,23369.84,9061.93,1482.92,13771.63,47686.32,3754.33,43931.99,40977.06,128.72,3049.94,44155.72,3153.9,943.56,100.51,OVER_EXPLOITED,CGWB2025,2025,https://cgwb.gov.in/cgwbpnm/publication-detail/1741,OFFICIAL_DISTRICT_AGGREGATE
Uttar Pradesh,Shrawasti,45052.07,5228.73,1187.29,8277.35,59745.44,5974.54,53770.9,28031.12,0.0,3382.84,31413.96,3632.46,22107.32,58.42,SAFE,CGWB2025,2025,https://cgwb.gov.in/cgwbpnm/publication-detail/1741,OFFICIAL_DISTRICT_AGGREGATE
Uttar Pradesh,Siddharth Nagar,68101.68,10517.12,1324.31,15928.31,95871.42,8252.43,87618.99,48318.75,1.11,7657.94,55977.81,8561.35,30737.77,63.89,SAFE,CGWB2025,2025,https://cgwb.gov.in/cgwbpnm/publication-detail/1741,OFFICIAL_DISTRICT_AGGREGATE
Uttar Pradesh,Sitapur,97390.95,41810.4,2012.06,67646.83,208860.24,17369.86,191490.38,98957.81,561.54,11680.47,111199.82,12814.97,79156.08,58.07,SAFE,CGWB2025,2025,https://cgwb.gov.in/cgwbpnm/publication-detail/1741,OFFICIAL_DISTRICT_AGGREGATE
Uttar Pradesh,Sonbhadra,15188.28,33775.37,129.25,10917.13,60010.03,5781.54,54228.49,21820.04,385.81,4485.02,26690.85,6109.92,25912.75,49.22,SAFE,CGWB2025,2025,https://cgwb.gov.in/cgwbpnm/publication-detail/1741,OFFICIAL_DISTRICT_AGGREGATE
Uttar Pradesh,Sultanpur,49432.46,18867.61,174.63,26722.6,95197.3,9120.08,86077.22,47226.55,0.07,6364.57,53591.19,7899.33,30951.27,62.26,SAFE,CGWB2025,2025,https://cgwb.gov.in/cgwbpnm/publication-detail/1741,OFFICIAL_DISTRICT_AGGREGATE
Uttar Pradesh,Unnao,67342.49,45533.38,966.14,63213.54,177055.55,16108.72,160946.83,89165.44,722.96,8939.07,98827.48,11867.98,59190.43,61.4,SAFE,CGWB2025,2025,https://cgwb.gov.in/cgwbpnm/publication-detail/1741,OFFICIAL_DISTRICT_AGGREGATE
Uttar Pradesh,Varanasi,29319.04,9404.51,123.08,13972.25,52818.88,5281.91,47536.97,31392.4,253.73,10780.27,42426.39,11285.71,7750.36,89.25,SEMI_CRITICAL,CGWB2025,2025,https://cgwb.gov.in/cgwbpnm/publication-detail/1741,OFFICIAL_DISTRICT_AGGREGATE
Uttarakhand,Dehradun,50923.02,1125.38,2995.42,1633.21,56677.03,5667.71,51009.32,11711.99,712.070187,8006.93981,20431.0,9417.87,29167.39,40.05,SAFE,CGWB2025,2025,https://cgwb.gov.in/cgwbpnm/publication-detail/1741,OFFICIAL_DISTRICT_AGGREGATE
Uttarakhand,Haridwar,28361.28,6472.45,3577.67,8931.71,47343.11,3920.26,43422.85,22359.84,3592.12845,2549.6,28501.5684,8477.56,12705.54,65.64,SAFE,CGWB2025,2025,https://cgwb.gov.in/cgwbpnm/publication-detail/1741,OFFICIAL_DISTRICT_AGGREGATE
Uttarakhand,Udham Singh Nagar,57528.2,9071.34,3064.31,9927.65,79591.5,4835.14,74756.36,32366.87,6612.585,3227.21,42206.665,9388.03,26388.87,56.46,SAFE,CGWB2025,2025,https://cgwb.gov.in/cgwbpnm/publication-detail/1741,OFFICIAL_DISTRICT_AGGREGATE
Uttarakhand,Nainital,17510.26,3324.67,4236.36,3830.09,28901.38,2890.14,26011.24,8060.14,2041.08,4004.01,14105.23,5038.01,10872.02,54.23,SAFE,CGWB2025,2025,https://cgwb.gov.in/cgwbpnm/publication-detail/1741,OFFICIAL_DISTRICT_AGGREGATE
West Bengal,Alipurduar,102782.18,1129.37,21452.15,3720.79,129084.49,12908.47,116176.02,9366.1,163.89,3451.19,12981.17,4763.85,101882.19,11.17,SAFE,CGWB2025,2025,https://cgwb.gov.in/cgwbpnm/publication-detail/1741,OFFICIAL_DISTRICT_AGGREGATE
West Bengal,Bankura,99518.21,16704.88,15913.61,28557.55,160694.25,13657.53,147036.71,50234.5,403.9,8799.39,59437.76,10248.19,87496.3,40.42,SAFE,CGWB2025,2025,https://cgwb.gov.in/cgwbpnm/publication-detail/1741,OFFICIAL_DISTRICT_AGGREGATE
West Bengal,Birbhum,75798.55,8355.99,12368.14,15965.28,112487.96,9393.64,103094.32,24501.5,1329.21,8633.45,34464.15,10811.84,66451.77,33.43,SAFE,CGWB2025,2025,https://cgwb.gov.in/cgwbpnm/publication-detail/1741,OFFICIAL_DISTRICT_AGGREGATE
West Bengal,Dakshin Dinajpur,65857.66,8932.13,12931.9,25545.13,113266.82,11096.97,102169.85,58067.8,192.55,3962.14,62222.5,4546.8,39362.68,60.9,SAFE,CGWB2025,2025,https://cgwb.gov.in/cgwbpnm/publication-detail/1741,OFFICIAL_DISTRICT_AGGREGATE
West Bengal,Darjiling,34042.06,522.42,7397.67,400.98,42363.13,4236.32,38126.81,2132.7,632.49,558.28,3323.45,922.87,34438.76,8.72,SAFE,CGWB2025,2025,https://cgwb.gov.in/cgwbpnm/publication-detail/1741,OFFICIAL_DISTRICT_AGGREGATE
West Bengal,Haora,17344.52,861.93,3325.09,1372.87,22904.41,1714.19,21190.22,1248.0,409.02,2701.84,4358.87,4615.93,15585.29,20.57,SAFE,CGWB2025,2025,https://cgwb.gov.in/cgwbpnm/publication-detail/1741,OFFICIAL_DISTRICT_AGGREGATE
West Bengal,Hugli,80021.45,8943.52,16644.65,22847.4,128457.02,12050.82,116406.2,50176.1,1945.22,10589.33,62710.62,13251.96,51510.44,53.87,SAFE,CGWB2025,2025,https://cgwb.gov.in/cgwbpnm/publication-detail/1741,OFFICIAL_DISTRICT_AGGREGATE
West Bengal,Jalpaiguri,150286.43,1962.58,30717.68,5411.66,188378.35,18837.83,169540.51,12700.5,1118.0,6535.2,20353.68,18364.82,137357.2,12.01,SAFE,CGWB2025,2025,https://cgwb.gov.in/cgwbpnm/publication-detail/1741,OFFICIAL_DISTRICT_AGGREGATE
West Bengal,Jhargram,73103.8,4470.85,15109.92,9503.67,102188.24,8033.58,94154.65,20429.6,326.49,2851.27,23607.35,3326.45,70072.11,25.07,SAFE,CGWB2025,2025,https://cgwb.gov.in/cgwbpnm/publication-detail/1741,OFFICIAL_DISTRICT_AGGREGATE
West Bengal,Kalimpong,3156.89,190.46,557.84,99.62,4004.81,400.49,3604.32,0.0,2.46,62.51,64.97,63.74,3538.11,1.8,SAFE,CGWB2025,2025,https://cgwb.gov.in/cgwbpnm/publication-detail/1741,OFFICIAL_DISTRICT_AGGREGATE
West Bengal,Koch Bihar,135906.96,9118.81,30672.63,31503.4,207201.8,20720.18,186481.62,79018.8,101.64,7044.2,86164.64,8708.72,98652.48,46.21,SAFE,CGWB2025,2025,https://cgwb.gov.in/cgwbpnm/publication-detail/1741,OFFICIAL_DISTRICT_AGGREGATE
West Bengal,Malda,81043.64,7072.44,13383.82,16343.54,117843.44,11041.76,106801.68,27805.5,331.74,8030.72,36167.96,12131.0,66533.44,33.86,SAFE,CGWB2025,2025,https://cgwb.gov.in/cgwbpnm/publication-detail/1741,OFFICIAL_DISTRICT_AGGREGATE
West Bengal,Murshidabad,115697.57,14019.34,27520.69,38204.12,195441.72,14471.38,180970.34,90904.8,432.66,14342.63,105680.05,202365.14,69072.73,58.4,SAFE,CGWB2025,2025,https://cgwb.gov.in/cgwbpnm/publication-detail/1741,OFFICIAL_DISTRICT_AGGREGATE
West Bengal,Nadia,102139.93,21274.99,23149.42,48347.7,194912.04,18417.56,176494.48,135236.0,477.11,8760.77,144473.85,12020.06,28761.35,81.86,SEMI_CRITICAL,CGWB2025,2025,https://cgwb.gov.in/cgwbpnm/publication-detail/1741,OFFICIAL_DISTRICT_AGGREGATE
West Bengal,North 24 Parganas,75820.82,14794.38,19096.05,41720.83,151432.08,12447.56,138984.52,83556.2,2214.09,11939.54,97709.84,17215.67,39552.91,70.3,SEMI_CRITICAL,CGWB2025,2025,https://cgwb.gov.in/cgwbpnm/publication-detail/1741,OFFICIAL_DISTRICT_AGGREGATE
West Bengal,Paschim Barddhaman,16033.03,1800.15,3513.51,2821.51,24168.2,2212.21,21955.99,2602.84,4247.49,5000.81,11851.12,6619.71,9249.16,53.98,SAFE,CGWB2025,2025,https://cgwb.gov.in/cgwbpnm/publication-detail/1741,OFFICIAL_DISTRICT_AGGREGATE
West Bengal,Paschim Medinipur,157982.51,12887.26,29960.86,39928.38,240759.01,22426.35,218332.66,103186.4,1259.73,11993.78,116439.91,14391.47,99759.66,53.33,SAFE,CGWB2025,2025,https://cgwb.gov.in/cgwbpnm/publication-detail/1741,OFFICIAL_DISTRICT_AGGREGATE
West Bengal,Purba Barddhaman,123743.34,16361.27,25331.09,36872.3,202308.0,18695.03,183612.97,83940.2,849.82,11477.49,96267.52,13616.07,86753.21,52.43,SAFE,CGWB2025,2025,https://cgwb.gov.in/cgwbpnm/publication-detail/1741,OFFICIAL_DISTRICT_AGGREGATE
West Bengal,Purba Medinipur,45870.98,2885.89,10246.14,8066.13,67069.14,6706.91,60362.23,17103.2,20.72,4896.9,22020.83,6779.04,36459.26,36.48,SAFE,CGWB2025,2025,https://cgwb.gov.in/cgwbpnm/publication-detail/1741,OFFICIAL_DISTRICT_AGGREGATE
West Bengal,Puruliya,33503.99,9037.97,5742.81,10762.79,59047.56,5904.74,53142.82,2001.2,140.15,7316.82,9458.18,9387.08,41614.39,17.8,SAFE,CGWB2025,2025,https://cgwb.gov.in/cgwbpnm/publication-detail/1741,OFFICIAL_DISTRICT_AGGREGATE
West Bengal,Uttar Dinajpur,78946.22,6869.21,16104.44,19468.81,121388.68,10361.54,111027.15,43425.1,312.08,8276.91,52014.09,11304.37,55985.62,46.85,SAFE,CGWB2025,2025,https://cgwb.gov.in/cgwbpnm/publication-detail/1741,OFFICIAL_DISTRICT_AGGREGATE
Andaman and Nicobar Islands,N & M Andaman,8894.86,73.12,7481.5,78.78,16528.26,1652.84,14875.42,0.8,83.24,262.06,346.11,269.19,14522.18,2.33,SAFE,CGWB2025,2025,https://cgwb.gov.in/cgwbpnm/publication-detail/1741,OFFICIAL_DISTRICT_AGGREGATE
Andaman and Nicobar Islands,Nicobar,4732.16,7.46,6264.08,8.68,11012.38,1101.25,9911.13,0.25,0.95,88.29,89.45,90.68,9819.28,0.9,SAFE,CGWB2025,2025,https://cgwb.gov.in/cgwbpnm/publication-detail/1741,OFFICIAL_DISTRICT_AGGREGATE
Andaman and Nicobar Islands,South Andaman,5974.52,13.76,4802.74,6.7,10797.72,1079.76,9717.96,10.65,13.61,322.86,347.12,331.62,9362.07,3.57,SAFE,CGWB2025,2025,https://cgwb.gov.in/cgwbpnm/publication-detail/1741,OFFICIAL_DISTRICT_AGGREGATE
Chandigarh,Chandigarh,1322.99,1322.49,94.73,2578.22,5318.43,531.85,4786.58,550.5,218.18,2438.21,3206.89,3435.82,582.08,67.0,SAFE,CGWB2025,2025,https://cgwb.gov.in/cgwbpnm/publication-detail/1741,OFFICIAL_DISTRICT_AGGREGATE
Dadra and Nagar Haveli and Daman and Diu,Dadra Nagar Haveli,5149.46,1555.43,329.73,2785.43,9820.05,724.27,9095.78,888.62,997.63,1292.4,3178.65,3207.59,4001.94,34.95,SAFE,CGWB2025,2025,https://cgwb.gov.in/cgwbpnm/publication-detail/1741,OFFICIAL_DISTRICT_AGGREGATE
Dadra and Nagar Haveli and Daman and Diu,Daman,1875.7,67.71,0.0,593.25,2536.66,126.83,2409.83,215.1,507.0,731.13,1453.23,1808.1,956.6,60.3,SAFE,CGWB2025,2025,https://cgwb.gov.in/cgwbpnm/publication-detail/1741,OFFICIAL_DISTRICT_AGGREGATE
Dadra and Nagar Haveli and Daman and Diu,Diu,143.1,16.69,0.0,27.03,186.82,9.34,177.48,42.2,22.7,28.45,93.35,34.9,77.68,52.6,SAFE,CGWB2025,2025,https://cgwb.gov.in/cgwbpnm/publication-detail/1741,OFFICIAL_DISTRICT_AGGREGATE
Delhi,Central,434.96,708.62,25.91,1397.5,2566.99,256.7,2310.29,248.57,0.0,1498.47,1747.05,2286.65,563.24,75.62,SEMI_CRITICAL,CGWB2025,2025,https://cgwb.gov.in/cgwbpnm/publication-detail/1741,OFFICIAL_DISTRICT_AGGREGATE
Delhi,East,138.5,514.14,8.25,1007.43,1668.32,166.83,1501.49,118.99,0.2,1328.59,1447.79,1530.34,72.21,96.42,CRITICAL,CGWB2025,2025,https://cgwb.gov.in/cgwbpnm/publication-detail/1741,OFFICIAL_DISTRICT_AGGREGATE
Delhi,Nazul Land,368.56,68.12,21.96,112.78,571.42,57.14,514.28,232.8,0.0,105.12,337.92,105.12,176.36,65.71,SAFE,CGWB2025,2025,https://cgwb.gov.in/cgwbpnm/publication-detail/1741,OFFICIAL_DISTRICT_AGGREGATE
Delhi,New Delhi,1055.88,659.35,62.91,1250.84,3028.98,302.91,2726.07,686.87,2.2,2670.58,3359.65,2841.71,8.57,123.24,OVER_EXPLOITED,CGWB2025,2025,https://cgwb.gov.in/cgwbpnm/publication-detail/1741,OFFICIAL_DISTRICT_AGGREGATE
Delhi,North,2170.67,826.36,129.32,1598.17,4724.52,472.46,4252.06,491.8,50.31,3247.7,3789.81,3534.67,462.25,89.13,SEMI_CRITICAL,CGWB2025,2025,https://cgwb.gov.in/cgwbpnm/publication-detail/1741,OFFICIAL_DISTRICT_AGGREGATE
Delhi,North East,171.96,546.88,12.01,1082.75,1813.6,181.37,1632.23,154.72,0.0,1575.66,1730.39,1627.14,50.42,106.01,OVER_EXPLOITED,CGWB2025,2025,https://cgwb.gov.in/cgwbpnm/publication-detail/1741,OFFICIAL_DISTRICT_AGGREGATE
Delhi,North West,1223.58,869.32,72.89,1707.67,3873.46,387.33,3486.13,511.32,0.56,1747.99,2259.86,2691.55,1226.26,64.82,SAFE,CGWB2025,2025,https://cgwb.gov.in/cgwbpnm/publication-detail/1741,OFFICIAL_DISTRICT_AGGREGATE
Delhi,Shahdara,139.5,510.11,9.33,991.66,1650.6,165.05,1485.55,338.43,0.5,1328.02,1666.96,1548.81,13.3,112.21,OVER_EXPLOITED,CGWB2025,2025,https://cgwb.gov.in/cgwbpnm/publication-detail/1741,OFFICIAL_DISTRICT_AGGREGATE
Delhi,South,1117.35,1136.76,66.56,2206.58,4527.25,452.72,4074.53,709.9,0.0,3503.63,4213.53,3503.63,138.13,103.41,OVER_EXPLOITED,CGWB2025,2025,https://cgwb.gov.in/cgwbpnm/publication-detail/1741,OFFICIAL_DISTRICT_AGGREGATE
Delhi,South East,611.99,681.88,36.46,1333.8,2664.13,266.42,2397.71,220.17,12.74,1883.04,2115.95,1939.96,224.84,88.25,SEMI_CRITICAL,CGWB2025,2025,https://cgwb.gov.in/cgwbpnm/publication-detail/1741,OFFICIAL_DISTRICT_AGGREGATE
Delhi,South West,2755.86,1590.89,164.18,2868.86,7379.79,737.98,6641.81,3981.46,0.0,1906.72,5888.2,3220.43,137.68,88.65,SEMI_CRITICAL,CGWB2025,2025,https://cgwb.gov.in/cgwbpnm/publication-detail/1741,OFFICIAL_DISTRICT_AGGREGATE
Delhi,West,1170.15,879.33,78.03,1707.84,3835.35,300.35,3535.0,731.98,0.6,2538.55,3271.12,2545.12,359.51,92.54,CRITICAL,CGWB2025,2025,https://cgwb.gov.in/cgwbpnm/publication-detail/1741,OFFICIAL_DISTRICT_AGGREGATE
Jammu and Kashmir,Anantnag,2984.24,595.48,7314.34,201.3,11095.36,1109.58,9985.78,369.25,37.8,1959.88,2366.96,1959.88,7618.82,23.7,SAFE,CGWB2025,2025,https://cgwb.gov.in/cgwbpnm/publication-detail/1741,OFFICIAL_DISTRICT_AGGREGATE
Jammu and Kashmir,Bandipora,1022.27,0.0,3618.75,102.35,4743.37,471.26,4272.11,11.2,1.08,660.86,673.14,660.85,3598.98,15.76,SAFE,CGWB2025,2025,https://cgwb.gov.in/cgwbpnm/publication-detail/1741,OFFICIAL_DISTRICT_AGGREGATE
Jammu and Kashmir,Baramulla,1510.96,1230.72,7767.92,418.08,10927.68,1092.8,9834.88,364.12,5.4,1846.32,2215.84,1846.31,7619.04,22.53,SAFE,CGWB2025,2025,https://cgwb.gov.in/cgwbpnm/publication-detail/1741,OFFICIAL_DISTRICT_AGGREGATE
Jammu and Kashmir,Budgam,936.82,1329.3,2744.52,258.44,5269.08,526.92,4742.16,106.43,5.4,1212.71,1324.54,1212.72,3417.62,27.93,SAFE,CGWB2025,2025,https://cgwb.gov.in/cgwbpnm/publication-detail/1741,OFFICIAL_DISTRICT_AGGREGATE
Jammu and Kashmir,Doda,65.47,661.15,152.24,161.07,1039.93,103.99,935.94,16.81,5.4,170.32,192.52,170.32,743.43,20.57,SAFE,CGWB2025,2025,https://cgwb.gov.in/cgwbpnm/publication-detail/1741,OFFICIAL_DISTRICT_AGGREGATE
Jammu and Kashmir,Ganderbal,174.54,224.57,485.11,194.47,1078.69,107.87,970.82,190.46,10.43,245.27,446.15,245.27,524.67,45.96,SAFE,CGWB2025,2025,https://cgwb.gov.in/cgwbpnm/publication-detail/1741,OFFICIAL_DISTRICT_AGGREGATE
Jammu and Kashmir,Jammu,28230.84,4632.75,10771.16,2040.93,45675.68,4524.85,41150.83,5187.27,719.39,7732.75,13639.44,7732.74,27511.4,33.14,SAFE,CGWB2025,2025,https://cgwb.gov.in/cgwbpnm/publication-detail/1741,OFFICIAL_DISTRICT_AGGREGATE
Jammu and Kashmir,Kathua,22506.38,2490.72,7455.26,1569.54,34021.9,3317.13,30704.77,2991.36,641.2,3713.08,7345.65,3713.08,23359.11,23.92,SAFE,CGWB2025,2025,https://cgwb.gov.in/cgwbpnm/publication-detail/1741,OFFICIAL_DISTRICT_AGGREGATE
Jammu and Kashmir,Kishtwar,226.59,372.5,526.86,195.0,1320.95,132.09,1188.86,31.5,4.32,150.5,186.34,150.5,1002.52,15.67,SAFE,CGWB2025,2025,https://cgwb.gov.in/cgwbpnm/publication-detail/1741,OFFICIAL_DISTRICT_AGGREGATE
Jammu and Kashmir,Kulgam,1149.56,1120.45,4216.12,305.2,6791.33,679.13,6112.2,157.8,29.16,1067.78,1254.75,1067.78,4857.45,20.53,SAFE,CGWB2025,2025,https://cgwb.gov.in/cgwbpnm/publication-detail/1741,OFFICIAL_DISTRICT_AGGREGATE
Jammu and Kashmir,Kupwarar,632.01,1933.65,3034.04,607.5,6207.2,620.71,5586.49,16.81,10.8,1171.84,1199.43,1171.82,4387.06,21.47,SAFE,CGWB2025,2025,https://cgwb.gov.in/cgwbpnm/publication-detail/1741,OFFICIAL_DISTRICT_AGGREGATE
Jammu and Kashmir,Poonch,986.51,2561.6,923.64,664.76,5136.51,513.65,4622.86,332.5,5.4,444.5,782.4,444.5,3840.46,16.92,SAFE,CGWB2025,2025,https://cgwb.gov.in/cgwbpnm/publication-detail/1741,OFFICIAL_DISTRICT_AGGREGATE
Jammu and Kashmir,Pulwama,1145.17,1502.5,2804.55,337.6,5789.82,579.0,5210.82,481.75,15.12,1492.05,1988.9,1492.04,3221.92,38.17,SAFE,CGWB2025,2025,https://cgwb.gov.in/cgwbpnm/publication-detail/1741,OFFICIAL_DISTRICT_AGGREGATE
Jammu and Kashmir,Rajouri,9590.02,2108.04,5091.26,1002.39,17791.71,1779.16,16012.55,787.5,5.4,1228.5,2021.42,1228.5,13991.13,12.62,SAFE,CGWB2025,2025,https://cgwb.gov.in/cgwbpnm/publication-detail/1741,OFFICIAL_DISTRICT_AGGREGATE
Jammu and Kashmir,Ramban,93.49,221.85,307.98,116.55,739.87,73.99,665.88,59.5,5.4,147.0,211.91,147.0,453.97,31.82,SAFE,CGWB2025,2025,https://cgwb.gov.in/cgwbpnm/publication-detail/1741,OFFICIAL_DISTRICT_AGGREGATE
Jammu and Kashmir,Reasi,8054.94,9283.22,2491.46,4450.68,24280.3,2428.02,21852.28,364.12,36.49,2003.02,2403.63,2003.02,19448.65,11.0,SAFE,CGWB2025,2025,https://cgwb.gov.in/cgwbpnm/publication-detail/1741,OFFICIAL_DISTRICT_AGGREGATE
Jammu and Kashmir,Samba,12420.66,1410.3,2286.03,1078.02,17195.01,1612.77,15582.24,431.34,156.39,2139.28,2727.03,2139.27,12855.24,17.5,SAFE,CGWB2025,2025,https://cgwb.gov.in/cgwbpnm/publication-detail/1741,OFFICIAL_DISTRICT_AGGREGATE
Jammu and Kashmir,Shopian,1244.86,904.5,2729.13,397.26,5275.75,527.57,4748.18,129.6,27.0,869.76,1026.36,869.76,3721.82,21.62,SAFE,CGWB2025,2025,https://cgwb.gov.in/cgwbpnm/publication-detail/1741,OFFICIAL_DISTRICT_AGGREGATE
Jammu and Kashmir,Srinagar,3024.75,468.27,9537.03,623.46,13653.51,1365.35,12288.16,44.81,328.42,6574.7,6947.93,6574.7,5340.23,56.54,SAFE,CGWB2025,2025,https://cgwb.gov.in/cgwbpnm/publication-detail/1741,OFFICIAL_DISTRICT_AGGREGATE
Jammu and Kashmir,Udhampur,5878.06,2108.87,3490.35,729.79,12207.07,1220.71,10986.36,464.95,119.9,1771.38,2356.22,1771.36,8630.15,21.45,SAFE,CGWB2025,2025,https://cgwb.gov.in/cgwbpnm/publication-detail/1741,OFFICIAL_DISTRICT_AGGREGATE
Ladakh,Kargil,57.52,1071.66,431.67,0.0,1560.85,156.07,1404.78,7.24,17.9,454.57,479.72,454.57,925.06,34.15,SAFE,CGWB2025,2025,https://cgwb.gov.in/cgwbpnm/publication-detail/1741,OFFICIAL_DISTRICT_AGGREGATE
Ladakh,Leh,408.42,4200.85,571.77,0.0,5181.04,518.12,4662.92,65.67,49.85,1281.61,1397.16,1281.61,3265.76,29.96,SAFE,CGWB2025,2025,https://cgwb.gov.in/cgwbpnm/publication-detail/1741,OFFICIAL_DISTRICT_AGGREGATE
Lakshadweep,Lakshadweep,1120.77,0.0,280.19,0.0,1400.96,818.07,582.89,0.0,0.0,336.86,336.87,386.33,196.58,57.79,SAFE,CGWB2025,2025,https://cgwb.gov.in/cgwbpnm/publication-detail/1741,OFFICIAL_DISTRICT_AGGREGATE
Puducherry,Karaikal,1399.26,2115.32,22.58,886.85,4424.01,442.42,3981.6,528.78,17.58,946.88,1493.24,1154.57,2280.67,37.5,SAFE,CGWB2025,2025,https://cgwb.gov.in/cgwbpnm/publication-detail/1741,OFFICIAL_DISTRICT_AGGREGATE
Puducherry,Puducherry,3712.45,6742.53,1448.75,2768.02,14671.75,1213.73,13458.02,6888.5,547.2,4322.42,11758.13,5498.94,1158.92,87.37,SEMI_CRITICAL,CGWB2025,2025,https://cgwb.gov.in/cgwbpnm/publication-detail/1741,OFFICIAL_DISTRICT_AGGREGATE
