state_code,state,district_code,district,primary_irrigation_method,primary_water_source,other_common_methods_or_sources,data_status,granularity,source_id,source_year,source_url,note
32,Kerala,554,Alappuzha,Well irrigation,Groundwater,"Wells, streams",PROVISIONAL_STATE_PROFILE,DISTRICT_ROW_WITH_STATE_PROFILE,MARUDAM_IRRIGATION_PROFILE_V1,2026,https://data.gov.in/catalog/7th-minor-irrigation-census-village-schedule-ground-water-schemes-surface-water-schemes,Provisional state irrigation profile expanded to district for prototype use; not an official district-level observation.
9,Uttar Pradesh,121,Ambedkar Nagar,Tube well,Groundwater,"Canal, tube well",PROVISIONAL_STATE_PROFILE,DISTRICT_ROW_WITH_STATE_PROFILE,MARUDAM_IRRIGATION_PROFILE_V1,2026,https://data.gov.in/catalog/7th-minor-irrigation-census-village-schedule-ground-water-schemes-surface-water-schemes,Provisional state irrigation profile expanded to district for prototype use; not an official district-level observation.
3,Punjab,27,Amritsar,Canal/Tube well,Mixed,"Canal, tube well",PROVISIONAL_STATE_PROFILE,DISTRICT_ROW_WITH_STATE_PROFILE,MARUDAM_IRRIGATION_PROFILE_V1,2026,https://data.gov.in/catalog/7th-minor-irrigation-census-village-schedule-ground-water-schemes-surface-water-schemes,Provisional state irrigation profile expanded to district for prototype use; not an official district-level observation.
24,Gujarat,672,Arvalli,Tube well,Groundwater,"Canal, tube well",PROVISIONAL_STATE_PROFILE,DISTRICT_ROW_WITH_STATE_PROFILE,MARUDAM_IRRIGATION_PROFILE_V1,2026,https://data.gov.in/catalog/7th-minor-irrigation-census-village-schedule-ground-water-schemes-surface-water-schemes,Provisional state irrigation profile expanded to district for prototype use; not an official district-level observation.
10,Bihar,611,Arwal,Tube well,Groundwater,"Canal, tube well",PROVISIONAL_STATE_PROFILE,DISTRICT_ROW_WITH_STATE_PROFILE,MARUDAM_IRRIGATION_PROFILE_V1,2026,https://data.gov.in/catalog/7th-minor-irrigation-census-village-schedule-ground-water-schemes-surface-water-schemes,Provisional state irrigation profile expanded to district for prototype use; not an official district-level observation.
10,Bihar,189,Aurangabad,Tube well,Groundwater,"Canal, tube well",PROVISIONAL_STATE_PROFILE,DISTRICT_ROW_WITH_STATE_PROFILE,MARUDAM_IRRIGATION_PROFILE_V1,2026,https://data.gov.in/catalog/7th-minor-irrigation-census-village-schedule-ground-water-schemes-surface-water-schemes,Provisional state irrigation profile expanded to district for prototype use; not an official district-level observation.
9,Uttar Pradesh,125,Bahraich,Tube well,Groundwater,"Canal, tube well",PROVISIONAL_STATE_PROFILE,DISTRICT_ROW_WITH_STATE_PROFILE,MARUDAM_IRRIGATION_PROFILE_V1,2026,https://data.gov.in/catalog/7th-minor-irrigation-census-village-schedule-ground-water-schemes-surface-water-schemes,Provisional state irrigation profile expanded to district for prototype use; not an official district-level observation.
22,Chhattisgarh,646,Balod,Canal/Surface irrigation,Surface water,"Canal, tank, groundwater",PROVISIONAL_STATE_PROFILE,DISTRICT_ROW_WITH_STATE_PROFILE,MARUDAM_IRRIGATION_PROFILE_V1,2026,https://data.gov.in/catalog/7th-minor-irrigation-census-village-schedule-ground-water-schemes-surface-water-schemes,Provisional state irrigation profile expanded to district for prototype use; not an official district-level observation.
9,Uttar Pradesh,127,Balrampur,Tube well,Groundwater,"Canal, tube well",PROVISIONAL_STATE_PROFILE,DISTRICT_ROW_WITH_STATE_PROFILE,MARUDAM_IRRIGATION_PROFILE_V1,2026,https://data.gov.in/catalog/7th-minor-irrigation-census-village-schedule-ground-water-schemes-surface-water-schemes,Provisional state irrigation profile expanded to district for prototype use; not an official district-level observation.
22,Chhattisgarh,649,Balrampur-Ramanujganj,Canal/Surface irrigation,Surface water,"Canal, tank, groundwater",PROVISIONAL_STATE_PROFILE,DISTRICT_ROW_WITH_STATE_PROFILE,MARUDAM_IRRIGATION_PROFILE_V1,2026,https://data.gov.in/catalog/7th-minor-irrigation-census-village-schedule-ground-water-schemes-surface-water-schemes,Provisional state irrigation profile expanded to district for prototype use; not an official district-level observation.
1,Jammu And Kashmir,623,Bandipora,Mixed/Unknown,Unknown,Not specified,PROVISIONAL_STATE_PROFILE,DISTRICT_ROW_WITH_STATE_PROFILE,MARUDAM_IRRIGATION_PROFILE_V1,2026,https://data.gov.in/catalog/7th-minor-irrigation-census-village-schedule-ground-water-schemes-surface-water-schemes,Provisional state irrigation profile expanded to district for prototype use; not an official district-level observation.
27,Maharashtra,470,Beed,Borewell/Tube well,Groundwater,"Canal, tank",PROVISIONAL_STATE_PROFILE,DISTRICT_ROW_WITH_STATE_PROFILE,MARUDAM_IRRIGATION_PROFILE_V1,2026,https://data.gov.in/catalog/7th-minor-irrigation-census-village-schedule-ground-water-schemes-surface-water-schemes,Provisional state irrigation profile expanded to district for prototype use; not an official district-level observation.
22,Chhattisgarh,650,Bemetara,Canal/Surface irrigation,Surface water,"Canal, tank, groundwater",PROVISIONAL_STATE_PROFILE,DISTRICT_ROW_WITH_STATE_PROFILE,MARUDAM_IRRIGATION_PROFILE_V1,2026,https://data.gov.in/catalog/7th-minor-irrigation-census-village-schedule-ground-water-schemes-surface-water-schemes,Provisional state irrigation profile expanded to district for prototype use; not an official district-level observation.
29,Karnataka,525,Bengaluru Urban,Borewell/Tube well,Groundwater,"Canal, tank",PROVISIONAL_STATE_PROFILE,DISTRICT_ROW_WITH_STATE_PROFILE,MARUDAM_IRRIGATION_PROFILE_V1,2026,https://data.gov.in/catalog/7th-minor-irrigation-census-village-schedule-ground-water-schemes-surface-water-schemes,Provisional state irrigation profile expanded to district for prototype use; not an official district-level observation.
9,Uttar Pradesh,179,Bhadohi,Tube well,Groundwater,"Canal, tube well",PROVISIONAL_STATE_PROFILE,DISTRICT_ROW_WITH_STATE_PROFILE,MARUDAM_IRRIGATION_PROFILE_V1,2026,https://data.gov.in/catalog/7th-minor-irrigation-census-village-schedule-ground-water-schemes-surface-water-schemes,Provisional state irrigation profile expanded to district for prototype use; not an official district-level observation.
27,Maharashtra,471,Bhandara,Borewell/Tube well,Groundwater,"Canal, tank",PROVISIONAL_STATE_PROFILE,DISTRICT_ROW_WITH_STATE_PROFILE,MARUDAM_IRRIGATION_PROFILE_V1,2026,https://data.gov.in/catalog/7th-minor-irrigation-census-village-schedule-ground-water-schemes-surface-water-schemes,Provisional state irrigation profile expanded to district for prototype use; not an official district-level observation.
23,Madhya Pradesh,395,Bhind,Tube well,Groundwater,"Canal, tube well",PROVISIONAL_STATE_PROFILE,DISTRICT_ROW_WITH_STATE_PROFILE,MARUDAM_IRRIGATION_PROFILE_V1,2026,https://data.gov.in/catalog/7th-minor-irrigation-census-village-schedule-ground-water-schemes-surface-water-schemes,Provisional state irrigation profile expanded to district for prototype use; not an official district-level observation.
22,Chhattisgarh,636,Bijapur,Canal/Surface irrigation,Surface water,"Canal, tank, groundwater",PROVISIONAL_STATE_PROFILE,DISTRICT_ROW_WITH_STATE_PROFILE,MARUDAM_IRRIGATION_PROFILE_V1,2026,https://data.gov.in/catalog/7th-minor-irrigation-census-village-schedule-ground-water-schemes-surface-water-schemes,Provisional state irrigation profile expanded to district for prototype use; not an official district-level observation.
24,Gujarat,676,Botad,Tube well,Groundwater,"Canal, tube well",PROVISIONAL_STATE_PROFILE,DISTRICT_ROW_WITH_STATE_PROFILE,MARUDAM_IRRIGATION_PROFILE_V1,2026,https://data.gov.in/catalog/7th-minor-irrigation-census-village-schedule-ground-water-schemes-surface-water-schemes,Provisional state irrigation profile expanded to district for prototype use; not an official district-level observation.
5,Uttarakhand,47,Chamoli,Surface irrigation,Surface water,"Canal, spring, stream",PROVISIONAL_STATE_PROFILE,DISTRICT_ROW_WITH_STATE_PROFILE,MARUDAM_IRRIGATION_PROFILE_V1,2026,https://data.gov.in/catalog/7th-minor-irrigation-census-village-schedule-ground-water-schemes-surface-water-schemes,Provisional state irrigation profile expanded to district for prototype use; not an official district-level observation.
9,Uttar Pradesh,135,Chandauli,Tube well,Groundwater,"Canal, tube well",PROVISIONAL_STATE_PROFILE,DISTRICT_ROW_WITH_STATE_PROFILE,MARUDAM_IRRIGATION_PROFILE_V1,2026,https://data.gov.in/catalog/7th-minor-irrigation-census-village-schedule-ground-water-schemes-surface-water-schemes,Provisional state irrigation profile expanded to district for prototype use; not an official district-level observation.
14,Manipur,253,Chandel,Surface irrigation,Surface water,"Streams, ponds",PROVISIONAL_STATE_PROFILE,DISTRICT_ROW_WITH_STATE_PROFILE,MARUDAM_IRRIGATION_PROFILE_V1,2026,https://data.gov.in/catalog/7th-minor-irrigation-census-village-schedule-ground-water-schemes-surface-water-schemes,Provisional state irrigation profile expanded to district for prototype use; not an official district-level observation.
27,Maharashtra,473,Chandrapur,Borewell/Tube well,Groundwater,"Canal, tank",PROVISIONAL_STATE_PROFILE,DISTRICT_ROW_WITH_STATE_PROFILE,MARUDAM_IRRIGATION_PROFILE_V1,2026,https://data.gov.in/catalog/7th-minor-irrigation-census-village-schedule-ground-water-schemes-surface-water-schemes,Provisional state irrigation profile expanded to district for prototype use; not an official district-level observation.
23,Madhya Pradesh,398,Chhatarpur,Tube well,Groundwater,"Canal, tube well",PROVISIONAL_STATE_PROFILE,DISTRICT_ROW_WITH_STATE_PROFILE,MARUDAM_IRRIGATION_PROFILE_V1,2026,https://data.gov.in/catalog/7th-minor-irrigation-census-village-schedule-ground-water-schemes-surface-water-schemes,Provisional state irrigation profile expanded to district for prototype use; not an official district-level observation.
24,Gujarat,668,Chhotaudepur,Tube well,Groundwater,"Canal, tube well",PROVISIONAL_STATE_PROFILE,DISTRICT_ROW_WITH_STATE_PROFILE,MARUDAM_IRRIGATION_PROFILE_V1,2026,https://data.gov.in/catalog/7th-minor-irrigation-census-village-schedule-ground-water-schemes-surface-water-schemes,Provisional state irrigation profile expanded to district for prototype use; not an official district-level observation.
24,Gujarat,445,Dahod,Tube well,Groundwater,"Canal, tube well",PROVISIONAL_STATE_PROFILE,DISTRICT_ROW_WITH_STATE_PROFILE,MARUDAM_IRRIGATION_PROFILE_V1,2026,https://data.gov.in/catalog/7th-minor-irrigation-census-village-schedule-ground-water-schemes-surface-water-schemes,Provisional state irrigation profile expanded to district for prototype use; not an official district-level observation.
19,West Bengal,310,Dakshin Dinajpur,Tube well/Surface irrigation,Mixed,"Tube well, canal",PROVISIONAL_STATE_PROFILE,DISTRICT_ROW_WITH_STATE_PROFILE,MARUDAM_IRRIGATION_PROFILE_V1,2026,https://data.gov.in/catalog/7th-minor-irrigation-census-village-schedule-ground-water-schemes-surface-water-schemes,Provisional state irrigation profile expanded to district for prototype use; not an official district-level observation.
23,Madhya Pradesh,400,Damoh,Tube well,Groundwater,"Canal, tube well",PROVISIONAL_STATE_PROFILE,DISTRICT_ROW_WITH_STATE_PROFILE,MARUDAM_IRRIGATION_PROFILE_V1,2026,https://data.gov.in/catalog/7th-minor-irrigation-census-village-schedule-ground-water-schemes-surface-water-schemes,Provisional state irrigation profile expanded to district for prototype use; not an official district-level observation.
24,Gujarat,444,Dangs,Tube well,Groundwater,"Canal, tube well",PROVISIONAL_STATE_PROFILE,DISTRICT_ROW_WITH_STATE_PROFILE,MARUDAM_IRRIGATION_PROFILE_V1,2026,https://data.gov.in/catalog/7th-minor-irrigation-census-village-schedule-ground-water-schemes-surface-water-schemes,Provisional state irrigation profile expanded to district for prototype use; not an official district-level observation.
19,West Bengal,309,Darjeeling,Tube well/Surface irrigation,Mixed,"Tube well, canal",PROVISIONAL_STATE_PROFILE,DISTRICT_ROW_WITH_STATE_PROFILE,MARUDAM_IRRIGATION_PROFILE_V1,2026,https://data.gov.in/catalog/7th-minor-irrigation-census-village-schedule-ground-water-schemes-surface-water-schemes,Provisional state irrigation profile expanded to district for prototype use; not an official district-level observation.
29,Karnataka,535,Davangere,Borewell/Tube well,Groundwater,"Canal, tank",PROVISIONAL_STATE_PROFILE,DISTRICT_ROW_WITH_STATE_PROFILE,MARUDAM_IRRIGATION_PROFILE_V1,2026,https://data.gov.in/catalog/7th-minor-irrigation-census-village-schedule-ground-water-schemes-surface-water-schemes,Provisional state irrigation profile expanded to district for prototype use; not an official district-level observation.
16,Tripura,269,Dhalai,Tube well,Groundwater,"Tube well, surface water",PROVISIONAL_STATE_PROFILE,DISTRICT_ROW_WITH_STATE_PROFILE,MARUDAM_IRRIGATION_PROFILE_V1,2026,https://data.gov.in/catalog/7th-minor-irrigation-census-village-schedule-ground-water-schemes-surface-water-schemes,Provisional state irrigation profile expanded to district for prototype use; not an official district-level observation.
21,Odisha,352,Dhenkanal,Canal/Surface irrigation,Surface water,"Canal, tank, groundwater",PROVISIONAL_STATE_PROFILE,DISTRICT_ROW_WITH_STATE_PROFILE,MARUDAM_IRRIGATION_PROFILE_V1,2026,https://data.gov.in/catalog/7th-minor-irrigation-census-village-schedule-ground-water-schemes-surface-water-schemes,Provisional state irrigation profile expanded to district for prototype use; not an official district-level observation.
23,Madhya Pradesh,404,Dindori,Tube well,Groundwater,"Canal, tube well",PROVISIONAL_STATE_PROFILE,DISTRICT_ROW_WITH_STATE_PROFILE,MARUDAM_IRRIGATION_PROFILE_V1,2026,https://data.gov.in/catalog/7th-minor-irrigation-census-village-schedule-ground-water-schemes-surface-water-schemes,Provisional state irrigation profile expanded to district for prototype use; not an official district-level observation.
8,Rajasthan,769,Dudu,Tube well,Groundwater,"Canal, tube well, tank",PROVISIONAL_STATE_PROFILE,DISTRICT_ROW_WITH_STATE_PROFILE,MARUDAM_IRRIGATION_PROFILE_V1,2026,https://data.gov.in/catalog/7th-minor-irrigation-census-village-schedule-ground-water-schemes-surface-water-schemes,Provisional state irrigation profile expanded to district for prototype use; not an official district-level observation.
17,Meghalaya,657,East Jaintia Hills,Surface irrigation,Surface water,"Streams, springs",PROVISIONAL_STATE_PROFILE,DISTRICT_ROW_WITH_STATE_PROFILE,MARUDAM_IRRIGATION_PROFILE_V1,2026,https://data.gov.in/catalog/7th-minor-irrigation-census-village-schedule-ground-water-schemes-surface-water-schemes,Provisional state irrigation profile expanded to district for prototype use; not an official district-level observation.
28,Andhra Pradesh,748,Eluru,Borewell/Tube well,Groundwater,"Canal, Tank",PROVISIONAL_STATE_PROFILE,DISTRICT_ROW_WITH_STATE_PROFILE,MARUDAM_IRRIGATION_PROFILE_V1,2026,https://data.gov.in/catalog/7th-minor-irrigation-census-village-schedule-ground-water-schemes-surface-water-schemes,Provisional state irrigation profile expanded to district for prototype use; not an official district-level observation.
33,Tamil Nadu,573,Erode,Tube well/Surface irrigation,Mixed,"Canal, tank, borewell",PROVISIONAL_STATE_PROFILE,DISTRICT_ROW_WITH_STATE_PROFILE,MARUDAM_IRRIGATION_PROFILE_V1,2026,https://data.gov.in/catalog/7th-minor-irrigation-census-village-schedule-ground-water-schemes-surface-water-schemes,Provisional state irrigation profile expanded to district for prototype use; not an official district-level observation.
3,Punjab,651,Fazilka,Canal/Tube well,Mixed,"Canal, tube well",PROVISIONAL_STATE_PROFILE,DISTRICT_ROW_WITH_STATE_PROFILE,MARUDAM_IRRIGATION_PROFILE_V1,2026,https://data.gov.in/catalog/7th-minor-irrigation-census-village-schedule-ground-water-schemes-surface-water-schemes,Provisional state irrigation profile expanded to district for prototype use; not an official district-level observation.
3,Punjab,31,Ferozepur,Canal/Tube well,Mixed,"Canal, tube well",PROVISIONAL_STATE_PROFILE,DISTRICT_ROW_WITH_STATE_PROFILE,MARUDAM_IRRIGATION_PROFILE_V1,2026,https://data.gov.in/catalog/7th-minor-irrigation-census-village-schedule-ground-water-schemes-surface-water-schemes,Provisional state irrigation profile expanded to district for prototype use; not an official district-level observation.
24,Gujarat,446,Gandhinagar,Tube well,Groundwater,"Canal, tube well",PROVISIONAL_STATE_PROFILE,DISTRICT_ROW_WITH_STATE_PROFILE,MARUDAM_IRRIGATION_PROFILE_V1,2026,https://data.gov.in/catalog/7th-minor-irrigation-census-village-schedule-ground-water-schemes-surface-water-schemes,Provisional state irrigation profile expanded to district for prototype use; not an official district-level observation.
20,Jharkhand,328,Garhwa,Well/Tube well,Groundwater,"Ponds, wells, tube wells",PROVISIONAL_STATE_PROFILE,DISTRICT_ROW_WITH_STATE_PROFILE,MARUDAM_IRRIGATION_PROFILE_V1,2026,https://data.gov.in/catalog/7th-minor-irrigation-census-village-schedule-ground-water-schemes-surface-water-schemes,Provisional state irrigation profile expanded to district for prototype use; not an official district-level observation.
22,Chhattisgarh,645,Gariyaband,Canal/Surface irrigation,Surface water,"Canal, tank, groundwater",PROVISIONAL_STATE_PROFILE,DISTRICT_ROW_WITH_STATE_PROFILE,MARUDAM_IRRIGATION_PROFILE_V1,2026,https://data.gov.in/catalog/7th-minor-irrigation-census-village-schedule-ground-water-schemes-surface-water-schemes,Provisional state irrigation profile expanded to district for prototype use; not an official district-level observation.
10,Bihar,196,Gaya,Tube well,Groundwater,"Canal, tube well",PROVISIONAL_STATE_PROFILE,DISTRICT_ROW_WITH_STATE_PROFILE,MARUDAM_IRRIGATION_PROFILE_V1,2026,https://data.gov.in/catalog/7th-minor-irrigation-census-village-schedule-ground-water-schemes-surface-water-schemes,Provisional state irrigation profile expanded to district for prototype use; not an official district-level observation.
16,Tripura,654,Gomati,Tube well,Groundwater,"Tube well, surface water",PROVISIONAL_STATE_PROFILE,DISTRICT_ROW_WITH_STATE_PROFILE,MARUDAM_IRRIGATION_PROFILE_V1,2026,https://data.gov.in/catalog/7th-minor-irrigation-census-village-schedule-ground-water-schemes-surface-water-schemes,Provisional state irrigation profile expanded to district for prototype use; not an official district-level observation.
20,Jharkhand,331,Gumla,Well/Tube well,Groundwater,"Ponds, wells, tube wells",PROVISIONAL_STATE_PROFILE,DISTRICT_ROW_WITH_STATE_PROFILE,MARUDAM_IRRIGATION_PROFILE_V1,2026,https://data.gov.in/catalog/7th-minor-irrigation-census-village-schedule-ground-water-schemes-surface-water-schemes,Provisional state irrigation profile expanded to district for prototype use; not an official district-level observation.
2,Himachal Pradesh,17,Hamirpur,Surface irrigation,Surface water,"Kuhl/stream, spring",PROVISIONAL_STATE_PROFILE,DISTRICT_ROW_WITH_STATE_PROFILE,MARUDAM_IRRIGATION_PROFILE_V1,2026,https://data.gov.in/catalog/7th-minor-irrigation-census-village-schedule-ground-water-schemes-surface-water-schemes,Provisional state irrigation profile expanded to district for prototype use; not an official district-level observation.
36,Telangana,686,Hanumakonda,Borewell/Tube well,Groundwater,"Tank, canal",PROVISIONAL_STATE_PROFILE,DISTRICT_ROW_WITH_STATE_PROFILE,MARUDAM_IRRIGATION_PROFILE_V1,2026,https://data.gov.in/catalog/7th-minor-irrigation-census-village-schedule-ground-water-schemes-surface-water-schemes,Provisional state irrigation profile expanded to district for prototype use; not an official district-level observation.
23,Madhya Pradesh,408,Harda,Tube well,Groundwater,"Canal, tube well",PROVISIONAL_STATE_PROFILE,DISTRICT_ROW_WITH_STATE_PROFILE,MARUDAM_IRRIGATION_PROFILE_V1,2026,https://data.gov.in/catalog/7th-minor-irrigation-census-village-schedule-ground-water-schemes-surface-water-schemes,Provisional state irrigation profile expanded to district for prototype use; not an official district-level observation.
5,Uttarakhand,50,Haridwar,Surface irrigation,Surface water,"Canal, spring, stream",PROVISIONAL_STATE_PROFILE,DISTRICT_ROW_WITH_STATE_PROFILE,MARUDAM_IRRIGATION_PROFILE_V1,2026,https://data.gov.in/catalog/7th-minor-irrigation-census-village-schedule-ground-water-schemes-surface-water-schemes,Provisional state irrigation profile expanded to district for prototype use; not an official district-level observation.
29,Karnataka,539,Hassan,Borewell/Tube well,Groundwater,"Canal, tank",PROVISIONAL_STATE_PROFILE,DISTRICT_ROW_WITH_STATE_PROFILE,MARUDAM_IRRIGATION_PROFILE_V1,2026,https://data.gov.in/catalog/7th-minor-irrigation-census-village-schedule-ground-water-schemes-surface-water-schemes,Provisional state irrigation profile expanded to district for prototype use; not an official district-level observation.
21,Odisha,355,Jagatsinghapur,Canal/Surface irrigation,Surface water,"Canal, tank, groundwater",PROVISIONAL_STATE_PROFILE,DISTRICT_ROW_WITH_STATE_PROFILE,MARUDAM_IRRIGATION_PROFILE_V1,2026,https://data.gov.in/catalog/7th-minor-irrigation-census-village-schedule-ground-water-schemes-surface-water-schemes,Provisional state irrigation profile expanded to district for prototype use; not an official district-level observation.
8,Rajasthan,102,Jaipur,Tube well,Groundwater,"Canal, tube well, tank",PROVISIONAL_STATE_PROFILE,DISTRICT_ROW_WITH_STATE_PROFILE,MARUDAM_IRRIGATION_PROFILE_V1,2026,https://data.gov.in/catalog/7th-minor-irrigation-census-village-schedule-ground-water-schemes-surface-water-schemes,Provisional state irrigation profile expanded to district for prototype use; not an official district-level observation.
8,Rajasthan,104,Jalore,Tube well,Groundwater,"Canal, tube well, tank",PROVISIONAL_STATE_PROFILE,DISTRICT_ROW_WITH_STATE_PROFILE,MARUDAM_IRRIGATION_PROFILE_V1,2026,https://data.gov.in/catalog/7th-minor-irrigation-census-village-schedule-ground-water-schemes-surface-water-schemes,Provisional state irrigation profile expanded to district for prototype use; not an official district-level observation.
19,West Bengal,314,Jalpaiguri,Tube well/Surface irrigation,Mixed,"Tube well, canal",PROVISIONAL_STATE_PROFILE,DISTRICT_ROW_WITH_STATE_PROFILE,MARUDAM_IRRIGATION_PROFILE_V1,2026,https://data.gov.in/catalog/7th-minor-irrigation-census-village-schedule-ground-water-schemes-surface-water-schemes,Provisional state irrigation profile expanded to district for prototype use; not an official district-level observation.
36,Telangana,687,Jayashankar Bhupalapally,Borewell/Tube well,Groundwater,"Tank, canal",PROVISIONAL_STATE_PROFILE,DISTRICT_ROW_WITH_STATE_PROFILE,MARUDAM_IRRIGATION_PROFILE_V1,2026,https://data.gov.in/catalog/7th-minor-irrigation-census-village-schedule-ground-water-schemes-surface-water-schemes,Provisional state irrigation profile expanded to district for prototype use; not an official district-level observation.
8,Rajasthan,105,Jhalawar,Tube well,Groundwater,"Canal, tube well, tank",PROVISIONAL_STATE_PROFILE,DISTRICT_ROW_WITH_STATE_PROFILE,MARUDAM_IRRIGATION_PROFILE_V1,2026,https://data.gov.in/catalog/7th-minor-irrigation-census-village-schedule-ground-water-schemes-surface-water-schemes,Provisional state irrigation profile expanded to district for prototype use; not an official district-level observation.
9,Uttar Pradesh,153,Jhansi,Tube well,Groundwater,"Canal, tube well",PROVISIONAL_STATE_PROFILE,DISTRICT_ROW_WITH_STATE_PROFILE,MARUDAM_IRRIGATION_PROFILE_V1,2026,https://data.gov.in/catalog/7th-minor-irrigation-census-village-schedule-ground-water-schemes-surface-water-schemes,Provisional state irrigation profile expanded to district for prototype use; not an official district-level observation.
21,Odisha,357,Jharsuguda,Canal/Surface irrigation,Surface water,"Canal, tank, groundwater",PROVISIONAL_STATE_PROFILE,DISTRICT_ROW_WITH_STATE_PROFILE,MARUDAM_IRRIGATION_PROFILE_V1,2026,https://data.gov.in/catalog/7th-minor-irrigation-census-village-schedule-ground-water-schemes-surface-water-schemes,Provisional state irrigation profile expanded to district for prototype use; not an official district-level observation.
22,Chhattisgarh,382,Kabeerdham,Canal/Surface irrigation,Surface water,"Canal, tank, groundwater",PROVISIONAL_STATE_PROFILE,DISTRICT_ROW_WITH_STATE_PROFILE,MARUDAM_IRRIGATION_PROFILE_V1,2026,https://data.gov.in/catalog/7th-minor-irrigation-census-village-schedule-ground-water-schemes-surface-water-schemes,Provisional state irrigation profile expanded to district for prototype use; not an official district-level observation.
19,West Bengal,702,Kalimpong,Tube well/Surface irrigation,Mixed,"Tube well, canal",PROVISIONAL_STATE_PROFILE,DISTRICT_ROW_WITH_STATE_PROFILE,MARUDAM_IRRIGATION_PROFILE_V1,2026,https://data.gov.in/catalog/7th-minor-irrigation-census-village-schedule-ground-water-schemes-surface-water-schemes,Provisional state irrigation profile expanded to district for prototype use; not an official district-level observation.
9,Uttar Pradesh,156,Kanpur Dehat,Tube well,Groundwater,"Canal, tube well",PROVISIONAL_STATE_PROFILE,DISTRICT_ROW_WITH_STATE_PROFILE,MARUDAM_IRRIGATION_PROFILE_V1,2026,https://data.gov.in/catalog/7th-minor-irrigation-census-village-schedule-ground-water-schemes-surface-water-schemes,Provisional state irrigation profile expanded to district for prototype use; not an official district-level observation.
8,Rajasthan,108,Karauli,Tube well,Groundwater,"Canal, tube well, tank",PROVISIONAL_STATE_PROFILE,DISTRICT_ROW_WITH_STATE_PROFILE,MARUDAM_IRRIGATION_PROFILE_V1,2026,https://data.gov.in/catalog/7th-minor-irrigation-census-village-schedule-ground-water-schemes-surface-water-schemes,Provisional state irrigation profile expanded to district for prototype use; not an official district-level observation.
36,Telangana,508,Karimnagar,Borewell/Tube well,Groundwater,"Tank, canal",PROVISIONAL_STATE_PROFILE,DISTRICT_ROW_WITH_STATE_PROFILE,MARUDAM_IRRIGATION_PROFILE_V1,2026,https://data.gov.in/catalog/7th-minor-irrigation-census-village-schedule-ground-water-schemes-surface-water-schemes,Provisional state irrigation profile expanded to district for prototype use; not an official district-level observation.
10,Bihar,201,Katihar,Tube well,Groundwater,"Canal, tube well",PROVISIONAL_STATE_PROFILE,DISTRICT_ROW_WITH_STATE_PROFILE,MARUDAM_IRRIGATION_PROFILE_V1,2026,https://data.gov.in/catalog/7th-minor-irrigation-census-village-schedule-ground-water-schemes-surface-water-schemes,Provisional state irrigation profile expanded to district for prototype use; not an official district-level observation.
21,Odisha,360,Kendrapara,Canal/Surface irrigation,Surface water,"Canal, tank, groundwater",PROVISIONAL_STATE_PROFILE,DISTRICT_ROW_WITH_STATE_PROFILE,MARUDAM_IRRIGATION_PROFILE_V1,2026,https://data.gov.in/catalog/7th-minor-irrigation-census-village-schedule-ground-water-schemes-surface-water-schemes,Provisional state irrigation profile expanded to district for prototype use; not an official district-level observation.
23,Madhya Pradesh,414,Khargone (West Nimar),Tube well,Groundwater,"Canal, tube well",PROVISIONAL_STATE_PROFILE,DISTRICT_ROW_WITH_STATE_PROFILE,MARUDAM_IRRIGATION_PROFILE_V1,2026,https://data.gov.in/catalog/7th-minor-irrigation-census-village-schedule-ground-water-schemes-surface-water-schemes,Provisional state irrigation profile expanded to district for prototype use; not an official district-level observation.
24,Gujarat,450,Kheda,Tube well,Groundwater,"Canal, tube well",PROVISIONAL_STATE_PROFILE,DISTRICT_ROW_WITH_STATE_PROFILE,MARUDAM_IRRIGATION_PROFILE_V1,2026,https://data.gov.in/catalog/7th-minor-irrigation-census-village-schedule-ground-water-schemes-surface-water-schemes,Provisional state irrigation profile expanded to district for prototype use; not an official district-level observation.
9,Uttar Pradesh,159,Kheri,Tube well,Groundwater,"Canal, tube well",PROVISIONAL_STATE_PROFILE,DISTRICT_ROW_WITH_STATE_PROFILE,MARUDAM_IRRIGATION_PROFILE_V1,2026,https://data.gov.in/catalog/7th-minor-irrigation-census-village-schedule-ground-water-schemes-surface-water-schemes,Provisional state irrigation profile expanded to district for prototype use; not an official district-level observation.
16,Tripura,652,Khowai,Tube well,Groundwater,"Tube well, surface water",PROVISIONAL_STATE_PROFILE,DISTRICT_ROW_WITH_STATE_PROFILE,MARUDAM_IRRIGATION_PROFILE_V1,2026,https://data.gov.in/catalog/7th-minor-irrigation-census-village-schedule-ground-water-schemes-surface-water-schemes,Provisional state irrigation profile expanded to district for prototype use; not an official district-level observation.
20,Jharkhand,606,Khunti,Well/Tube well,Groundwater,"Ponds, wells, tube wells",PROVISIONAL_STATE_PROFILE,DISTRICT_ROW_WITH_STATE_PROFILE,MARUDAM_IRRIGATION_PROFILE_V1,2026,https://data.gov.in/catalog/7th-minor-irrigation-census-village-schedule-ground-water-schemes-surface-water-schemes,Provisional state irrigation profile expanded to district for prototype use; not an official district-level observation.
1,Jammu And Kashmir,620,Kishtwar,Mixed/Unknown,Unknown,Not specified,PROVISIONAL_STATE_PROFILE,DISTRICT_ROW_WITH_STATE_PROFILE,MARUDAM_IRRIGATION_PROFILE_V1,2026,https://data.gov.in/catalog/7th-minor-irrigation-census-village-schedule-ground-water-schemes-surface-water-schemes,Provisional state irrigation profile expanded to district for prototype use; not an official district-level observation.
15,Mizoram,263,Kolasib,Surface irrigation,Surface water,"Streams, springs",PROVISIONAL_STATE_PROFILE,DISTRICT_ROW_WITH_STATE_PROFILE,MARUDAM_IRRIGATION_PROFILE_V1,2026,https://data.gov.in/catalog/7th-minor-irrigation-census-village-schedule-ground-water-schemes-surface-water-schemes,Provisional state irrigation profile expanded to district for prototype use; not an official district-level observation.
19,West Bengal,315,Kolkata,Tube well/Surface irrigation,Mixed,"Tube well, canal",PROVISIONAL_STATE_PROFILE,DISTRICT_ROW_WITH_STATE_PROFILE,MARUDAM_IRRIGATION_PROFILE_V1,2026,https://data.gov.in/catalog/7th-minor-irrigation-census-village-schedule-ground-water-schemes-surface-water-schemes,Provisional state irrigation profile expanded to district for prototype use; not an official district-level observation.
32,Kerala,559,Kollam,Well irrigation,Groundwater,"Wells, streams",PROVISIONAL_STATE_PROFILE,DISTRICT_ROW_WITH_STATE_PROFILE,MARUDAM_IRRIGATION_PROFILE_V1,2026,https://data.gov.in/catalog/7th-minor-irrigation-census-village-schedule-ground-water-schemes-surface-water-schemes,Provisional state irrigation profile expanded to district for prototype use; not an official district-level observation.
8,Rajasthan,109,Kota,Tube well,Groundwater,"Canal, tube well, tank",PROVISIONAL_STATE_PROFILE,DISTRICT_ROW_WITH_STATE_PROFILE,MARUDAM_IRRIGATION_PROFILE_V1,2026,https://data.gov.in/catalog/7th-minor-irrigation-census-village-schedule-ground-water-schemes-surface-water-schemes,Provisional state irrigation profile expanded to district for prototype use; not an official district-level observation.
9,Uttar Pradesh,160,Kushinagar,Tube well,Groundwater,"Canal, tube well",PROVISIONAL_STATE_PROFILE,DISTRICT_ROW_WITH_STATE_PROFILE,MARUDAM_IRRIGATION_PROFILE_V1,2026,https://data.gov.in/catalog/7th-minor-irrigation-census-village-schedule-ground-water-schemes-surface-water-schemes,Provisional state irrigation profile expanded to district for prototype use; not an official district-level observation.
31,Lakshadweep,553,Lakshadweep District,Well irrigation,Groundwater,"Wells, rainwater",PROVISIONAL_STATE_PROFILE,DISTRICT_ROW_WITH_STATE_PROFILE,MARUDAM_IRRIGATION_PROFILE_V1,2026,https://data.gov.in/catalog/7th-minor-irrigation-census-village-schedule-ground-water-schemes-surface-water-schemes,Provisional state irrigation profile expanded to district for prototype use; not an official district-level observation.
9,Uttar Pradesh,161,Lalitpur,Tube well,Groundwater,"Canal, tube well",PROVISIONAL_STATE_PROFILE,DISTRICT_ROW_WITH_STATE_PROFILE,MARUDAM_IRRIGATION_PROFILE_V1,2026,https://data.gov.in/catalog/7th-minor-irrigation-census-village-schedule-ground-water-schemes-surface-water-schemes,Provisional state irrigation profile expanded to district for prototype use; not an official district-level observation.
20,Jharkhand,335,Latehar,Well/Tube well,Groundwater,"Ponds, wells, tube wells",PROVISIONAL_STATE_PROFILE,DISTRICT_ROW_WITH_STATE_PROFILE,MARUDAM_IRRIGATION_PROFILE_V1,2026,https://data.gov.in/catalog/7th-minor-irrigation-census-village-schedule-ground-water-schemes-surface-water-schemes,Provisional state irrigation profile expanded to district for prototype use; not an official district-level observation.
12,Arunachal Pradesh,234,Lohit,Surface irrigation,Surface water,"Streams, springs",PROVISIONAL_STATE_PROFILE,DISTRICT_ROW_WITH_STATE_PROFILE,MARUDAM_IRRIGATION_PROFILE_V1,2026,https://data.gov.in/catalog/7th-minor-irrigation-census-village-schedule-ground-water-schemes-surface-water-schemes,Provisional state irrigation profile expanded to district for prototype use; not an official district-level observation.
13,Nagaland,615,Longleng,Surface irrigation,Surface water,"Streams, springs",PROVISIONAL_STATE_PROFILE,DISTRICT_ROW_WITH_STATE_PROFILE,MARUDAM_IRRIGATION_PROFILE_V1,2026,https://data.gov.in/catalog/7th-minor-irrigation-census-village-schedule-ground-water-schemes-surface-water-schemes,Provisional state irrigation profile expanded to district for prototype use; not an official district-level observation.
10,Bihar,206,Madhubani,Tube well,Groundwater,"Canal, tube well",PROVISIONAL_STATE_PROFILE,DISTRICT_ROW_WITH_STATE_PROFILE,MARUDAM_IRRIGATION_PROFILE_V1,2026,https://data.gov.in/catalog/7th-minor-irrigation-census-village-schedule-ground-water-schemes-surface-water-schemes,Provisional state irrigation profile expanded to district for prototype use; not an official district-level observation.
33,Tamil Nadu,578,Madurai,Tube well/Surface irrigation,Mixed,"Canal, tank, borewell",PROVISIONAL_STATE_PROFILE,DISTRICT_ROW_WITH_STATE_PROFILE,MARUDAM_IRRIGATION_PROFILE_V1,2026,https://data.gov.in/catalog/7th-minor-irrigation-census-village-schedule-ground-water-schemes-surface-water-schemes,Provisional state irrigation profile expanded to district for prototype use; not an official district-level observation.
6,Haryana,69,Mahendragarh,Tube well,Groundwater,"Canal, tube well",PROVISIONAL_STATE_PROFILE,DISTRICT_ROW_WITH_STATE_PROFILE,MARUDAM_IRRIGATION_PROFILE_V1,2026,https://data.gov.in/catalog/7th-minor-irrigation-census-village-schedule-ground-water-schemes-surface-water-schemes,Provisional state irrigation profile expanded to district for prototype use; not an official district-level observation.
24,Gujarat,669,Mahisagar,Tube well,Groundwater,"Canal, tube well",PROVISIONAL_STATE_PROFILE,DISTRICT_ROW_WITH_STATE_PROFILE,MARUDAM_IRRIGATION_PROFILE_V1,2026,https://data.gov.in/catalog/7th-minor-irrigation-census-village-schedule-ground-water-schemes-surface-water-schemes,Provisional state irrigation profile expanded to district for prototype use; not an official district-level observation.
23,Madhya Pradesh,784,Maihar,Tube well,Groundwater,"Canal, tube well",PROVISIONAL_STATE_PROFILE,DISTRICT_ROW_WITH_STATE_PROFILE,MARUDAM_IRRIGATION_PROFILE_V1,2026,https://data.gov.in/catalog/7th-minor-irrigation-census-village-schedule-ground-water-schemes-surface-water-schemes,Provisional state irrigation profile expanded to district for prototype use; not an official district-level observation.
9,Uttar Pradesh,166,Mainpuri,Tube well,Groundwater,"Canal, tube well",PROVISIONAL_STATE_PROFILE,DISTRICT_ROW_WITH_STATE_PROFILE,MARUDAM_IRRIGATION_PROFILE_V1,2026,https://data.gov.in/catalog/7th-minor-irrigation-census-village-schedule-ground-water-schemes-surface-water-schemes,Provisional state irrigation profile expanded to district for prototype use; not an official district-level observation.
18,Assam,706,Majuli,Surface irrigation,Surface water,"Canal, river, shallow groundwater",PROVISIONAL_STATE_PROFILE,DISTRICT_ROW_WITH_STATE_PROFILE,MARUDAM_IRRIGATION_PROFILE_V1,2026,https://data.gov.in/catalog/7th-minor-irrigation-census-village-schedule-ground-water-schemes-surface-water-schemes,Provisional state irrigation profile expanded to district for prototype use; not an official district-level observation.
32,Kerala,562,Malappuram,Well irrigation,Groundwater,"Wells, streams",PROVISIONAL_STATE_PROFILE,DISTRICT_ROW_WITH_STATE_PROFILE,MARUDAM_IRRIGATION_PROFILE_V1,2026,https://data.gov.in/catalog/7th-minor-irrigation-census-village-schedule-ground-water-schemes-surface-water-schemes,Provisional state irrigation profile expanded to district for prototype use; not an official district-level observation.
19,West Bengal,316,Malda,Tube well/Surface irrigation,Mixed,"Tube well, canal",PROVISIONAL_STATE_PROFILE,DISTRICT_ROW_WITH_STATE_PROFILE,MARUDAM_IRRIGATION_PROFILE_V1,2026,https://data.gov.in/catalog/7th-minor-irrigation-census-village-schedule-ground-water-schemes-surface-water-schemes,Provisional state irrigation profile expanded to district for prototype use; not an official district-level observation.
21,Odisha,364,Malkangiri,Canal/Surface irrigation,Surface water,"Canal, tank, groundwater",PROVISIONAL_STATE_PROFILE,DISTRICT_ROW_WITH_STATE_PROFILE,MARUDAM_IRRIGATION_PROFILE_V1,2026,https://data.gov.in/catalog/7th-minor-irrigation-census-village-schedule-ground-water-schemes-surface-water-schemes,Provisional state irrigation profile expanded to district for prototype use; not an official district-level observation.
36,Telangana,684,Mancherial,Borewell/Tube well,Groundwater,"Tank, canal",PROVISIONAL_STATE_PROFILE,DISTRICT_ROW_WITH_STATE_PROFILE,MARUDAM_IRRIGATION_PROFILE_V1,2026,https://data.gov.in/catalog/7th-minor-irrigation-census-village-schedule-ground-water-schemes-surface-water-schemes,Provisional state irrigation profile expanded to district for prototype use; not an official district-level observation.
9,Uttar Pradesh,168,Mau,Tube well,Groundwater,"Canal, tube well",PROVISIONAL_STATE_PROFILE,DISTRICT_ROW_WITH_STATE_PROFILE,MARUDAM_IRRIGATION_PROFILE_V1,2026,https://data.gov.in/catalog/7th-minor-irrigation-census-village-schedule-ground-water-schemes-surface-water-schemes,Provisional state irrigation profile expanded to district for prototype use; not an official district-level observation.
13,Nagaland,247,Mon,Surface irrigation,Surface water,"Streams, springs",PROVISIONAL_STATE_PROFILE,DISTRICT_ROW_WITH_STATE_PROFILE,MARUDAM_IRRIGATION_PROFILE_V1,2026,https://data.gov.in/catalog/7th-minor-irrigation-census-village-schedule-ground-water-schemes-surface-water-schemes,Provisional state irrigation profile expanded to district for prototype use; not an official district-level observation.
36,Telangana,720,Mulugu,Borewell/Tube well,Groundwater,"Tank, canal",PROVISIONAL_STATE_PROFILE,DISTRICT_ROW_WITH_STATE_PROFILE,MARUDAM_IRRIGATION_PROFILE_V1,2026,https://data.gov.in/catalog/7th-minor-irrigation-census-village-schedule-ground-water-schemes-surface-water-schemes,Provisional state irrigation profile expanded to district for prototype use; not an official district-level observation.
10,Bihar,207,Munger,Tube well,Groundwater,"Canal, tube well",PROVISIONAL_STATE_PROFILE,DISTRICT_ROW_WITH_STATE_PROFILE,MARUDAM_IRRIGATION_PROFILE_V1,2026,https://data.gov.in/catalog/7th-minor-irrigation-census-village-schedule-ground-water-schemes-surface-water-schemes,Provisional state irrigation profile expanded to district for prototype use; not an official district-level observation.
29,Karnataka,545,Mysuru,Borewell/Tube well,Groundwater,"Canal, tank",PROVISIONAL_STATE_PROFILE,DISTRICT_ROW_WITH_STATE_PROFILE,MARUDAM_IRRIGATION_PROFILE_V1,2026,https://data.gov.in/catalog/7th-minor-irrigation-census-village-schedule-ground-water-schemes-surface-water-schemes,Provisional state irrigation profile expanded to district for prototype use; not an official district-level observation.
33,Tamil Nadu,579,Nagapattinam,Tube well/Surface irrigation,Mixed,"Canal, tank, borewell",PROVISIONAL_STATE_PROFILE,DISTRICT_ROW_WITH_STATE_PROFILE,MARUDAM_IRRIGATION_PROFILE_V1,2026,https://data.gov.in/catalog/7th-minor-irrigation-census-village-schedule-ground-water-schemes-surface-water-schemes,Provisional state irrigation profile expanded to district for prototype use; not an official district-level observation.
27,Maharashtra,484,Nagpur,Borewell/Tube well,Groundwater,"Canal, tank",PROVISIONAL_STATE_PROFILE,DISTRICT_ROW_WITH_STATE_PROFILE,MARUDAM_IRRIGATION_PROFILE_V1,2026,https://data.gov.in/catalog/7th-minor-irrigation-census-village-schedule-ground-water-schemes-surface-water-schemes,Provisional state irrigation profile expanded to district for prototype use; not an official district-level observation.
5,Uttarakhand,51,Nainital,Surface irrigation,Surface water,"Canal, spring, stream",PROVISIONAL_STATE_PROFILE,DISTRICT_ROW_WITH_STATE_PROFILE,MARUDAM_IRRIGATION_PROFILE_V1,2026,https://data.gov.in/catalog/7th-minor-irrigation-census-village-schedule-ground-water-schemes-surface-water-schemes,Provisional state irrigation profile expanded to district for prototype use; not an official district-level observation.
23,Madhya Pradesh,409,Narmadapuram,Tube well,Groundwater,"Canal, tube well",PROVISIONAL_STATE_PROFILE,DISTRICT_ROW_WITH_STATE_PROFILE,MARUDAM_IRRIGATION_PROFILE_V1,2026,https://data.gov.in/catalog/7th-minor-irrigation-census-village-schedule-ground-water-schemes-surface-water-schemes,Provisional state irrigation profile expanded to district for prototype use; not an official district-level observation.
27,Maharashtra,487,Nashik,Borewell/Tube well,Groundwater,"Canal, tank",PROVISIONAL_STATE_PROFILE,DISTRICT_ROW_WITH_STATE_PROFILE,MARUDAM_IRRIGATION_PROFILE_V1,2026,https://data.gov.in/catalog/7th-minor-irrigation-census-village-schedule-ground-water-schemes-surface-water-schemes,Provisional state irrigation profile expanded to district for prototype use; not an official district-level observation.
24,Gujarat,453,Navsari,Tube well,Groundwater,"Canal, tube well",PROVISIONAL_STATE_PROFILE,DISTRICT_ROW_WITH_STATE_PROFILE,MARUDAM_IRRIGATION_PROFILE_V1,2026,https://data.gov.in/catalog/7th-minor-irrigation-census-village-schedule-ground-water-schemes-surface-water-schemes,Provisional state irrigation profile expanded to district for prototype use; not an official district-level observation.
14,Manipur,714,Noney,Surface irrigation,Surface water,"Streams, ponds",PROVISIONAL_STATE_PROFILE,DISTRICT_ROW_WITH_STATE_PROFILE,MARUDAM_IRRIGATION_PROFILE_V1,2026,https://data.gov.in/catalog/7th-minor-irrigation-census-village-schedule-ground-water-schemes-surface-water-schemes,Provisional state irrigation profile expanded to district for prototype use; not an official district-level observation.
7,Delhi,81,North East,Tube well,Groundwater,"Tube well, canal",PROVISIONAL_STATE_PROFILE,DISTRICT_ROW_WITH_STATE_PROFILE,MARUDAM_IRRIGATION_PROFILE_V1,2026,https://data.gov.in/catalog/7th-minor-irrigation-census-village-schedule-ground-water-schemes-surface-water-schemes,Provisional state irrigation profile expanded to district for prototype use; not an official district-level observation.
16,Tripura,270,North Tripura,Tube well,Groundwater,"Tube well, surface water",PROVISIONAL_STATE_PROFILE,DISTRICT_ROW_WITH_STATE_PROFILE,MARUDAM_IRRIGATION_PROFILE_V1,2026,https://data.gov.in/catalog/7th-minor-irrigation-census-village-schedule-ground-water-schemes-surface-water-schemes,Provisional state irrigation profile expanded to district for prototype use; not an official district-level observation.
28,Andhra Pradesh,749,Ntr,Borewell/Tube well,Groundwater,"Canal, Tank",PROVISIONAL_STATE_PROFILE,DISTRICT_ROW_WITH_STATE_PROFILE,MARUDAM_IRRIGATION_PROFILE_V1,2026,https://data.gov.in/catalog/7th-minor-irrigation-census-village-schedule-ground-water-schemes-surface-water-schemes,Provisional state irrigation profile expanded to district for prototype use; not an official district-level observation.
32,Kerala,563,Palakkad,Well irrigation,Groundwater,"Wells, streams",PROVISIONAL_STATE_PROFILE,DISTRICT_ROW_WITH_STATE_PROFILE,MARUDAM_IRRIGATION_PROFILE_V1,2026,https://data.gov.in/catalog/7th-minor-irrigation-census-village-schedule-ground-water-schemes-surface-water-schemes,Provisional state irrigation profile expanded to district for prototype use; not an official district-level observation.
20,Jharkhand,338,Palamu,Well/Tube well,Groundwater,"Ponds, wells, tube wells",PROVISIONAL_STATE_PROFILE,DISTRICT_ROW_WITH_STATE_PROFILE,MARUDAM_IRRIGATION_PROFILE_V1,2026,https://data.gov.in/catalog/7th-minor-irrigation-census-village-schedule-ground-water-schemes-surface-water-schemes,Provisional state irrigation profile expanded to district for prototype use; not an official district-level observation.
27,Maharashtra,665,Palghar,Borewell/Tube well,Groundwater,"Canal, tank",PROVISIONAL_STATE_PROFILE,DISTRICT_ROW_WITH_STATE_PROFILE,MARUDAM_IRRIGATION_PROFILE_V1,2026,https://data.gov.in/catalog/7th-minor-irrigation-census-village-schedule-ground-water-schemes-surface-water-schemes,Provisional state irrigation profile expanded to district for prototype use; not an official district-level observation.
6,Haryana,70,Panchkula,Tube well,Groundwater,"Canal, tube well",PROVISIONAL_STATE_PROFILE,DISTRICT_ROW_WITH_STATE_PROFILE,MARUDAM_IRRIGATION_PROFILE_V1,2026,https://data.gov.in/catalog/7th-minor-irrigation-census-village-schedule-ground-water-schemes-surface-water-schemes,Provisional state irrigation profile expanded to district for prototype use; not an official district-level observation.
6,Haryana,71,Panipat,Tube well,Groundwater,"Canal, tube well",PROVISIONAL_STATE_PROFILE,DISTRICT_ROW_WITH_STATE_PROFILE,MARUDAM_IRRIGATION_PROFILE_V1,2026,https://data.gov.in/catalog/7th-minor-irrigation-census-village-schedule-ground-water-schemes-surface-water-schemes,Provisional state irrigation profile expanded to district for prototype use; not an official district-level observation.
28,Andhra Pradesh,743,Parvathipuram Manyam,Borewell/Tube well,Groundwater,"Canal, Tank",PROVISIONAL_STATE_PROFILE,DISTRICT_ROW_WITH_STATE_PROFILE,MARUDAM_IRRIGATION_PROFILE_V1,2026,https://data.gov.in/catalog/7th-minor-irrigation-census-village-schedule-ground-water-schemes-surface-water-schemes,Provisional state irrigation profile expanded to district for prototype use; not an official district-level observation.
3,Punjab,662,Pathankot,Canal/Tube well,Mixed,"Canal, tube well",PROVISIONAL_STATE_PROFILE,DISTRICT_ROW_WITH_STATE_PROFILE,MARUDAM_IRRIGATION_PROFILE_V1,2026,https://data.gov.in/catalog/7th-minor-irrigation-census-village-schedule-ground-water-schemes-surface-water-schemes,Provisional state irrigation profile expanded to district for prototype use; not an official district-level observation.
5,Uttarakhand,53,Pithoragarh,Surface irrigation,Surface water,"Canal, spring, stream",PROVISIONAL_STATE_PROFILE,DISTRICT_ROW_WITH_STATE_PROFILE,MARUDAM_IRRIGATION_PROFILE_V1,2026,https://data.gov.in/catalog/7th-minor-irrigation-census-village-schedule-ground-water-schemes-surface-water-schemes,Provisional state irrigation profile expanded to district for prototype use; not an official district-level observation.
10,Bihar,213,Purbi Champaran,Tube well,Groundwater,"Canal, tube well",PROVISIONAL_STATE_PROFILE,DISTRICT_ROW_WITH_STATE_PROFILE,MARUDAM_IRRIGATION_PROFILE_V1,2026,https://data.gov.in/catalog/7th-minor-irrigation-census-village-schedule-ground-water-schemes-surface-water-schemes,Provisional state irrigation profile expanded to district for prototype use; not an official district-level observation.
21,Odisha,369,Puri,Canal/Surface irrigation,Surface water,"Canal, tank, groundwater",PROVISIONAL_STATE_PROFILE,DISTRICT_ROW_WITH_STATE_PROFILE,MARUDAM_IRRIGATION_PROFILE_V1,2026,https://data.gov.in/catalog/7th-minor-irrigation-census-village-schedule-ground-water-schemes-surface-water-schemes,Provisional state irrigation profile expanded to district for prototype use; not an official district-level observation.
23,Madhya Pradesh,421,Raisen,Tube well,Groundwater,"Canal, tube well",PROVISIONAL_STATE_PROFILE,DISTRICT_ROW_WITH_STATE_PROFILE,MARUDAM_IRRIGATION_PROFILE_V1,2026,https://data.gov.in/catalog/7th-minor-irrigation-census-village-schedule-ground-water-schemes-surface-water-schemes,Provisional state irrigation profile expanded to district for prototype use; not an official district-level observation.
36,Telangana,518,Ranga Reddy,Borewell/Tube well,Groundwater,"Tank, canal",PROVISIONAL_STATE_PROFILE,DISTRICT_ROW_WITH_STATE_PROFILE,MARUDAM_IRRIGATION_PROFILE_V1,2026,https://data.gov.in/catalog/7th-minor-irrigation-census-village-schedule-ground-water-schemes-surface-water-schemes,Provisional state irrigation profile expanded to district for prototype use; not an official district-level observation.
1,Jammu And Kashmir,627,Reasi,Mixed/Unknown,Unknown,Not specified,PROVISIONAL_STATE_PROFILE,DISTRICT_ROW_WITH_STATE_PROFILE,MARUDAM_IRRIGATION_PROFILE_V1,2026,https://data.gov.in/catalog/7th-minor-irrigation-census-village-schedule-ground-water-schemes-surface-water-schemes,Provisional state irrigation profile expanded to district for prototype use; not an official district-level observation.
23,Madhya Pradesh,425,Sagar,Tube well,Groundwater,"Canal, tube well",PROVISIONAL_STATE_PROFILE,DISTRICT_ROW_WITH_STATE_PROFILE,MARUDAM_IRRIGATION_PROFILE_V1,2026,https://data.gov.in/catalog/7th-minor-irrigation-census-village-schedule-ground-water-schemes-surface-water-schemes,Provisional state irrigation profile expanded to district for prototype use; not an official district-level observation.
10,Bihar,217,Samastipur,Tube well,Groundwater,"Canal, tube well",PROVISIONAL_STATE_PROFILE,DISTRICT_ROW_WITH_STATE_PROFILE,MARUDAM_IRRIGATION_PROFILE_V1,2026,https://data.gov.in/catalog/7th-minor-irrigation-census-village-schedule-ground-water-schemes-surface-water-schemes,Provisional state irrigation profile expanded to district for prototype use; not an official district-level observation.
3,Punjab,43,Sangrur,Canal/Tube well,Mixed,"Canal, tube well",PROVISIONAL_STATE_PROFILE,DISTRICT_ROW_WITH_STATE_PROFILE,MARUDAM_IRRIGATION_PROFILE_V1,2026,https://data.gov.in/catalog/7th-minor-irrigation-census-village-schedule-ground-water-schemes-surface-water-schemes,Provisional state irrigation profile expanded to district for prototype use; not an official district-level observation.
3,Punjab,608,S.A.S Nagar,Canal/Tube well,Mixed,"Canal, tube well",PROVISIONAL_STATE_PROFILE,DISTRICT_ROW_WITH_STATE_PROFILE,MARUDAM_IRRIGATION_PROFILE_V1,2026,https://data.gov.in/catalog/7th-minor-irrigation-census-village-schedule-ground-water-schemes-surface-water-schemes,Provisional state irrigation profile expanded to district for prototype use; not an official district-level observation.
3,Punjab,40,Shahid Bhagat Singh Nagar,Canal/Tube well,Mixed,"Canal, tube well",PROVISIONAL_STATE_PROFILE,DISTRICT_ROW_WITH_STATE_PROFILE,MARUDAM_IRRIGATION_PROFILE_V1,2026,https://data.gov.in/catalog/7th-minor-irrigation-census-village-schedule-ground-water-schemes-surface-water-schemes,Provisional state irrigation profile expanded to district for prototype use; not an official district-level observation.
9,Uttar Pradesh,182,Siddharthnagar,Tube well,Groundwater,"Canal, tube well",PROVISIONAL_STATE_PROFILE,DISTRICT_ROW_WITH_STATE_PROFILE,MARUDAM_IRRIGATION_PROFILE_V1,2026,https://data.gov.in/catalog/7th-minor-irrigation-census-village-schedule-ground-water-schemes-surface-water-schemes,Provisional state irrigation profile expanded to district for prototype use; not an official district-level observation.
8,Rajasthan,114,Sikar,Tube well,Groundwater,"Canal, tube well, tank",PROVISIONAL_STATE_PROFILE,DISTRICT_ROW_WITH_STATE_PROFILE,MARUDAM_IRRIGATION_PROFILE_V1,2026,https://data.gov.in/catalog/7th-minor-irrigation-census-village-schedule-ground-water-schemes-surface-water-schemes,Provisional state irrigation profile expanded to district for prototype use; not an official district-level observation.
27,Maharashtra,495,Sindhudurg,Borewell/Tube well,Groundwater,"Canal, tank",PROVISIONAL_STATE_PROFILE,DISTRICT_ROW_WITH_STATE_PROFILE,MARUDAM_IRRIGATION_PROFILE_V1,2026,https://data.gov.in/catalog/7th-minor-irrigation-census-village-schedule-ground-water-schemes-surface-water-schemes,Provisional state irrigation profile expanded to district for prototype use; not an official district-level observation.
8,Rajasthan,115,Sirohi,Tube well,Groundwater,"Canal, tube well, tank",PROVISIONAL_STATE_PROFILE,DISTRICT_ROW_WITH_STATE_PROFILE,MARUDAM_IRRIGATION_PROFILE_V1,2026,https://data.gov.in/catalog/7th-minor-irrigation-census-village-schedule-ground-water-schemes-surface-water-schemes,Provisional state irrigation profile expanded to district for prototype use; not an official district-level observation.
6,Haryana,74,Sirsa,Tube well,Groundwater,"Canal, tube well",PROVISIONAL_STATE_PROFILE,DISTRICT_ROW_WITH_STATE_PROFILE,MARUDAM_IRRIGATION_PROFILE_V1,2026,https://data.gov.in/catalog/7th-minor-irrigation-census-village-schedule-ground-water-schemes-surface-water-schemes,Provisional state irrigation profile expanded to district for prototype use; not an official district-level observation.
33,Tamil Nadu,585,Sivaganga,Tube well/Surface irrigation,Mixed,"Canal, tank, borewell",PROVISIONAL_STATE_PROFILE,DISTRICT_ROW_WITH_STATE_PROFILE,MARUDAM_IRRIGATION_PROFILE_V1,2026,https://data.gov.in/catalog/7th-minor-irrigation-census-village-schedule-ground-water-schemes-surface-water-schemes,Provisional state irrigation profile expanded to district for prototype use; not an official district-level observation.
9,Uttar Pradesh,184,Sonbhadra,Tube well,Groundwater,"Canal, tube well",PROVISIONAL_STATE_PROFILE,DISTRICT_ROW_WITH_STATE_PROFILE,MARUDAM_IRRIGATION_PROFILE_V1,2026,https://data.gov.in/catalog/7th-minor-irrigation-census-village-schedule-ground-water-schemes-surface-water-schemes,Provisional state irrigation profile expanded to district for prototype use; not an official district-level observation.
21,Odisha,372,Sonepur,Canal/Surface irrigation,Surface water,"Canal, tank, groundwater",PROVISIONAL_STATE_PROFILE,DISTRICT_ROW_WITH_STATE_PROFILE,MARUDAM_IRRIGATION_PROFILE_V1,2026,https://data.gov.in/catalog/7th-minor-irrigation-census-village-schedule-ground-water-schemes-surface-water-schemes,Provisional state irrigation profile expanded to district for prototype use; not an official district-level observation.
19,West Bengal,304,South 24 Parganas,Tube well/Surface irrigation,Mixed,"Tube well, canal",PROVISIONAL_STATE_PROFILE,DISTRICT_ROW_WITH_STATE_PROFILE,MARUDAM_IRRIGATION_PROFILE_V1,2026,https://data.gov.in/catalog/7th-minor-irrigation-census-village-schedule-ground-water-schemes-surface-water-schemes,Provisional state irrigation profile expanded to district for prototype use; not an official district-level observation.
30,Goa,552,South Goa,Well irrigation,Groundwater,"Wells, streams",PROVISIONAL_STATE_PROFILE,DISTRICT_ROW_WITH_STATE_PROFILE,MARUDAM_IRRIGATION_PROFILE_V1,2026,https://data.gov.in/catalog/7th-minor-irrigation-census-village-schedule-ground-water-schemes-surface-water-schemes,Provisional state irrigation profile expanded to district for prototype use; not an official district-level observation.
36,Telangana,696,Suryapet,Borewell/Tube well,Groundwater,"Tank, canal",PROVISIONAL_STATE_PROFILE,DISTRICT_ROW_WITH_STATE_PROFILE,MARUDAM_IRRIGATION_PROFILE_V1,2026,https://data.gov.in/catalog/7th-minor-irrigation-census-village-schedule-ground-water-schemes-surface-water-schemes,Provisional state irrigation profile expanded to district for prototype use; not an official district-level observation.
14,Manipur,716,Tengnoupal,Surface irrigation,Surface water,"Streams, ponds",PROVISIONAL_STATE_PROFILE,DISTRICT_ROW_WITH_STATE_PROFILE,MARUDAM_IRRIGATION_PROFILE_V1,2026,https://data.gov.in/catalog/7th-minor-irrigation-census-village-schedule-ground-water-schemes-surface-water-schemes,Provisional state irrigation profile expanded to district for prototype use; not an official district-level observation.
33,Tamil Nadu,588,Theni,Tube well/Surface irrigation,Mixed,"Canal, tank, borewell",PROVISIONAL_STATE_PROFILE,DISTRICT_ROW_WITH_STATE_PROFILE,MARUDAM_IRRIGATION_PROFILE_V1,2026,https://data.gov.in/catalog/7th-minor-irrigation-census-village-schedule-ground-water-schemes-surface-water-schemes,Provisional state irrigation profile expanded to district for prototype use; not an official district-level observation.
33,Tamil Nadu,590,Thiruvarur,Tube well/Surface irrigation,Mixed,"Canal, tank, borewell",PROVISIONAL_STATE_PROFILE,DISTRICT_ROW_WITH_STATE_PROFILE,MARUDAM_IRRIGATION_PROFILE_V1,2026,https://data.gov.in/catalog/7th-minor-irrigation-census-village-schedule-ground-water-schemes-surface-water-schemes,Provisional state irrigation profile expanded to district for prototype use; not an official district-level observation.
23,Madhya Pradesh,434,Tikamgarh,Tube well,Groundwater,"Canal, tube well",PROVISIONAL_STATE_PROFILE,DISTRICT_ROW_WITH_STATE_PROFILE,MARUDAM_IRRIGATION_PROFILE_V1,2026,https://data.gov.in/catalog/7th-minor-irrigation-census-village-schedule-ground-water-schemes-surface-water-schemes,Provisional state irrigation profile expanded to district for prototype use; not an official district-level observation.
16,Tripura,655,Unakoti,Tube well,Groundwater,"Tube well, surface water",PROVISIONAL_STATE_PROFILE,DISTRICT_ROW_WITH_STATE_PROFILE,MARUDAM_IRRIGATION_PROFILE_V1,2026,https://data.gov.in/catalog/7th-minor-irrigation-census-village-schedule-ground-water-schemes-surface-water-schemes,Provisional state irrigation profile expanded to district for prototype use; not an official district-level observation.
12,Arunachal Pradesh,241,Upper Subansiri,Surface irrigation,Surface water,"Streams, springs",PROVISIONAL_STATE_PROFILE,DISTRICT_ROW_WITH_STATE_PROFILE,MARUDAM_IRRIGATION_PROFILE_V1,2026,https://data.gov.in/catalog/7th-minor-irrigation-census-village-schedule-ground-water-schemes-surface-water-schemes,Provisional state irrigation profile expanded to district for prototype use; not an official district-level observation.
9,Uttar Pradesh,187,Varanasi,Tube well,Groundwater,"Canal, tube well",PROVISIONAL_STATE_PROFILE,DISTRICT_ROW_WITH_STATE_PROFILE,MARUDAM_IRRIGATION_PROFILE_V1,2026,https://data.gov.in/catalog/7th-minor-irrigation-census-village-schedule-ground-water-schemes-surface-water-schemes,Provisional state irrigation profile expanded to district for prototype use; not an official district-level observation.
33,Tamil Nadu,597,Virudhunagar,Tube well/Surface irrigation,Mixed,"Canal, tank, borewell",PROVISIONAL_STATE_PROFILE,DISTRICT_ROW_WITH_STATE_PROFILE,MARUDAM_IRRIGATION_PROFILE_V1,2026,https://data.gov.in/catalog/7th-minor-irrigation-census-village-schedule-ground-water-schemes-surface-water-schemes,Provisional state irrigation profile expanded to district for prototype use; not an official district-level observation.
27,Maharashtra,498,Wardha,Borewell/Tube well,Groundwater,"Canal, tank",PROVISIONAL_STATE_PROFILE,DISTRICT_ROW_WITH_STATE_PROFILE,MARUDAM_IRRIGATION_PROFILE_V1,2026,https://data.gov.in/catalog/7th-minor-irrigation-census-village-schedule-ground-water-schemes-surface-water-schemes,Provisional state irrigation profile expanded to district for prototype use; not an official district-level observation.
17,Meghalaya,279,West Khasi Hills,Surface irrigation,Surface water,"Streams, springs",PROVISIONAL_STATE_PROFILE,DISTRICT_ROW_WITH_STATE_PROFILE,MARUDAM_IRRIGATION_PROFILE_V1,2026,https://data.gov.in/catalog/7th-minor-irrigation-census-village-schedule-ground-water-schemes-surface-water-schemes,Provisional state irrigation profile expanded to district for prototype use; not an official district-level observation.
16,Tripura,272,West Tripura,Tube well,Groundwater,"Tube well, surface water",PROVISIONAL_STATE_PROFILE,DISTRICT_ROW_WITH_STATE_PROFILE,MARUDAM_IRRIGATION_PROFILE_V1,2026,https://data.gov.in/catalog/7th-minor-irrigation-census-village-schedule-ground-water-schemes-surface-water-schemes,Provisional state irrigation profile expanded to district for prototype use; not an official district-level observation.
28,Andhra Pradesh,504,Y.S.R.,Borewell/Tube well,Groundwater,"Canal, Tank",PROVISIONAL_STATE_PROFILE,DISTRICT_ROW_WITH_STATE_PROFILE,MARUDAM_IRRIGATION_PROFILE_V1,2026,https://data.gov.in/catalog/7th-minor-irrigation-census-village-schedule-ground-water-schemes-surface-water-schemes,Provisional state irrigation profile expanded to district for prototype use; not an official district-level observation.
23,Madhya Pradesh,667,Agar-Malwa,Tube well,Groundwater,"Canal, tube well",PROVISIONAL_STATE_PROFILE,DISTRICT_ROW_WITH_STATE_PROFILE,MARUDAM_IRRIGATION_PROFILE_V1,2026,https://data.gov.in/catalog/7th-minor-irrigation-census-village-schedule-ground-water-schemes-surface-water-schemes,Provisional state irrigation profile expanded to district for prototype use; not an official district-level observation.
9,Uttar Pradesh,118,Agra,Tube well,Groundwater,"Canal, tube well",PROVISIONAL_STATE_PROFILE,DISTRICT_ROW_WITH_STATE_PROFILE,MARUDAM_IRRIGATION_PROFILE_V1,2026,https://data.gov.in/catalog/7th-minor-irrigation-census-village-schedule-ground-water-schemes-surface-water-schemes,Provisional state irrigation profile expanded to district for prototype use; not an official district-level observation.
8,Rajasthan,86,Ajmer,Tube well,Groundwater,"Canal, tube well, tank",PROVISIONAL_STATE_PROFILE,DISTRICT_ROW_WITH_STATE_PROFILE,MARUDAM_IRRIGATION_PROFILE_V1,2026,https://data.gov.in/catalog/7th-minor-irrigation-census-village-schedule-ground-water-schemes-surface-water-schemes,Provisional state irrigation profile expanded to district for prototype use; not an official district-level observation.
19,West Bengal,664,Alipurduar,Tube well/Surface irrigation,Mixed,"Tube well, canal",PROVISIONAL_STATE_PROFILE,DISTRICT_ROW_WITH_STATE_PROFILE,MARUDAM_IRRIGATION_PROFILE_V1,2026,https://data.gov.in/catalog/7th-minor-irrigation-census-village-schedule-ground-water-schemes-surface-water-schemes,Provisional state irrigation profile expanded to district for prototype use; not an official district-level observation.
5,Uttarakhand,45,Almora,Surface irrigation,Surface water,"Canal, spring, stream",PROVISIONAL_STATE_PROFILE,DISTRICT_ROW_WITH_STATE_PROFILE,MARUDAM_IRRIGATION_PROFILE_V1,2026,https://data.gov.in/catalog/7th-minor-irrigation-census-village-schedule-ground-water-schemes-surface-water-schemes,Provisional state irrigation profile expanded to district for prototype use; not an official district-level observation.
6,Haryana,58,Ambala,Tube well,Groundwater,"Canal, tube well",PROVISIONAL_STATE_PROFILE,DISTRICT_ROW_WITH_STATE_PROFILE,MARUDAM_IRRIGATION_PROFILE_V1,2026,https://data.gov.in/catalog/7th-minor-irrigation-census-village-schedule-ground-water-schemes-surface-water-schemes,Provisional state irrigation profile expanded to district for prototype use; not an official district-level observation.
27,Maharashtra,468,Amravati,Borewell/Tube well,Groundwater,"Canal, tank",PROVISIONAL_STATE_PROFILE,DISTRICT_ROW_WITH_STATE_PROFILE,MARUDAM_IRRIGATION_PROFILE_V1,2026,https://data.gov.in/catalog/7th-minor-irrigation-census-village-schedule-ground-water-schemes-surface-water-schemes,Provisional state irrigation profile expanded to district for prototype use; not an official district-level observation.
24,Gujarat,439,Amreli,Tube well,Groundwater,"Canal, tube well",PROVISIONAL_STATE_PROFILE,DISTRICT_ROW_WITH_STATE_PROFILE,MARUDAM_IRRIGATION_PROFILE_V1,2026,https://data.gov.in/catalog/7th-minor-irrigation-census-village-schedule-ground-water-schemes-surface-water-schemes,Provisional state irrigation profile expanded to district for prototype use; not an official district-level observation.
1,Jammu And Kashmir,1,Anantnag,Mixed/Unknown,Unknown,Not specified,PROVISIONAL_STATE_PROFILE,DISTRICT_ROW_WITH_STATE_PROFILE,MARUDAM_IRRIGATION_PROFILE_V1,2026,https://data.gov.in/catalog/7th-minor-irrigation-census-village-schedule-ground-water-schemes-surface-water-schemes,Provisional state irrigation profile expanded to district for prototype use; not an official district-level observation.
28,Andhra Pradesh,753,Annamayya,Borewell/Tube well,Groundwater,"Canal, Tank",PROVISIONAL_STATE_PROFILE,DISTRICT_ROW_WITH_STATE_PROFILE,MARUDAM_IRRIGATION_PROFILE_V1,2026,https://data.gov.in/catalog/7th-minor-irrigation-census-village-schedule-ground-water-schemes-surface-water-schemes,Provisional state irrigation profile expanded to district for prototype use; not an official district-level observation.
18,Assam,616,Baksa,Surface irrigation,Surface water,"Canal, river, shallow groundwater",PROVISIONAL_STATE_PROFILE,DISTRICT_ROW_WITH_STATE_PROFILE,MARUDAM_IRRIGATION_PROFILE_V1,2026,https://data.gov.in/catalog/7th-minor-irrigation-census-village-schedule-ground-water-schemes-surface-water-schemes,Provisional state irrigation profile expanded to district for prototype use; not an official district-level observation.
21,Odisha,346,Baleshwar,Canal/Surface irrigation,Surface water,"Canal, tank, groundwater",PROVISIONAL_STATE_PROFILE,DISTRICT_ROW_WITH_STATE_PROFILE,MARUDAM_IRRIGATION_PROFILE_V1,2026,https://data.gov.in/catalog/7th-minor-irrigation-census-village-schedule-ground-water-schemes-surface-water-schemes,Provisional state irrigation profile expanded to district for prototype use; not an official district-level observation.
9,Uttar Pradesh,126,Ballia,Tube well,Groundwater,"Canal, tube well",PROVISIONAL_STATE_PROFILE,DISTRICT_ROW_WITH_STATE_PROFILE,MARUDAM_IRRIGATION_PROFILE_V1,2026,https://data.gov.in/catalog/7th-minor-irrigation-census-village-schedule-ground-water-schemes-surface-water-schemes,Provisional state irrigation profile expanded to district for prototype use; not an official district-level observation.
22,Chhattisgarh,644,Balodabazar-Bhatapara,Canal/Surface irrigation,Surface water,"Canal, tank, groundwater",PROVISIONAL_STATE_PROFILE,DISTRICT_ROW_WITH_STATE_PROFILE,MARUDAM_IRRIGATION_PROFILE_V1,2026,https://data.gov.in/catalog/7th-minor-irrigation-census-village-schedule-ground-water-schemes-surface-water-schemes,Provisional state irrigation profile expanded to district for prototype use; not an official district-level observation.
9,Uttar Pradesh,128,Banda,Tube well,Groundwater,"Canal, tube well",PROVISIONAL_STATE_PROFILE,DISTRICT_ROW_WITH_STATE_PROFILE,MARUDAM_IRRIGATION_PROFILE_V1,2026,https://data.gov.in/catalog/7th-minor-irrigation-census-village-schedule-ground-water-schemes-surface-water-schemes,Provisional state irrigation profile expanded to district for prototype use; not an official district-level observation.
10,Bihar,190,Banka,Tube well,Groundwater,"Canal, tube well",PROVISIONAL_STATE_PROFILE,DISTRICT_ROW_WITH_STATE_PROFILE,MARUDAM_IRRIGATION_PROFILE_V1,2026,https://data.gov.in/catalog/7th-minor-irrigation-census-village-schedule-ground-water-schemes-surface-water-schemes,Provisional state irrigation profile expanded to district for prototype use; not an official district-level observation.
19,West Bengal,305,Bankura,Tube well/Surface irrigation,Mixed,"Tube well, canal",PROVISIONAL_STATE_PROFILE,DISTRICT_ROW_WITH_STATE_PROFILE,MARUDAM_IRRIGATION_PROFILE_V1,2026,https://data.gov.in/catalog/7th-minor-irrigation-census-village-schedule-ground-water-schemes-surface-water-schemes,Provisional state irrigation profile expanded to district for prototype use; not an official district-level observation.
1,Jammu And Kashmir,3,Baramulla,Mixed/Unknown,Unknown,Not specified,PROVISIONAL_STATE_PROFILE,DISTRICT_ROW_WITH_STATE_PROFILE,MARUDAM_IRRIGATION_PROFILE_V1,2026,https://data.gov.in/catalog/7th-minor-irrigation-census-village-schedule-ground-water-schemes-surface-water-schemes,Provisional state irrigation profile expanded to district for prototype use; not an official district-level observation.
9,Uttar Pradesh,130,Bareilly,Tube well,Groundwater,"Canal, tube well",PROVISIONAL_STATE_PROFILE,DISTRICT_ROW_WITH_STATE_PROFILE,MARUDAM_IRRIGATION_PROFILE_V1,2026,https://data.gov.in/catalog/7th-minor-irrigation-census-village-schedule-ground-water-schemes-surface-water-schemes,Provisional state irrigation profile expanded to district for prototype use; not an official district-level observation.
23,Madhya Pradesh,393,Barwani,Tube well,Groundwater,"Canal, tube well",PROVISIONAL_STATE_PROFILE,DISTRICT_ROW_WITH_STATE_PROFILE,MARUDAM_IRRIGATION_PROFILE_V1,2026,https://data.gov.in/catalog/7th-minor-irrigation-census-village-schedule-ground-water-schemes-surface-water-schemes,Provisional state irrigation profile expanded to district for prototype use; not an official district-level observation.
3,Punjab,28,Bathinda,Canal/Tube well,Mixed,"Canal, tube well",PROVISIONAL_STATE_PROFILE,DISTRICT_ROW_WITH_STATE_PROFILE,MARUDAM_IRRIGATION_PROFILE_V1,2026,https://data.gov.in/catalog/7th-minor-irrigation-census-village-schedule-ground-water-schemes-surface-water-schemes,Provisional state irrigation profile expanded to district for prototype use; not an official district-level observation.
10,Bihar,191,Begusarai,Tube well,Groundwater,"Canal, tube well",PROVISIONAL_STATE_PROFILE,DISTRICT_ROW_WITH_STATE_PROFILE,MARUDAM_IRRIGATION_PROFILE_V1,2026,https://data.gov.in/catalog/7th-minor-irrigation-census-village-schedule-ground-water-schemes-surface-water-schemes,Provisional state irrigation profile expanded to district for prototype use; not an official district-level observation.
29,Karnataka,527,Belagavi,Borewell/Tube well,Groundwater,"Canal, tank",PROVISIONAL_STATE_PROFILE,DISTRICT_ROW_WITH_STATE_PROFILE,MARUDAM_IRRIGATION_PROFILE_V1,2026,https://data.gov.in/catalog/7th-minor-irrigation-census-village-schedule-ground-water-schemes-surface-water-schemes,Provisional state irrigation profile expanded to district for prototype use; not an official district-level observation.
10,Bihar,192,Bhagalpur,Tube well,Groundwater,"Canal, tube well",PROVISIONAL_STATE_PROFILE,DISTRICT_ROW_WITH_STATE_PROFILE,MARUDAM_IRRIGATION_PROFILE_V1,2026,https://data.gov.in/catalog/7th-minor-irrigation-census-village-schedule-ground-water-schemes-surface-water-schemes,Provisional state irrigation profile expanded to district for prototype use; not an official district-level observation.
22,Chhattisgarh,375,Bilaspur,Canal/Surface irrigation,Surface water,"Canal, tank, groundwater",PROVISIONAL_STATE_PROFILE,DISTRICT_ROW_WITH_STATE_PROFILE,MARUDAM_IRRIGATION_PROFILE_V1,2026,https://data.gov.in/catalog/7th-minor-irrigation-census-village-schedule-ground-water-schemes-surface-water-schemes,Provisional state irrigation profile expanded to district for prototype use; not an official district-level observation.
14,Manipur,252,Bishnupur,Surface irrigation,Surface water,"Streams, ponds",PROVISIONAL_STATE_PROFILE,DISTRICT_ROW_WITH_STATE_PROFILE,MARUDAM_IRRIGATION_PROFILE_V1,2026,https://data.gov.in/catalog/7th-minor-irrigation-census-village-schedule-ground-water-schemes-surface-water-schemes,Provisional state irrigation profile expanded to district for prototype use; not an official district-level observation.
18,Assam,705,Biswanath,Surface irrigation,Surface water,"Canal, river, shallow groundwater",PROVISIONAL_STATE_PROFILE,DISTRICT_ROW_WITH_STATE_PROFILE,MARUDAM_IRRIGATION_PROFILE_V1,2026,https://data.gov.in/catalog/7th-minor-irrigation-census-village-schedule-ground-water-schemes-surface-water-schemes,Provisional state irrigation profile expanded to district for prototype use; not an official district-level observation.
9,Uttar Pradesh,133,Budaun,Tube well,Groundwater,"Canal, tube well",PROVISIONAL_STATE_PROFILE,DISTRICT_ROW_WITH_STATE_PROFILE,MARUDAM_IRRIGATION_PROFILE_V1,2026,https://data.gov.in/catalog/7th-minor-irrigation-census-village-schedule-ground-water-schemes-surface-water-schemes,Provisional state irrigation profile expanded to district for prototype use; not an official district-level observation.
9,Uttar Pradesh,134,Bulandshahr,Tube well,Groundwater,"Canal, tube well",PROVISIONAL_STATE_PROFILE,DISTRICT_ROW_WITH_STATE_PROFILE,MARUDAM_IRRIGATION_PROFILE_V1,2026,https://data.gov.in/catalog/7th-minor-irrigation-census-village-schedule-ground-water-schemes-surface-water-schemes,Provisional state irrigation profile expanded to district for prototype use; not an official district-level observation.
8,Rajasthan,94,Bundi,Tube well,Groundwater,"Canal, tube well, tank",PROVISIONAL_STATE_PROFILE,DISTRICT_ROW_WITH_STATE_PROFILE,MARUDAM_IRRIGATION_PROFILE_V1,2026,https://data.gov.in/catalog/7th-minor-irrigation-census-village-schedule-ground-water-schemes-surface-water-schemes,Provisional state irrigation profile expanded to district for prototype use; not an official district-level observation.
18,Assam,282,Cachar,Surface irrigation,Surface water,"Canal, river, shallow groundwater",PROVISIONAL_STATE_PROFILE,DISTRICT_ROW_WITH_STATE_PROFILE,MARUDAM_IRRIGATION_PROFILE_V1,2026,https://data.gov.in/catalog/7th-minor-irrigation-census-village-schedule-ground-water-schemes-surface-water-schemes,Provisional state irrigation profile expanded to district for prototype use; not an official district-level observation.
29,Karnataka,531,Chamarajanagara,Borewell/Tube well,Groundwater,"Canal, tank",PROVISIONAL_STATE_PROFILE,DISTRICT_ROW_WITH_STATE_PROFILE,MARUDAM_IRRIGATION_PROFILE_V1,2026,https://data.gov.in/catalog/7th-minor-irrigation-census-village-schedule-ground-water-schemes-surface-water-schemes,Provisional state irrigation profile expanded to district for prototype use; not an official district-level observation.
5,Uttarakhand,48,Champawat,Surface irrigation,Surface water,"Canal, spring, stream",PROVISIONAL_STATE_PROFILE,DISTRICT_ROW_WITH_STATE_PROFILE,MARUDAM_IRRIGATION_PROFILE_V1,2026,https://data.gov.in/catalog/7th-minor-irrigation-census-village-schedule-ground-water-schemes-surface-water-schemes,Provisional state irrigation profile expanded to district for prototype use; not an official district-level observation.
18,Assam,708,Charaideo,Surface irrigation,Surface water,"Canal, river, shallow groundwater",PROVISIONAL_STATE_PROFILE,DISTRICT_ROW_WITH_STATE_PROFILE,MARUDAM_IRRIGATION_PROFILE_V1,2026,https://data.gov.in/catalog/7th-minor-irrigation-census-village-schedule-ground-water-schemes-surface-water-schemes,Provisional state irrigation profile expanded to district for prototype use; not an official district-level observation.
33,Tamil Nadu,568,Chennai,Tube well/Surface irrigation,Mixed,"Canal, tank, borewell",PROVISIONAL_STATE_PROFILE,DISTRICT_ROW_WITH_STATE_PROFILE,MARUDAM_IRRIGATION_PROFILE_V1,2026,https://data.gov.in/catalog/7th-minor-irrigation-census-village-schedule-ground-water-schemes-surface-water-schemes,Provisional state irrigation profile expanded to district for prototype use; not an official district-level observation.
18,Assam,612,Chirang,Surface irrigation,Surface water,"Canal, river, shallow groundwater",PROVISIONAL_STATE_PROFILE,DISTRICT_ROW_WITH_STATE_PROFILE,MARUDAM_IRRIGATION_PROFILE_V1,2026,https://data.gov.in/catalog/7th-minor-irrigation-census-village-schedule-ground-water-schemes-surface-water-schemes,Provisional state irrigation profile expanded to district for prototype use; not an official district-level observation.
33,Tamil Nadu,569,Coimbatore,Tube well/Surface irrigation,Mixed,"Canal, tank, borewell",PROVISIONAL_STATE_PROFILE,DISTRICT_ROW_WITH_STATE_PROFILE,MARUDAM_IRRIGATION_PROFILE_V1,2026,https://data.gov.in/catalog/7th-minor-irrigation-census-village-schedule-ground-water-schemes-surface-water-schemes,Provisional state irrigation profile expanded to district for prototype use; not an official district-level observation.
23,Madhya Pradesh,401,Datia,Tube well,Groundwater,"Canal, tube well",PROVISIONAL_STATE_PROFILE,DISTRICT_ROW_WITH_STATE_PROFILE,MARUDAM_IRRIGATION_PROFILE_V1,2026,https://data.gov.in/catalog/7th-minor-irrigation-census-village-schedule-ground-water-schemes-surface-water-schemes,Provisional state irrigation profile expanded to district for prototype use; not an official district-level observation.
20,Jharkhand,325,Dhanbad,Well/Tube well,Groundwater,"Ponds, wells, tube wells",PROVISIONAL_STATE_PROFILE,DISTRICT_ROW_WITH_STATE_PROFILE,MARUDAM_IRRIGATION_PROFILE_V1,2026,https://data.gov.in/catalog/7th-minor-irrigation-census-village-schedule-ground-water-schemes-surface-water-schemes,Provisional state irrigation profile expanded to district for prototype use; not an official district-level observation.
33,Tamil Nadu,571,Dharmapuri,Tube well/Surface irrigation,Mixed,"Canal, tank, borewell",PROVISIONAL_STATE_PROFILE,DISTRICT_ROW_WITH_STATE_PROFILE,MARUDAM_IRRIGATION_PROFILE_V1,2026,https://data.gov.in/catalog/7th-minor-irrigation-census-village-schedule-ground-water-schemes-surface-water-schemes,Provisional state irrigation profile expanded to district for prototype use; not an official district-level observation.
29,Karnataka,536,Dharwad,Borewell/Tube well,Groundwater,"Canal, tank",PROVISIONAL_STATE_PROFILE,DISTRICT_ROW_WITH_STATE_PROFILE,MARUDAM_IRRIGATION_PROFILE_V1,2026,https://data.gov.in/catalog/7th-minor-irrigation-census-village-schedule-ground-water-schemes-surface-water-schemes,Provisional state irrigation profile expanded to district for prototype use; not an official district-level observation.
8,Rajasthan,98,Dholpur,Tube well,Groundwater,"Canal, tube well, tank",PROVISIONAL_STATE_PROFILE,DISTRICT_ROW_WITH_STATE_PROFILE,MARUDAM_IRRIGATION_PROFILE_V1,2026,https://data.gov.in/catalog/7th-minor-irrigation-census-village-schedule-ground-water-schemes-surface-water-schemes,Provisional state irrigation profile expanded to district for prototype use; not an official district-level observation.
18,Assam,286,Dibrugarh,Surface irrigation,Surface water,"Canal, river, shallow groundwater",PROVISIONAL_STATE_PROFILE,DISTRICT_ROW_WITH_STATE_PROFILE,MARUDAM_IRRIGATION_PROFILE_V1,2026,https://data.gov.in/catalog/7th-minor-irrigation-census-village-schedule-ground-water-schemes-surface-water-schemes,Provisional state irrigation profile expanded to district for prototype use; not an official district-level observation.
22,Chhattisgarh,378,Durg,Canal/Surface irrigation,Surface water,"Canal, tank, groundwater",PROVISIONAL_STATE_PROFILE,DISTRICT_ROW_WITH_STATE_PROFILE,MARUDAM_IRRIGATION_PROFILE_V1,2026,https://data.gov.in/catalog/7th-minor-irrigation-census-village-schedule-ground-water-schemes-surface-water-schemes,Provisional state irrigation profile expanded to district for prototype use; not an official district-level observation.
17,Meghalaya,273,East Garo Hills,Surface irrigation,Surface water,"Streams, springs",PROVISIONAL_STATE_PROFILE,DISTRICT_ROW_WITH_STATE_PROFILE,MARUDAM_IRRIGATION_PROFILE_V1,2026,https://data.gov.in/catalog/7th-minor-irrigation-census-village-schedule-ground-water-schemes-surface-water-schemes,Provisional state irrigation profile expanded to district for prototype use; not an official district-level observation.
3,Punjab,29,Faridkot,Canal/Tube well,Mixed,"Canal, tube well",PROVISIONAL_STATE_PROFILE,DISTRICT_ROW_WITH_STATE_PROFILE,MARUDAM_IRRIGATION_PROFILE_V1,2026,https://data.gov.in/catalog/7th-minor-irrigation-census-village-schedule-ground-water-schemes-surface-water-schemes,Provisional state irrigation profile expanded to district for prototype use; not an official district-level observation.
3,Punjab,30,Fatehgarh Sahib,Canal/Tube well,Mixed,"Canal, tube well",PROVISIONAL_STATE_PROFILE,DISTRICT_ROW_WITH_STATE_PROFILE,MARUDAM_IRRIGATION_PROFILE_V1,2026,https://data.gov.in/catalog/7th-minor-irrigation-census-village-schedule-ground-water-schemes-surface-water-schemes,Provisional state irrigation profile expanded to district for prototype use; not an official district-level observation.
21,Odisha,354,Ganjam,Canal/Surface irrigation,Surface water,"Canal, tank, groundwater",PROVISIONAL_STATE_PROFILE,DISTRICT_ROW_WITH_STATE_PROFILE,MARUDAM_IRRIGATION_PROFILE_V1,2026,https://data.gov.in/catalog/7th-minor-irrigation-census-village-schedule-ground-water-schemes-surface-water-schemes,Provisional state irrigation profile expanded to district for prototype use; not an official district-level observation.
9,Uttar Pradesh,144,Gautam Buddha Nagar,Tube well,Groundwater,"Canal, tube well",PROVISIONAL_STATE_PROFILE,DISTRICT_ROW_WITH_STATE_PROFILE,MARUDAM_IRRIGATION_PROFILE_V1,2026,https://data.gov.in/catalog/7th-minor-irrigation-census-village-schedule-ground-water-schemes-surface-water-schemes,Provisional state irrigation profile expanded to district for prototype use; not an official district-level observation.
9,Uttar Pradesh,146,Ghazipur,Tube well,Groundwater,"Canal, tube well",PROVISIONAL_STATE_PROFILE,DISTRICT_ROW_WITH_STATE_PROFILE,MARUDAM_IRRIGATION_PROFILE_V1,2026,https://data.gov.in/catalog/7th-minor-irrigation-census-village-schedule-ground-water-schemes-surface-water-schemes,Provisional state irrigation profile expanded to district for prototype use; not an official district-level observation.
20,Jharkhand,330,Godda,Well/Tube well,Groundwater,"Ponds, wells, tube wells",PROVISIONAL_STATE_PROFILE,DISTRICT_ROW_WITH_STATE_PROFILE,MARUDAM_IRRIGATION_PROFILE_V1,2026,https://data.gov.in/catalog/7th-minor-irrigation-census-village-schedule-ground-water-schemes-surface-water-schemes,Provisional state irrigation profile expanded to district for prototype use; not an official district-level observation.
6,Haryana,62,Gurugram,Tube well,Groundwater,"Canal, tube well",PROVISIONAL_STATE_PROFILE,DISTRICT_ROW_WITH_STATE_PROFILE,MARUDAM_IRRIGATION_PROFILE_V1,2026,https://data.gov.in/catalog/7th-minor-irrigation-census-village-schedule-ground-water-schemes-surface-water-schemes,Provisional state irrigation profile expanded to district for prototype use; not an official district-level observation.
9,Uttar Pradesh,661,Hapur,Tube well,Groundwater,"Canal, tube well",PROVISIONAL_STATE_PROFILE,DISTRICT_ROW_WITH_STATE_PROFILE,MARUDAM_IRRIGATION_PROFILE_V1,2026,https://data.gov.in/catalog/7th-minor-irrigation-census-village-schedule-ground-water-schemes-surface-water-schemes,Provisional state irrigation profile expanded to district for prototype use; not an official district-level observation.
9,Uttar Pradesh,163,Hathras,Tube well,Groundwater,"Canal, tube well",PROVISIONAL_STATE_PROFILE,DISTRICT_ROW_WITH_STATE_PROFILE,MARUDAM_IRRIGATION_PROFILE_V1,2026,https://data.gov.in/catalog/7th-minor-irrigation-census-village-schedule-ground-water-schemes-surface-water-schemes,Provisional state irrigation profile expanded to district for prototype use; not an official district-level observation.
29,Karnataka,540,Haveri,Borewell/Tube well,Groundwater,"Canal, tank",PROVISIONAL_STATE_PROFILE,DISTRICT_ROW_WITH_STATE_PROFILE,MARUDAM_IRRIGATION_PROFILE_V1,2026,https://data.gov.in/catalog/7th-minor-irrigation-census-village-schedule-ground-water-schemes-surface-water-schemes,Provisional state irrigation profile expanded to district for prototype use; not an official district-level observation.
6,Haryana,63,Hisar,Tube well,Groundwater,"Canal, tube well",PROVISIONAL_STATE_PROFILE,DISTRICT_ROW_WITH_STATE_PROFILE,MARUDAM_IRRIGATION_PROFILE_V1,2026,https://data.gov.in/catalog/7th-minor-irrigation-census-village-schedule-ground-water-schemes-surface-water-schemes,Provisional state irrigation profile expanded to district for prototype use; not an official district-level observation.
15,Mizoram,726,Hnahthial,Surface irrigation,Surface water,"Streams, springs",PROVISIONAL_STATE_PROFILE,DISTRICT_ROW_WITH_STATE_PROFILE,MARUDAM_IRRIGATION_PROFILE_V1,2026,https://data.gov.in/catalog/7th-minor-irrigation-census-village-schedule-ground-water-schemes-surface-water-schemes,Provisional state irrigation profile expanded to district for prototype use; not an official district-level observation.
36,Telangana,507,Hyderabad,Borewell/Tube well,Groundwater,"Tank, canal",PROVISIONAL_STATE_PROFILE,DISTRICT_ROW_WITH_STATE_PROFILE,MARUDAM_IRRIGATION_PROFILE_V1,2026,https://data.gov.in/catalog/7th-minor-irrigation-census-village-schedule-ground-water-schemes-surface-water-schemes,Provisional state irrigation profile expanded to district for prototype use; not an official district-level observation.
9,Uttar Pradesh,151,Jalaun,Tube well,Groundwater,"Canal, tube well",PROVISIONAL_STATE_PROFILE,DISTRICT_ROW_WITH_STATE_PROFILE,MARUDAM_IRRIGATION_PROFILE_V1,2026,https://data.gov.in/catalog/7th-minor-irrigation-census-village-schedule-ground-water-schemes-surface-water-schemes,Provisional state irrigation profile expanded to district for prototype use; not an official district-level observation.
27,Maharashtra,479,Jalna,Borewell/Tube well,Groundwater,"Canal, tank",PROVISIONAL_STATE_PROFILE,DISTRICT_ROW_WITH_STATE_PROFILE,MARUDAM_IRRIGATION_PROFILE_V1,2026,https://data.gov.in/catalog/7th-minor-irrigation-census-village-schedule-ground-water-schemes-surface-water-schemes,Provisional state irrigation profile expanded to district for prototype use; not an official district-level observation.
24,Gujarat,447,Jamnagar,Tube well,Groundwater,"Canal, tube well",PROVISIONAL_STATE_PROFILE,DISTRICT_ROW_WITH_STATE_PROFILE,MARUDAM_IRRIGATION_PROFILE_V1,2026,https://data.gov.in/catalog/7th-minor-irrigation-census-village-schedule-ground-water-schemes-surface-water-schemes,Provisional state irrigation profile expanded to district for prototype use; not an official district-level observation.
22,Chhattisgarh,380,Jashpur,Canal/Surface irrigation,Surface water,"Canal, tank, groundwater",PROVISIONAL_STATE_PROFILE,DISTRICT_ROW_WITH_STATE_PROFILE,MARUDAM_IRRIGATION_PROFILE_V1,2026,https://data.gov.in/catalog/7th-minor-irrigation-census-village-schedule-ground-water-schemes-surface-water-schemes,Provisional state irrigation profile expanded to district for prototype use; not an official district-level observation.
23,Madhya Pradesh,412,Jhabua,Tube well,Groundwater,"Canal, tube well",PROVISIONAL_STATE_PROFILE,DISTRICT_ROW_WITH_STATE_PROFILE,MARUDAM_IRRIGATION_PROFILE_V1,2026,https://data.gov.in/catalog/7th-minor-irrigation-census-village-schedule-ground-water-schemes-surface-water-schemes,Provisional state irrigation profile expanded to district for prototype use; not an official district-level observation.
6,Haryana,65,Jind,Tube well,Groundwater,"Canal, tube well",PROVISIONAL_STATE_PROFILE,DISTRICT_ROW_WITH_STATE_PROFILE,MARUDAM_IRRIGATION_PROFILE_V1,2026,https://data.gov.in/catalog/7th-minor-irrigation-census-village-schedule-ground-water-schemes-surface-water-schemes,Provisional state irrigation profile expanded to district for prototype use; not an official district-level observation.
14,Manipur,713,Jiribam,Surface irrigation,Surface water,"Streams, ponds",PROVISIONAL_STATE_PROFILE,DISTRICT_ROW_WITH_STATE_PROFILE,MARUDAM_IRRIGATION_PROFILE_V1,2026,https://data.gov.in/catalog/7th-minor-irrigation-census-village-schedule-ground-water-schemes-surface-water-schemes,Provisional state irrigation profile expanded to district for prototype use; not an official district-level observation.
8,Rajasthan,107,Jodhpur,Tube well,Groundwater,"Canal, tube well, tank",PROVISIONAL_STATE_PROFILE,DISTRICT_ROW_WITH_STATE_PROFILE,MARUDAM_IRRIGATION_PROFILE_V1,2026,https://data.gov.in/catalog/7th-minor-irrigation-census-village-schedule-ground-water-schemes-surface-water-schemes,Provisional state irrigation profile expanded to district for prototype use; not an official district-level observation.
8,Rajasthan,778,Jodhpur (Gramin),Tube well,Groundwater,"Canal, tube well, tank",PROVISIONAL_STATE_PROFILE,DISTRICT_ROW_WITH_STATE_PROFILE,MARUDAM_IRRIGATION_PROFILE_V1,2026,https://data.gov.in/catalog/7th-minor-irrigation-census-village-schedule-ground-water-schemes-surface-water-schemes,Provisional state irrigation profile expanded to district for prototype use; not an official district-level observation.
18,Assam,290,Jorhat,Surface irrigation,Surface water,"Canal, river, shallow groundwater",PROVISIONAL_STATE_PROFILE,DISTRICT_ROW_WITH_STATE_PROFILE,MARUDAM_IRRIGATION_PROFILE_V1,2026,https://data.gov.in/catalog/7th-minor-irrigation-census-village-schedule-ground-water-schemes-surface-water-schemes,Provisional state irrigation profile expanded to district for prototype use; not an official district-level observation.
24,Gujarat,449,Kachchh,Tube well,Groundwater,"Canal, tube well",PROVISIONAL_STATE_PROFILE,DISTRICT_ROW_WITH_STATE_PROFILE,MARUDAM_IRRIGATION_PROFILE_V1,2026,https://data.gov.in/catalog/7th-minor-irrigation-census-village-schedule-ground-water-schemes-surface-water-schemes,Provisional state irrigation profile expanded to district for prototype use; not an official district-level observation.
28,Andhra Pradesh,746,Kakinada,Borewell/Tube well,Groundwater,"Canal, Tank",PROVISIONAL_STATE_PROFILE,DISTRICT_ROW_WITH_STATE_PROFILE,MARUDAM_IRRIGATION_PROFILE_V1,2026,https://data.gov.in/catalog/7th-minor-irrigation-census-village-schedule-ground-water-schemes-surface-water-schemes,Provisional state irrigation profile expanded to district for prototype use; not an official district-level observation.
21,Odisha,358,Kalahandi,Canal/Surface irrigation,Surface water,"Canal, tank, groundwater",PROVISIONAL_STATE_PROFILE,DISTRICT_ROW_WITH_STATE_PROFILE,MARUDAM_IRRIGATION_PROFILE_V1,2026,https://data.gov.in/catalog/7th-minor-irrigation-census-village-schedule-ground-water-schemes-surface-water-schemes,Provisional state irrigation profile expanded to district for prototype use; not an official district-level observation.
33,Tamil Nadu,729,Kallakurichi,Tube well/Surface irrigation,Mixed,"Canal, tank, borewell",PROVISIONAL_STATE_PROFILE,DISTRICT_ROW_WITH_STATE_PROFILE,MARUDAM_IRRIGATION_PROFILE_V1,2026,https://data.gov.in/catalog/7th-minor-irrigation-census-village-schedule-ground-water-schemes-surface-water-schemes,Provisional state irrigation profile expanded to district for prototype use; not an official district-level observation.
36,Telangana,685,Kamareddy,Borewell/Tube well,Groundwater,"Tank, canal",PROVISIONAL_STATE_PROFILE,DISTRICT_ROW_WITH_STATE_PROFILE,MARUDAM_IRRIGATION_PROFILE_V1,2026,https://data.gov.in/catalog/7th-minor-irrigation-census-village-schedule-ground-water-schemes-surface-water-schemes,Provisional state irrigation profile expanded to district for prototype use; not an official district-level observation.
18,Assam,618,Kamrup Metro,Surface irrigation,Surface water,"Canal, river, shallow groundwater",PROVISIONAL_STATE_PROFILE,DISTRICT_ROW_WITH_STATE_PROFILE,MARUDAM_IRRIGATION_PROFILE_V1,2026,https://data.gov.in/catalog/7th-minor-irrigation-census-village-schedule-ground-water-schemes-surface-water-schemes,Provisional state irrigation profile expanded to district for prototype use; not an official district-level observation.
32,Kerala,557,Kannur,Well irrigation,Groundwater,"Wells, streams",PROVISIONAL_STATE_PROFILE,DISTRICT_ROW_WITH_STATE_PROFILE,MARUDAM_IRRIGATION_PROFILE_V1,2026,https://data.gov.in/catalog/7th-minor-irrigation-census-village-schedule-ground-water-schemes-surface-water-schemes,Provisional state irrigation profile expanded to district for prototype use; not an official district-level observation.
9,Uttar Pradesh,157,Kanpur Nagar,Tube well,Groundwater,"Canal, tube well",PROVISIONAL_STATE_PROFILE,DISTRICT_ROW_WITH_STATE_PROFILE,MARUDAM_IRRIGATION_PROFILE_V1,2026,https://data.gov.in/catalog/7th-minor-irrigation-census-village-schedule-ground-water-schemes-surface-water-schemes,Provisional state irrigation profile expanded to district for prototype use; not an official district-level observation.
3,Punjab,35,Kapurthala,Canal/Tube well,Mixed,"Canal, tube well",PROVISIONAL_STATE_PROFILE,DISTRICT_ROW_WITH_STATE_PROFILE,MARUDAM_IRRIGATION_PROFILE_V1,2026,https://data.gov.in/catalog/7th-minor-irrigation-census-village-schedule-ground-water-schemes-surface-water-schemes,Provisional state irrigation profile expanded to district for prototype use; not an official district-level observation.
37,Ladakh,6,Kargil,Surface irrigation,Surface water,"Glacier/snow-fed streams, channels",PROVISIONAL_STATE_PROFILE,DISTRICT_ROW_WITH_STATE_PROFILE,MARUDAM_IRRIGATION_PROFILE_V1,2026,https://data.gov.in/catalog/7th-minor-irrigation-census-village-schedule-ground-water-schemes-surface-water-schemes,Provisional state irrigation profile expanded to district for prototype use; not an official district-level observation.
33,Tamil Nadu,576,Karur,Tube well/Surface irrigation,Mixed,"Canal, tank, borewell",PROVISIONAL_STATE_PROFILE,DISTRICT_ROW_WITH_STATE_PROFILE,MARUDAM_IRRIGATION_PROFILE_V1,2026,https://data.gov.in/catalog/7th-minor-irrigation-census-village-schedule-ground-water-schemes-surface-water-schemes,Provisional state irrigation profile expanded to district for prototype use; not an official district-level observation.
1,Jammu And Kashmir,7,Kathua,Mixed/Unknown,Unknown,Not specified,PROVISIONAL_STATE_PROFILE,DISTRICT_ROW_WITH_STATE_PROFILE,MARUDAM_IRRIGATION_PROFILE_V1,2026,https://data.gov.in/catalog/7th-minor-irrigation-census-village-schedule-ground-water-schemes-surface-water-schemes,Provisional state irrigation profile expanded to district for prototype use; not an official district-level observation.
8,Rajasthan,770,Khairthal-Tijara,Tube well,Groundwater,"Canal, tube well, tank",PROVISIONAL_STATE_PROFILE,DISTRICT_ROW_WITH_STATE_PROFILE,MARUDAM_IRRIGATION_PROFILE_V1,2026,https://data.gov.in/catalog/7th-minor-irrigation-census-village-schedule-ground-water-schemes-surface-water-schemes,Provisional state irrigation profile expanded to district for prototype use; not an official district-level observation.
23,Madhya Pradesh,405,Khandwa (East Nimar),Tube well,Groundwater,"Canal, tube well",PROVISIONAL_STATE_PROFILE,DISTRICT_ROW_WITH_STATE_PROFILE,MARUDAM_IRRIGATION_PROFILE_V1,2026,https://data.gov.in/catalog/7th-minor-irrigation-census-village-schedule-ground-water-schemes-surface-water-schemes,Provisional state irrigation profile expanded to district for prototype use; not an official district-level observation.
29,Karnataka,542,Kolar,Borewell/Tube well,Groundwater,"Canal, tank",PROVISIONAL_STATE_PROFILE,DISTRICT_ROW_WITH_STATE_PROFILE,MARUDAM_IRRIGATION_PROFILE_V1,2026,https://data.gov.in/catalog/7th-minor-irrigation-census-village-schedule-ground-water-schemes-surface-water-schemes,Provisional state irrigation profile expanded to district for prototype use; not an official district-level observation.
36,Telangana,699,Kumuram Bheem Asifabad,Borewell/Tube well,Groundwater,"Tank, canal",PROVISIONAL_STATE_PROFILE,DISTRICT_ROW_WITH_STATE_PROFILE,MARUDAM_IRRIGATION_PROFILE_V1,2026,https://data.gov.in/catalog/7th-minor-irrigation-census-village-schedule-ground-water-schemes-surface-water-schemes,Provisional state irrigation profile expanded to district for prototype use; not an official district-level observation.
15,Mizoram,264,Lawngtlai,Surface irrigation,Surface water,"Streams, springs",PROVISIONAL_STATE_PROFILE,DISTRICT_ROW_WITH_STATE_PROFILE,MARUDAM_IRRIGATION_PROFILE_V1,2026,https://data.gov.in/catalog/7th-minor-irrigation-census-village-schedule-ground-water-schemes-surface-water-schemes,Provisional state irrigation profile expanded to district for prototype use; not an official district-level observation.
20,Jharkhand,336,Lohardaga,Well/Tube well,Groundwater,"Ponds, wells, tube wells",PROVISIONAL_STATE_PROFILE,DISTRICT_ROW_WITH_STATE_PROFILE,MARUDAM_IRRIGATION_PROFILE_V1,2026,https://data.gov.in/catalog/7th-minor-irrigation-census-village-schedule-ground-water-schemes-surface-water-schemes,Provisional state irrigation profile expanded to district for prototype use; not an official district-level observation.
12,Arunachal Pradesh,235,Lower Dibang Valley,Surface irrigation,Surface water,"Streams, springs",PROVISIONAL_STATE_PROFILE,DISTRICT_ROW_WITH_STATE_PROFILE,MARUDAM_IRRIGATION_PROFILE_V1,2026,https://data.gov.in/catalog/7th-minor-irrigation-census-village-schedule-ground-water-schemes-surface-water-schemes,Provisional state irrigation profile expanded to district for prototype use; not an official district-level observation.
12,Arunachal Pradesh,719,Lower Siang,Surface irrigation,Surface water,"Streams, springs",PROVISIONAL_STATE_PROFILE,DISTRICT_ROW_WITH_STATE_PROFILE,MARUDAM_IRRIGATION_PROFILE_V1,2026,https://data.gov.in/catalog/7th-minor-irrigation-census-village-schedule-ground-water-schemes-surface-water-schemes,Provisional state irrigation profile expanded to district for prototype use; not an official district-level observation.
9,Uttar Pradesh,165,Mahoba,Tube well,Groundwater,"Canal, tube well",PROVISIONAL_STATE_PROFILE,DISTRICT_ROW_WITH_STATE_PROFILE,MARUDAM_IRRIGATION_PROFILE_V1,2026,https://data.gov.in/catalog/7th-minor-irrigation-census-village-schedule-ground-water-schemes-surface-water-schemes,Provisional state irrigation profile expanded to district for prototype use; not an official district-level observation.
23,Madhya Pradesh,415,Mandla,Tube well,Groundwater,"Canal, tube well",PROVISIONAL_STATE_PROFILE,DISTRICT_ROW_WITH_STATE_PROFILE,MARUDAM_IRRIGATION_PROFILE_V1,2026,https://data.gov.in/catalog/7th-minor-irrigation-census-village-schedule-ground-water-schemes-surface-water-schemes,Provisional state irrigation profile expanded to district for prototype use; not an official district-level observation.
33,Tamil Nadu,735,Mayiladuthurai,Tube well/Surface irrigation,Mixed,"Canal, tank, borewell",PROVISIONAL_STATE_PROFILE,DISTRICT_ROW_WITH_STATE_PROFILE,MARUDAM_IRRIGATION_PROFILE_V1,2026,https://data.gov.in/catalog/7th-minor-irrigation-census-village-schedule-ground-water-schemes-surface-water-schemes,Provisional state irrigation profile expanded to district for prototype use; not an official district-level observation.
36,Telangana,513,Medak,Borewell/Tube well,Groundwater,"Tank, canal",PROVISIONAL_STATE_PROFILE,DISTRICT_ROW_WITH_STATE_PROFILE,MARUDAM_IRRIGATION_PROFILE_V1,2026,https://data.gov.in/catalog/7th-minor-irrigation-census-village-schedule-ground-water-schemes-surface-water-schemes,Provisional state irrigation profile expanded to district for prototype use; not an official district-level observation.
9,Uttar Pradesh,170,Mirzapur,Tube well,Groundwater,"Canal, tube well",PROVISIONAL_STATE_PROFILE,DISTRICT_ROW_WITH_STATE_PROFILE,MARUDAM_IRRIGATION_PROFILE_V1,2026,https://data.gov.in/catalog/7th-minor-irrigation-census-village-schedule-ground-water-schemes-surface-water-schemes,Provisional state irrigation profile expanded to district for prototype use; not an official district-level observation.
13,Nagaland,246,Mokokchung,Surface irrigation,Surface water,"Streams, springs",PROVISIONAL_STATE_PROFILE,DISTRICT_ROW_WITH_STATE_PROFILE,MARUDAM_IRRIGATION_PROFILE_V1,2026,https://data.gov.in/catalog/7th-minor-irrigation-census-village-schedule-ground-water-schemes-surface-water-schemes,Provisional state irrigation profile expanded to district for prototype use; not an official district-level observation.
9,Uttar Pradesh,171,Moradabad,Tube well,Groundwater,"Canal, tube well",PROVISIONAL_STATE_PROFILE,DISTRICT_ROW_WITH_STATE_PROFILE,MARUDAM_IRRIGATION_PROFILE_V1,2026,https://data.gov.in/catalog/7th-minor-irrigation-census-village-schedule-ground-water-schemes-surface-water-schemes,Provisional state irrigation profile expanded to district for prototype use; not an official district-level observation.
24,Gujarat,673,Morbi,Tube well,Groundwater,"Canal, tube well",PROVISIONAL_STATE_PROFILE,DISTRICT_ROW_WITH_STATE_PROFILE,MARUDAM_IRRIGATION_PROFILE_V1,2026,https://data.gov.in/catalog/7th-minor-irrigation-census-village-schedule-ground-water-schemes-surface-water-schemes,Provisional state irrigation profile expanded to district for prototype use; not an official district-level observation.
27,Maharashtra,482,Mumbai,Borewell/Tube well,Groundwater,"Canal, tank",PROVISIONAL_STATE_PROFILE,DISTRICT_ROW_WITH_STATE_PROFILE,MARUDAM_IRRIGATION_PROFILE_V1,2026,https://data.gov.in/catalog/7th-minor-irrigation-census-village-schedule-ground-water-schemes-surface-water-schemes,Provisional state irrigation profile expanded to district for prototype use; not an official district-level observation.
27,Maharashtra,483,Mumbai Suburban,Borewell/Tube well,Groundwater,"Canal, tank",PROVISIONAL_STATE_PROFILE,DISTRICT_ROW_WITH_STATE_PROFILE,MARUDAM_IRRIGATION_PROFILE_V1,2026,https://data.gov.in/catalog/7th-minor-irrigation-census-village-schedule-ground-water-schemes-surface-water-schemes,Provisional state irrigation profile expanded to district for prototype use; not an official district-level observation.
36,Telangana,694,Nagarkurnool,Borewell/Tube well,Groundwater,"Tank, canal",PROVISIONAL_STATE_PROFILE,DISTRICT_ROW_WITH_STATE_PROFILE,MARUDAM_IRRIGATION_PROFILE_V1,2026,https://data.gov.in/catalog/7th-minor-irrigation-census-village-schedule-ground-water-schemes-surface-water-schemes,Provisional state irrigation profile expanded to district for prototype use; not an official district-level observation.
10,Bihar,209,Nalanda,Tube well,Groundwater,"Canal, tube well",PROVISIONAL_STATE_PROFILE,DISTRICT_ROW_WITH_STATE_PROFILE,MARUDAM_IRRIGATION_PROFILE_V1,2026,https://data.gov.in/catalog/7th-minor-irrigation-census-village-schedule-ground-water-schemes-surface-water-schemes,Provisional state irrigation profile expanded to district for prototype use; not an official district-level observation.
36,Telangana,514,Nalgonda,Borewell/Tube well,Groundwater,"Tank, canal",PROVISIONAL_STATE_PROFILE,DISTRICT_ROW_WITH_STATE_PROFILE,MARUDAM_IRRIGATION_PROFILE_V1,2026,https://data.gov.in/catalog/7th-minor-irrigation-census-village-schedule-ground-water-schemes-surface-water-schemes,Provisional state irrigation profile expanded to district for prototype use; not an official district-level observation.
10,Bihar,210,Nawada,Tube well,Groundwater,"Canal, tube well",PROVISIONAL_STATE_PROFILE,DISTRICT_ROW_WITH_STATE_PROFILE,MARUDAM_IRRIGATION_PROFILE_V1,2026,https://data.gov.in/catalog/7th-minor-irrigation-census-village-schedule-ground-water-schemes-surface-water-schemes,Provisional state irrigation profile expanded to district for prototype use; not an official district-level observation.
7,Delhi,80,North,Tube well,Groundwater,"Tube well, canal",PROVISIONAL_STATE_PROFILE,DISTRICT_ROW_WITH_STATE_PROFILE,MARUDAM_IRRIGATION_PROFILE_V1,2026,https://data.gov.in/catalog/7th-minor-irrigation-census-village-schedule-ground-water-schemes-surface-water-schemes,Provisional state irrigation profile expanded to district for prototype use; not an official district-level observation.
7,Delhi,82,North West,Tube well,Groundwater,"Tube well, canal",PROVISIONAL_STATE_PROFILE,DISTRICT_ROW_WITH_STATE_PROFILE,MARUDAM_IRRIGATION_PROFILE_V1,2026,https://data.gov.in/catalog/7th-minor-irrigation-census-village-schedule-ground-water-schemes-surface-water-schemes,Provisional state irrigation profile expanded to district for prototype use; not an official district-level observation.
12,Arunachal Pradesh,237,Papum Pare,Surface irrigation,Surface water,"Streams, springs",PROVISIONAL_STATE_PROFILE,DISTRICT_ROW_WITH_STATE_PROFILE,MARUDAM_IRRIGATION_PROFILE_V1,2026,https://data.gov.in/catalog/7th-minor-irrigation-census-village-schedule-ground-water-schemes-surface-water-schemes,Provisional state irrigation profile expanded to district for prototype use; not an official district-level observation.
32,Kerala,564,Pathanamthitta,Well irrigation,Groundwater,"Wells, streams",PROVISIONAL_STATE_PROFILE,DISTRICT_ROW_WITH_STATE_PROFILE,MARUDAM_IRRIGATION_PROFILE_V1,2026,https://data.gov.in/catalog/7th-minor-irrigation-census-village-schedule-ground-water-schemes-surface-water-schemes,Provisional state irrigation profile expanded to district for prototype use; not an official district-level observation.
24,Gujarat,456,Porbandar,Tube well,Groundwater,"Canal, tube well",PROVISIONAL_STATE_PROFILE,DISTRICT_ROW_WITH_STATE_PROFILE,MARUDAM_IRRIGATION_PROFILE_V1,2026,https://data.gov.in/catalog/7th-minor-irrigation-census-village-schedule-ground-water-schemes-surface-water-schemes,Provisional state irrigation profile expanded to district for prototype use; not an official district-level observation.
9,Uttar Pradesh,120,Prayagraj,Tube well,Groundwater,"Canal, tube well",PROVISIONAL_STATE_PROFILE,DISTRICT_ROW_WITH_STATE_PROFILE,MARUDAM_IRRIGATION_PROFILE_V1,2026,https://data.gov.in/catalog/7th-minor-irrigation-census-village-schedule-ground-water-schemes-surface-water-schemes,Provisional state irrigation profile expanded to district for prototype use; not an official district-level observation.
9,Uttar Pradesh,175,Rae Bareli,Tube well,Groundwater,"Canal, tube well",PROVISIONAL_STATE_PROFILE,DISTRICT_ROW_WITH_STATE_PROFILE,MARUDAM_IRRIGATION_PROFILE_V1,2026,https://data.gov.in/catalog/7th-minor-irrigation-census-village-schedule-ground-water-schemes-surface-water-schemes,Provisional state irrigation profile expanded to district for prototype use; not an official district-level observation.
29,Karnataka,546,Raichur,Borewell/Tube well,Groundwater,"Canal, tank",PROVISIONAL_STATE_PROFILE,DISTRICT_ROW_WITH_STATE_PROFILE,MARUDAM_IRRIGATION_PROFILE_V1,2026,https://data.gov.in/catalog/7th-minor-irrigation-census-village-schedule-ground-water-schemes-surface-water-schemes,Provisional state irrigation profile expanded to district for prototype use; not an official district-level observation.
36,Telangana,683,Rajanna Sircilla,Borewell/Tube well,Groundwater,"Tank, canal",PROVISIONAL_STATE_PROFILE,DISTRICT_ROW_WITH_STATE_PROFILE,MARUDAM_IRRIGATION_PROFILE_V1,2026,https://data.gov.in/catalog/7th-minor-irrigation-census-village-schedule-ground-water-schemes-surface-water-schemes,Provisional state irrigation profile expanded to district for prototype use; not an official district-level observation.
1,Jammu And Kashmir,621,Ramban,Mixed/Unknown,Unknown,Not specified,PROVISIONAL_STATE_PROFILE,DISTRICT_ROW_WITH_STATE_PROFILE,MARUDAM_IRRIGATION_PROFILE_V1,2026,https://data.gov.in/catalog/7th-minor-irrigation-census-village-schedule-ground-water-schemes-surface-water-schemes,Provisional state irrigation profile expanded to district for prototype use; not an official district-level observation.
23,Madhya Pradesh,423,Ratlam,Tube well,Groundwater,"Canal, tube well",PROVISIONAL_STATE_PROFILE,DISTRICT_ROW_WITH_STATE_PROFILE,MARUDAM_IRRIGATION_PROFILE_V1,2026,https://data.gov.in/catalog/7th-minor-irrigation-census-village-schedule-ground-water-schemes-surface-water-schemes,Provisional state irrigation profile expanded to district for prototype use; not an official district-level observation.
6,Haryana,72,Rewari,Tube well,Groundwater,"Canal, tube well",PROVISIONAL_STATE_PROFILE,DISTRICT_ROW_WITH_STATE_PROFILE,MARUDAM_IRRIGATION_PROFILE_V1,2026,https://data.gov.in/catalog/7th-minor-irrigation-census-village-schedule-ground-water-schemes-surface-water-schemes,Provisional state irrigation profile expanded to district for prototype use; not an official district-level observation.
17,Meghalaya,276,Ri Bhoi,Surface irrigation,Surface water,"Streams, springs",PROVISIONAL_STATE_PROFILE,DISTRICT_ROW_WITH_STATE_PROFILE,MARUDAM_IRRIGATION_PROFILE_V1,2026,https://data.gov.in/catalog/7th-minor-irrigation-census-village-schedule-ground-water-schemes-surface-water-schemes,Provisional state irrigation profile expanded to district for prototype use; not an official district-level observation.
6,Haryana,73,Rohtak,Tube well,Groundwater,"Canal, tube well",PROVISIONAL_STATE_PROFILE,DISTRICT_ROW_WITH_STATE_PROFILE,MARUDAM_IRRIGATION_PROFILE_V1,2026,https://data.gov.in/catalog/7th-minor-irrigation-census-village-schedule-ground-water-schemes-surface-water-schemes,Provisional state irrigation profile expanded to district for prototype use; not an official district-level observation.
1,Jammu And Kashmir,624,Samba,Mixed/Unknown,Unknown,Not specified,PROVISIONAL_STATE_PROFILE,DISTRICT_ROW_WITH_STATE_PROFILE,MARUDAM_IRRIGATION_PROFILE_V1,2026,https://data.gov.in/catalog/7th-minor-irrigation-census-village-schedule-ground-water-schemes-surface-water-schemes,Provisional state irrigation profile expanded to district for prototype use; not an official district-level observation.
21,Odisha,371,Sambalpur,Canal/Surface irrigation,Surface water,"Canal, tank, groundwater",PROVISIONAL_STATE_PROFILE,DISTRICT_ROW_WITH_STATE_PROFILE,MARUDAM_IRRIGATION_PROFILE_V1,2026,https://data.gov.in/catalog/7th-minor-irrigation-census-village-schedule-ground-water-schemes-surface-water-schemes,Provisional state irrigation profile expanded to district for prototype use; not an official district-level observation.
27,Maharashtra,493,Sangli,Borewell/Tube well,Groundwater,"Canal, tank",PROVISIONAL_STATE_PROFILE,DISTRICT_ROW_WITH_STATE_PROFILE,MARUDAM_IRRIGATION_PROFILE_V1,2026,https://data.gov.in/catalog/7th-minor-irrigation-census-village-schedule-ground-water-schemes-surface-water-schemes,Provisional state irrigation profile expanded to district for prototype use; not an official district-level observation.
23,Madhya Pradesh,427,Sehore,Tube well,Groundwater,"Canal, tube well",PROVISIONAL_STATE_PROFILE,DISTRICT_ROW_WITH_STATE_PROFILE,MARUDAM_IRRIGATION_PROFILE_V1,2026,https://data.gov.in/catalog/7th-minor-irrigation-census-village-schedule-ground-water-schemes-surface-water-schemes,Provisional state irrigation profile expanded to district for prototype use; not an official district-level observation.
14,Manipur,257,Senapati,Surface irrigation,Surface water,"Streams, ponds",PROVISIONAL_STATE_PROFILE,DISTRICT_ROW_WITH_STATE_PROFILE,MARUDAM_IRRIGATION_PROFILE_V1,2026,https://data.gov.in/catalog/7th-minor-irrigation-census-village-schedule-ground-water-schemes-surface-water-schemes,Provisional state irrigation profile expanded to district for prototype use; not an official district-level observation.
8,Rajasthan,780,Shahpura,Tube well,Groundwater,"Canal, tube well, tank",PROVISIONAL_STATE_PROFILE,DISTRICT_ROW_WITH_STATE_PROFILE,MARUDAM_IRRIGATION_PROFILE_V1,2026,https://data.gov.in/catalog/7th-minor-irrigation-census-village-schedule-ground-water-schemes-surface-water-schemes,Provisional state irrigation profile expanded to district for prototype use; not an official district-level observation.
10,Bihar,219,Sheikhpura,Tube well,Groundwater,"Canal, tube well",PROVISIONAL_STATE_PROFILE,DISTRICT_ROW_WITH_STATE_PROFILE,MARUDAM_IRRIGATION_PROFILE_V1,2026,https://data.gov.in/catalog/7th-minor-irrigation-census-village-schedule-ground-water-schemes-surface-water-schemes,Provisional state irrigation profile expanded to district for prototype use; not an official district-level observation.
12,Arunachal Pradesh,679,Siang,Surface irrigation,Surface water,"Streams, springs",PROVISIONAL_STATE_PROFILE,DISTRICT_ROW_WITH_STATE_PROFILE,MARUDAM_IRRIGATION_PROFILE_V1,2026,https://data.gov.in/catalog/7th-minor-irrigation-census-village-schedule-ground-water-schemes-surface-water-schemes,Provisional state irrigation profile expanded to district for prototype use; not an official district-level observation.
36,Telangana,692,Siddipet,Borewell/Tube well,Groundwater,"Tank, canal",PROVISIONAL_STATE_PROFILE,DISTRICT_ROW_WITH_STATE_PROFILE,MARUDAM_IRRIGATION_PROFILE_V1,2026,https://data.gov.in/catalog/7th-minor-irrigation-census-village-schedule-ground-water-schemes-surface-water-schemes,Provisional state irrigation profile expanded to district for prototype use; not an official district-level observation.
2,Himachal Pradesh,24,Sirmaur,Surface irrigation,Surface water,"Kuhl/stream, spring",PROVISIONAL_STATE_PROFILE,DISTRICT_ROW_WITH_STATE_PROFILE,MARUDAM_IRRIGATION_PROFILE_V1,2026,https://data.gov.in/catalog/7th-minor-irrigation-census-village-schedule-ground-water-schemes-surface-water-schemes,Provisional state irrigation profile expanded to district for prototype use; not an official district-level observation.
18,Assam,300,Sivasagar,Surface irrigation,Surface water,"Canal, river, shallow groundwater",PROVISIONAL_STATE_PROFILE,DISTRICT_ROW_WITH_STATE_PROFILE,MARUDAM_IRRIGATION_PROFILE_V1,2026,https://data.gov.in/catalog/7th-minor-irrigation-census-village-schedule-ground-water-schemes-surface-water-schemes,Provisional state irrigation profile expanded to district for prototype use; not an official district-level observation.
18,Assam,301,Sonitpur,Surface irrigation,Surface water,"Canal, river, shallow groundwater",PROVISIONAL_STATE_PROFILE,DISTRICT_ROW_WITH_STATE_PROFILE,MARUDAM_IRRIGATION_PROFILE_V1,2026,https://data.gov.in/catalog/7th-minor-irrigation-census-village-schedule-ground-water-schemes-surface-water-schemes,Provisional state irrigation profile expanded to district for prototype use; not an official district-level observation.
16,Tripura,271,South Tripura,Tube well,Groundwater,"Tube well, surface water",PROVISIONAL_STATE_PROFILE,DISTRICT_ROW_WITH_STATE_PROFILE,MARUDAM_IRRIGATION_PROFILE_V1,2026,https://data.gov.in/catalog/7th-minor-irrigation-census-village-schedule-ground-water-schemes-surface-water-schemes,Provisional state irrigation profile expanded to district for prototype use; not an official district-level observation.
9,Uttar Pradesh,185,Sultanpur,Tube well,Groundwater,"Canal, tube well",PROVISIONAL_STATE_PROFILE,DISTRICT_ROW_WITH_STATE_PROFILE,MARUDAM_IRRIGATION_PROFILE_V1,2026,https://data.gov.in/catalog/7th-minor-irrigation-census-village-schedule-ground-water-schemes-surface-water-schemes,Provisional state irrigation profile expanded to district for prototype use; not an official district-level observation.
21,Odisha,373,Sundargarh,Canal/Surface irrigation,Surface water,"Canal, tank, groundwater",PROVISIONAL_STATE_PROFILE,DISTRICT_ROW_WITH_STATE_PROFILE,MARUDAM_IRRIGATION_PROFILE_V1,2026,https://data.gov.in/catalog/7th-minor-irrigation-census-village-schedule-ground-water-schemes-surface-water-schemes,Provisional state irrigation profile expanded to district for prototype use; not an official district-level observation.
24,Gujarat,459,Surat,Tube well,Groundwater,"Canal, tube well",PROVISIONAL_STATE_PROFILE,DISTRICT_ROW_WITH_STATE_PROFILE,MARUDAM_IRRIGATION_PROFILE_V1,2026,https://data.gov.in/catalog/7th-minor-irrigation-census-village-schedule-ground-water-schemes-surface-water-schemes,Provisional state irrigation profile expanded to district for prototype use; not an official district-level observation.
24,Gujarat,460,Surendranagar,Tube well,Groundwater,"Canal, tube well",PROVISIONAL_STATE_PROFILE,DISTRICT_ROW_WITH_STATE_PROFILE,MARUDAM_IRRIGATION_PROFILE_V1,2026,https://data.gov.in/catalog/7th-minor-irrigation-census-village-schedule-ground-water-schemes-surface-water-schemes,Provisional state irrigation profile expanded to district for prototype use; not an official district-level observation.
33,Tamil Nadu,594,Thoothukkudi,Tube well/Surface irrigation,Mixed,"Canal, tank, borewell",PROVISIONAL_STATE_PROFILE,DISTRICT_ROW_WITH_STATE_PROFILE,MARUDAM_IRRIGATION_PROFILE_V1,2026,https://data.gov.in/catalog/7th-minor-irrigation-census-village-schedule-ground-water-schemes-surface-water-schemes,Provisional state irrigation profile expanded to district for prototype use; not an official district-level observation.
32,Kerala,566,Thrissur,Well irrigation,Groundwater,"Wells, streams",PROVISIONAL_STATE_PROFILE,DISTRICT_ROW_WITH_STATE_PROFILE,MARUDAM_IRRIGATION_PROFILE_V1,2026,https://data.gov.in/catalog/7th-minor-irrigation-census-village-schedule-ground-water-schemes-surface-water-schemes,Provisional state irrigation profile expanded to district for prototype use; not an official district-level observation.
28,Andhra Pradesh,752,Tirupati,Borewell/Tube well,Groundwater,"Canal, Tank",PROVISIONAL_STATE_PROFILE,DISTRICT_ROW_WITH_STATE_PROFILE,MARUDAM_IRRIGATION_PROFILE_V1,2026,https://data.gov.in/catalog/7th-minor-irrigation-census-village-schedule-ground-water-schemes-surface-water-schemes,Provisional state irrigation profile expanded to district for prototype use; not an official district-level observation.
13,Nagaland,249,Tuensang,Surface irrigation,Surface water,"Streams, springs",PROVISIONAL_STATE_PROFILE,DISTRICT_ROW_WITH_STATE_PROFILE,MARUDAM_IRRIGATION_PROFILE_V1,2026,https://data.gov.in/catalog/7th-minor-irrigation-census-village-schedule-ground-water-schemes-surface-water-schemes,Provisional state irrigation profile expanded to district for prototype use; not an official district-level observation.
5,Uttarakhand,56,Udam Singh Nagar,Surface irrigation,Surface water,"Canal, spring, stream",PROVISIONAL_STATE_PROFILE,DISTRICT_ROW_WITH_STATE_PROFILE,MARUDAM_IRRIGATION_PROFILE_V1,2026,https://data.gov.in/catalog/7th-minor-irrigation-census-village-schedule-ground-water-schemes-surface-water-schemes,Provisional state irrigation profile expanded to district for prototype use; not an official district-level observation.
1,Jammu And Kashmir,14,Udhampur,Mixed/Unknown,Unknown,Not specified,PROVISIONAL_STATE_PROFILE,DISTRICT_ROW_WITH_STATE_PROFILE,MARUDAM_IRRIGATION_PROFILE_V1,2026,https://data.gov.in/catalog/7th-minor-irrigation-census-village-schedule-ground-water-schemes-surface-water-schemes,Provisional state irrigation profile expanded to district for prototype use; not an official district-level observation.
23,Madhya Pradesh,435,Ujjain,Tube well,Groundwater,"Canal, tube well",PROVISIONAL_STATE_PROFILE,DISTRICT_ROW_WITH_STATE_PROFILE,MARUDAM_IRRIGATION_PROFILE_V1,2026,https://data.gov.in/catalog/7th-minor-irrigation-census-village-schedule-ground-water-schemes-surface-water-schemes,Provisional state irrigation profile expanded to district for prototype use; not an official district-level observation.
9,Uttar Pradesh,186,Unnao,Tube well,Groundwater,"Canal, tube well",PROVISIONAL_STATE_PROFILE,DISTRICT_ROW_WITH_STATE_PROFILE,MARUDAM_IRRIGATION_PROFILE_V1,2026,https://data.gov.in/catalog/7th-minor-irrigation-census-village-schedule-ground-water-schemes-surface-water-schemes,Provisional state irrigation profile expanded to district for prototype use; not an official district-level observation.
19,West Bengal,311,Uttar Dinajpur,Tube well/Surface irrigation,Mixed,"Tube well, canal",PROVISIONAL_STATE_PROFILE,DISTRICT_ROW_WITH_STATE_PROFILE,MARUDAM_IRRIGATION_PROFILE_V1,2026,https://data.gov.in/catalog/7th-minor-irrigation-census-village-schedule-ground-water-schemes-surface-water-schemes,Provisional state irrigation profile expanded to district for prototype use; not an official district-level observation.
33,Tamil Nadu,595,Vellore,Tube well/Surface irrigation,Mixed,"Canal, tank, borewell",PROVISIONAL_STATE_PROFILE,DISTRICT_ROW_WITH_STATE_PROFILE,MARUDAM_IRRIGATION_PROFILE_V1,2026,https://data.gov.in/catalog/7th-minor-irrigation-census-village-schedule-ground-water-schemes-surface-water-schemes,Provisional state irrigation profile expanded to district for prototype use; not an official district-level observation.
36,Telangana,693,Wanaparthy,Borewell/Tube well,Groundwater,"Tank, canal",PROVISIONAL_STATE_PROFILE,DISTRICT_ROW_WITH_STATE_PROFILE,MARUDAM_IRRIGATION_PROFILE_V1,2026,https://data.gov.in/catalog/7th-minor-irrigation-census-village-schedule-ground-water-schemes-surface-water-schemes,Provisional state irrigation profile expanded to district for prototype use; not an official district-level observation.
28,Andhra Pradesh,523,West Godavari,Borewell/Tube well,Groundwater,"Canal, Tank",PROVISIONAL_STATE_PROFILE,DISTRICT_ROW_WITH_STATE_PROFILE,MARUDAM_IRRIGATION_PROFILE_V1,2026,https://data.gov.in/catalog/7th-minor-irrigation-census-village-schedule-ground-water-schemes-surface-water-schemes,Provisional state irrigation profile expanded to district for prototype use; not an official district-level observation.
12,Arunachal Pradesh,242,West Kameng,Surface irrigation,Surface water,"Streams, springs",PROVISIONAL_STATE_PROFILE,DISTRICT_ROW_WITH_STATE_PROFILE,MARUDAM_IRRIGATION_PROFILE_V1,2026,https://data.gov.in/catalog/7th-minor-irrigation-census-village-schedule-ground-water-schemes-surface-water-schemes,Provisional state irrigation profile expanded to district for prototype use; not an official district-level observation.
6,Haryana,76,Yamunanagar,Tube well,Groundwater,"Canal, tube well",PROVISIONAL_STATE_PROFILE,DISTRICT_ROW_WITH_STATE_PROFILE,MARUDAM_IRRIGATION_PROFILE_V1,2026,https://data.gov.in/catalog/7th-minor-irrigation-census-village-schedule-ground-water-schemes-surface-water-schemes,Provisional state irrigation profile expanded to district for prototype use; not an official district-level observation.
27,Maharashtra,500,Yavatmal,Borewell/Tube well,Groundwater,"Canal, tank",PROVISIONAL_STATE_PROFILE,DISTRICT_ROW_WITH_STATE_PROFILE,MARUDAM_IRRIGATION_PROFILE_V1,2026,https://data.gov.in/catalog/7th-minor-irrigation-census-village-schedule-ground-water-schemes-surface-water-schemes,Provisional state irrigation profile expanded to district for prototype use; not an official district-level observation.
27,Maharashtra,466,Ahmednagar,Borewell/Tube well,Groundwater,"Canal, tank",PROVISIONAL_STATE_PROFILE,DISTRICT_ROW_WITH_STATE_PROFILE,MARUDAM_IRRIGATION_PROFILE_V1,2026,https://data.gov.in/catalog/7th-minor-irrigation-census-village-schedule-ground-water-schemes-surface-water-schemes,Provisional state irrigation profile expanded to district for prototype use; not an official district-level observation.
28,Andhra Pradesh,745,Alluri Sitharama Raju,Borewell/Tube well,Groundwater,"Canal, Tank",PROVISIONAL_STATE_PROFILE,DISTRICT_ROW_WITH_STATE_PROFILE,MARUDAM_IRRIGATION_PROFILE_V1,2026,https://data.gov.in/catalog/7th-minor-irrigation-census-village-schedule-ground-water-schemes-surface-water-schemes,Provisional state irrigation profile expanded to district for prototype use; not an official district-level observation.
9,Uttar Pradesh,154,Amroha,Tube well,Groundwater,"Canal, tube well",PROVISIONAL_STATE_PROFILE,DISTRICT_ROW_WITH_STATE_PROFILE,MARUDAM_IRRIGATION_PROFILE_V1,2026,https://data.gov.in/catalog/7th-minor-irrigation-census-village-schedule-ground-water-schemes-surface-water-schemes,Provisional state irrigation profile expanded to district for prototype use; not an official district-level observation.
28,Andhra Pradesh,744,Anakapalli,Borewell/Tube well,Groundwater,"Canal, Tank",PROVISIONAL_STATE_PROFILE,DISTRICT_ROW_WITH_STATE_PROFILE,MARUDAM_IRRIGATION_PROFILE_V1,2026,https://data.gov.in/catalog/7th-minor-irrigation-census-village-schedule-ground-water-schemes-surface-water-schemes,Provisional state irrigation profile expanded to district for prototype use; not an official district-level observation.
12,Arunachal Pradesh,628,Anjaw,Surface irrigation,Surface water,"Streams, springs",PROVISIONAL_STATE_PROFILE,DISTRICT_ROW_WITH_STATE_PROFILE,MARUDAM_IRRIGATION_PROFILE_V1,2026,https://data.gov.in/catalog/7th-minor-irrigation-census-village-schedule-ground-water-schemes-surface-water-schemes,Provisional state irrigation profile expanded to district for prototype use; not an official district-level observation.
8,Rajasthan,776,Anupgarh,Tube well,Groundwater,"Canal, tube well, tank",PROVISIONAL_STATE_PROFILE,DISTRICT_ROW_WITH_STATE_PROFILE,MARUDAM_IRRIGATION_PROFILE_V1,2026,https://data.gov.in/catalog/7th-minor-irrigation-census-village-schedule-ground-water-schemes-surface-water-schemes,Provisional state irrigation profile expanded to district for prototype use; not an official district-level observation.
9,Uttar Pradesh,122,Auraiya,Tube well,Groundwater,"Canal, tube well",PROVISIONAL_STATE_PROFILE,DISTRICT_ROW_WITH_STATE_PROFILE,MARUDAM_IRRIGATION_PROFILE_V1,2026,https://data.gov.in/catalog/7th-minor-irrigation-census-village-schedule-ground-water-schemes-surface-water-schemes,Provisional state irrigation profile expanded to district for prototype use; not an official district-level observation.
9,Uttar Pradesh,140,Ayodhya,Tube well,Groundwater,"Canal, tube well",PROVISIONAL_STATE_PROFILE,DISTRICT_ROW_WITH_STATE_PROFILE,MARUDAM_IRRIGATION_PROFILE_V1,2026,https://data.gov.in/catalog/7th-minor-irrigation-census-village-schedule-ground-water-schemes-surface-water-schemes,Provisional state irrigation profile expanded to district for prototype use; not an official district-level observation.
18,Assam,739,Bajali,Surface irrigation,Surface water,"Canal, river, shallow groundwater",PROVISIONAL_STATE_PROFILE,DISTRICT_ROW_WITH_STATE_PROFILE,MARUDAM_IRRIGATION_PROFILE_V1,2026,https://data.gov.in/catalog/7th-minor-irrigation-census-village-schedule-ground-water-schemes-surface-water-schemes,Provisional state irrigation profile expanded to district for prototype use; not an official district-level observation.
21,Odisha,345,Balangir,Canal/Surface irrigation,Surface water,"Canal, tank, groundwater",PROVISIONAL_STATE_PROFILE,DISTRICT_ROW_WITH_STATE_PROFILE,MARUDAM_IRRIGATION_PROFILE_V1,2026,https://data.gov.in/catalog/7th-minor-irrigation-census-village-schedule-ground-water-schemes-surface-water-schemes,Provisional state irrigation profile expanded to district for prototype use; not an official district-level observation.
9,Uttar Pradesh,129,Bara Banki,Tube well,Groundwater,"Canal, tube well",PROVISIONAL_STATE_PROFILE,DISTRICT_ROW_WITH_STATE_PROFILE,MARUDAM_IRRIGATION_PROFILE_V1,2026,https://data.gov.in/catalog/7th-minor-irrigation-census-village-schedule-ground-water-schemes-surface-water-schemes,Provisional state irrigation profile expanded to district for prototype use; not an official district-level observation.
36,Telangana,690,Bhadradri Kothagudem,Borewell/Tube well,Groundwater,"Tank, canal",PROVISIONAL_STATE_PROFILE,DISTRICT_ROW_WITH_STATE_PROFILE,MARUDAM_IRRIGATION_PROFILE_V1,2026,https://data.gov.in/catalog/7th-minor-irrigation-census-village-schedule-ground-water-schemes-surface-water-schemes,Provisional state irrigation profile expanded to district for prototype use; not an official district-level observation.
8,Rajasthan,91,Bharatpur,Tube well,Groundwater,"Canal, tube well, tank",PROVISIONAL_STATE_PROFILE,DISTRICT_ROW_WITH_STATE_PROFILE,MARUDAM_IRRIGATION_PROFILE_V1,2026,https://data.gov.in/catalog/7th-minor-irrigation-census-village-schedule-ground-water-schemes-surface-water-schemes,Provisional state irrigation profile expanded to district for prototype use; not an official district-level observation.
10,Bihar,193,Bhojpur,Tube well,Groundwater,"Canal, tube well",PROVISIONAL_STATE_PROFILE,DISTRICT_ROW_WITH_STATE_PROFILE,MARUDAM_IRRIGATION_PROFILE_V1,2026,https://data.gov.in/catalog/7th-minor-irrigation-census-village-schedule-ground-water-schemes-surface-water-schemes,Provisional state irrigation profile expanded to district for prototype use; not an official district-level observation.
8,Rajasthan,93,Bikaner,Tube well,Groundwater,"Canal, tube well, tank",PROVISIONAL_STATE_PROFILE,DISTRICT_ROW_WITH_STATE_PROFILE,MARUDAM_IRRIGATION_PROFILE_V1,2026,https://data.gov.in/catalog/7th-minor-irrigation-census-village-schedule-ground-water-schemes-surface-water-schemes,Provisional state irrigation profile expanded to district for prototype use; not an official district-level observation.
19,West Bengal,307,Birbhum,Tube well/Surface irrigation,Mixed,"Tube well, canal",PROVISIONAL_STATE_PROFILE,DISTRICT_ROW_WITH_STATE_PROFILE,MARUDAM_IRRIGATION_PROFILE_V1,2026,https://data.gov.in/catalog/7th-minor-irrigation-census-village-schedule-ground-water-schemes-surface-water-schemes,Provisional state irrigation profile expanded to district for prototype use; not an official district-level observation.
6,Haryana,701,Charki Dadri,Tube well,Groundwater,"Canal, tube well",PROVISIONAL_STATE_PROFILE,DISTRICT_ROW_WITH_STATE_PROFILE,MARUDAM_IRRIGATION_PROFILE_V1,2026,https://data.gov.in/catalog/7th-minor-irrigation-census-village-schedule-ground-water-schemes-surface-water-schemes,Provisional state irrigation profile expanded to district for prototype use; not an official district-level observation.
29,Karnataka,630,Chikkaballapura,Borewell/Tube well,Groundwater,"Canal, tank",PROVISIONAL_STATE_PROFILE,DISTRICT_ROW_WITH_STATE_PROFILE,MARUDAM_IRRIGATION_PROFILE_V1,2026,https://data.gov.in/catalog/7th-minor-irrigation-census-village-schedule-ground-water-schemes-surface-water-schemes,Provisional state irrigation profile expanded to district for prototype use; not an official district-level observation.
28,Andhra Pradesh,503,Chittoor,Borewell/Tube well,Groundwater,"Canal, Tank",PROVISIONAL_STATE_PROFILE,DISTRICT_ROW_WITH_STATE_PROFILE,MARUDAM_IRRIGATION_PROFILE_V1,2026,https://data.gov.in/catalog/7th-minor-irrigation-census-village-schedule-ground-water-schemes-surface-water-schemes,Provisional state irrigation profile expanded to district for prototype use; not an official district-level observation.
22,Chhattisgarh,376,Dakshin Bastar Dantewada,Canal/Surface irrigation,Surface water,"Canal, tank, groundwater",PROVISIONAL_STATE_PROFILE,DISTRICT_ROW_WITH_STATE_PROFILE,MARUDAM_IRRIGATION_PROFILE_V1,2026,https://data.gov.in/catalog/7th-minor-irrigation-census-village-schedule-ground-water-schemes-surface-water-schemes,Provisional state irrigation profile expanded to district for prototype use; not an official district-level observation.
18,Assam,283,Darrang,Surface irrigation,Surface water,"Canal, river, shallow groundwater",PROVISIONAL_STATE_PROFILE,DISTRICT_ROW_WITH_STATE_PROFILE,MARUDAM_IRRIGATION_PROFILE_V1,2026,https://data.gov.in/catalog/7th-minor-irrigation-census-village-schedule-ground-water-schemes-surface-water-schemes,Provisional state irrigation profile expanded to district for prototype use; not an official district-level observation.
5,Uttarakhand,49,Dehradun,Surface irrigation,Surface water,"Canal, spring, stream",PROVISIONAL_STATE_PROFILE,DISTRICT_ROW_WITH_STATE_PROFILE,MARUDAM_IRRIGATION_PROFILE_V1,2026,https://data.gov.in/catalog/7th-minor-irrigation-census-village-schedule-ground-water-schemes-surface-water-schemes,Provisional state irrigation profile expanded to district for prototype use; not an official district-level observation.
21,Odisha,351,Deogarh,Canal/Surface irrigation,Surface water,"Canal, tank, groundwater",PROVISIONAL_STATE_PROFILE,DISTRICT_ROW_WITH_STATE_PROFILE,MARUDAM_IRRIGATION_PROFILE_V1,2026,https://data.gov.in/catalog/7th-minor-irrigation-census-village-schedule-ground-water-schemes-surface-water-schemes,Provisional state irrigation profile expanded to district for prototype use; not an official district-level observation.
18,Assam,284,Dhemaji,Surface irrigation,Surface water,"Canal, river, shallow groundwater",PROVISIONAL_STATE_PROFILE,DISTRICT_ROW_WITH_STATE_PROFILE,MARUDAM_IRRIGATION_PROFILE_V1,2026,https://data.gov.in/catalog/7th-minor-irrigation-census-village-schedule-ground-water-schemes-surface-water-schemes,Provisional state irrigation profile expanded to district for prototype use; not an official district-level observation.
18,Assam,285,Dhubri,Surface irrigation,Surface water,"Canal, river, shallow groundwater",PROVISIONAL_STATE_PROFILE,DISTRICT_ROW_WITH_STATE_PROFILE,MARUDAM_IRRIGATION_PROFILE_V1,2026,https://data.gov.in/catalog/7th-minor-irrigation-census-village-schedule-ground-water-schemes-surface-water-schemes,Provisional state irrigation profile expanded to district for prototype use; not an official district-level observation.
12,Arunachal Pradesh,230,Dibang Valley,Surface irrigation,Surface water,"Streams, springs",PROVISIONAL_STATE_PROFILE,DISTRICT_ROW_WITH_STATE_PROFILE,MARUDAM_IRRIGATION_PROFILE_V1,2026,https://data.gov.in/catalog/7th-minor-irrigation-census-village-schedule-ground-water-schemes-surface-water-schemes,Provisional state irrigation profile expanded to district for prototype use; not an official district-level observation.
8,Rajasthan,768,Didwana-Kuchaman,Tube well,Groundwater,"Canal, tube well, tank",PROVISIONAL_STATE_PROFILE,DISTRICT_ROW_WITH_STATE_PROFILE,MARUDAM_IRRIGATION_PROFILE_V1,2026,https://data.gov.in/catalog/7th-minor-irrigation-census-village-schedule-ground-water-schemes-surface-water-schemes,Provisional state irrigation profile expanded to district for prototype use; not an official district-level observation.
13,Nagaland,244,Dimapur,Surface irrigation,Surface water,"Streams, springs",PROVISIONAL_STATE_PROFILE,DISTRICT_ROW_WITH_STATE_PROFILE,MARUDAM_IRRIGATION_PROFILE_V1,2026,https://data.gov.in/catalog/7th-minor-irrigation-census-village-schedule-ground-water-schemes-surface-water-schemes,Provisional state irrigation profile expanded to district for prototype use; not an official district-level observation.
33,Tamil Nadu,572,Dindigul,Tube well/Surface irrigation,Mixed,"Canal, tank, borewell",PROVISIONAL_STATE_PROFILE,DISTRICT_ROW_WITH_STATE_PROFILE,MARUDAM_IRRIGATION_PROFILE_V1,2026,https://data.gov.in/catalog/7th-minor-irrigation-census-village-schedule-ground-water-schemes-surface-water-schemes,Provisional state irrigation profile expanded to district for prototype use; not an official district-level observation.
38,The Dadra And Nagar Haveli And Daman And Diu,464,Diu,Mixed/Unknown,Unknown,Not specified,PROVISIONAL_STATE_PROFILE,DISTRICT_ROW_WITH_STATE_PROFILE,MARUDAM_IRRIGATION_PROFILE_V1,2026,https://data.gov.in/catalog/7th-minor-irrigation-census-village-schedule-ground-water-schemes-surface-water-schemes,Provisional state irrigation profile expanded to district for prototype use; not an official district-level observation.
1,Jammu And Kashmir,4,Doda,Mixed/Unknown,Unknown,Not specified,PROVISIONAL_STATE_PROFILE,DISTRICT_ROW_WITH_STATE_PROFILE,MARUDAM_IRRIGATION_PROFILE_V1,2026,https://data.gov.in/catalog/7th-minor-irrigation-census-village-schedule-ground-water-schemes-surface-water-schemes,Provisional state irrigation profile expanded to district for prototype use; not an official district-level observation.
8,Rajasthan,99,Dungarpur,Tube well,Groundwater,"Canal, tube well, tank",PROVISIONAL_STATE_PROFILE,DISTRICT_ROW_WITH_STATE_PROFILE,MARUDAM_IRRIGATION_PROFILE_V1,2026,https://data.gov.in/catalog/7th-minor-irrigation-census-village-schedule-ground-water-schemes-surface-water-schemes,Provisional state irrigation profile expanded to district for prototype use; not an official district-level observation.
12,Arunachal Pradesh,232,East Siang,Surface irrigation,Surface water,"Streams, springs",PROVISIONAL_STATE_PROFILE,DISTRICT_ROW_WITH_STATE_PROFILE,MARUDAM_IRRIGATION_PROFILE_V1,2026,https://data.gov.in/catalog/7th-minor-irrigation-census-village-schedule-ground-water-schemes-surface-water-schemes,Provisional state irrigation profile expanded to district for prototype use; not an official district-level observation.
32,Kerala,555,Ernakulam,Well irrigation,Groundwater,"Wells, streams",PROVISIONAL_STATE_PROFILE,DISTRICT_ROW_WITH_STATE_PROFILE,MARUDAM_IRRIGATION_PROFILE_V1,2026,https://data.gov.in/catalog/7th-minor-irrigation-census-village-schedule-ground-water-schemes-surface-water-schemes,Provisional state irrigation profile expanded to district for prototype use; not an official district-level observation.
9,Uttar Pradesh,138,Etah,Tube well,Groundwater,"Canal, tube well",PROVISIONAL_STATE_PROFILE,DISTRICT_ROW_WITH_STATE_PROFILE,MARUDAM_IRRIGATION_PROFILE_V1,2026,https://data.gov.in/catalog/7th-minor-irrigation-census-village-schedule-ground-water-schemes-surface-water-schemes,Provisional state irrigation profile expanded to district for prototype use; not an official district-level observation.
9,Uttar Pradesh,141,Farrukhabad,Tube well,Groundwater,"Canal, tube well",PROVISIONAL_STATE_PROFILE,DISTRICT_ROW_WITH_STATE_PROFILE,MARUDAM_IRRIGATION_PROFILE_V1,2026,https://data.gov.in/catalog/7th-minor-irrigation-census-village-schedule-ground-water-schemes-surface-water-schemes,Provisional state irrigation profile expanded to district for prototype use; not an official district-level observation.
6,Haryana,61,Fatehabad,Tube well,Groundwater,"Canal, tube well",PROVISIONAL_STATE_PROFILE,DISTRICT_ROW_WITH_STATE_PROFILE,MARUDAM_IRRIGATION_PROFILE_V1,2026,https://data.gov.in/catalog/7th-minor-irrigation-census-village-schedule-ground-water-schemes-surface-water-schemes,Provisional state irrigation profile expanded to district for prototype use; not an official district-level observation.
9,Uttar Pradesh,142,Fatehpur,Tube well,Groundwater,"Canal, tube well",PROVISIONAL_STATE_PROFILE,DISTRICT_ROW_WITH_STATE_PROFILE,MARUDAM_IRRIGATION_PROFILE_V1,2026,https://data.gov.in/catalog/7th-minor-irrigation-census-village-schedule-ground-water-schemes-surface-water-schemes,Provisional state irrigation profile expanded to district for prototype use; not an official district-level observation.
29,Karnataka,537,Gadag,Borewell/Tube well,Groundwater,"Canal, tank",PROVISIONAL_STATE_PROFILE,DISTRICT_ROW_WITH_STATE_PROFILE,MARUDAM_IRRIGATION_PROFILE_V1,2026,https://data.gov.in/catalog/7th-minor-irrigation-census-village-schedule-ground-water-schemes-surface-water-schemes,Provisional state irrigation profile expanded to district for prototype use; not an official district-level observation.
8,Rajasthan,771,Gangapurcity,Tube well,Groundwater,"Canal, tube well, tank",PROVISIONAL_STATE_PROFILE,DISTRICT_ROW_WITH_STATE_PROFILE,MARUDAM_IRRIGATION_PROFILE_V1,2026,https://data.gov.in/catalog/7th-minor-irrigation-census-village-schedule-ground-water-schemes-surface-water-schemes,Provisional state irrigation profile expanded to district for prototype use; not an official district-level observation.
11,Sikkim,225,Gangtok,Surface irrigation,Surface water,"Streams, springs",PROVISIONAL_STATE_PROFILE,DISTRICT_ROW_WITH_STATE_PROFILE,MARUDAM_IRRIGATION_PROFILE_V1,2026,https://data.gov.in/catalog/7th-minor-irrigation-census-village-schedule-ground-water-schemes-surface-water-schemes,Provisional state irrigation profile expanded to district for prototype use; not an official district-level observation.
9,Uttar Pradesh,145,Ghaziabad,Tube well,Groundwater,"Canal, tube well",PROVISIONAL_STATE_PROFILE,DISTRICT_ROW_WITH_STATE_PROFILE,MARUDAM_IRRIGATION_PROFILE_V1,2026,https://data.gov.in/catalog/7th-minor-irrigation-census-village-schedule-ground-water-schemes-surface-water-schemes,Provisional state irrigation profile expanded to district for prototype use; not an official district-level observation.
9,Uttar Pradesh,147,Gonda,Tube well,Groundwater,"Canal, tube well",PROVISIONAL_STATE_PROFILE,DISTRICT_ROW_WITH_STATE_PROFILE,MARUDAM_IRRIGATION_PROFILE_V1,2026,https://data.gov.in/catalog/7th-minor-irrigation-census-village-schedule-ground-water-schemes-surface-water-schemes,Provisional state irrigation profile expanded to district for prototype use; not an official district-level observation.
10,Bihar,197,Gopalganj,Tube well,Groundwater,"Canal, tube well",PROVISIONAL_STATE_PROFILE,DISTRICT_ROW_WITH_STATE_PROFILE,MARUDAM_IRRIGATION_PROFILE_V1,2026,https://data.gov.in/catalog/7th-minor-irrigation-census-village-schedule-ground-water-schemes-surface-water-schemes,Provisional state irrigation profile expanded to district for prototype use; not an official district-level observation.
3,Punjab,32,Gurdaspur,Canal/Tube well,Mixed,"Canal, tube well",PROVISIONAL_STATE_PROFILE,DISTRICT_ROW_WITH_STATE_PROFILE,MARUDAM_IRRIGATION_PROFILE_V1,2026,https://data.gov.in/catalog/7th-minor-irrigation-census-village-schedule-ground-water-schemes-surface-water-schemes,Provisional state irrigation profile expanded to district for prototype use; not an official district-level observation.
23,Madhya Pradesh,407,Gwalior,Tube well,Groundwater,"Canal, tube well",PROVISIONAL_STATE_PROFILE,DISTRICT_ROW_WITH_STATE_PROFILE,MARUDAM_IRRIGATION_PROFILE_V1,2026,https://data.gov.in/catalog/7th-minor-irrigation-census-village-schedule-ground-water-schemes-surface-water-schemes,Provisional state irrigation profile expanded to district for prototype use; not an official district-level observation.
18,Assam,289,Hailakandi,Surface irrigation,Surface water,"Canal, river, shallow groundwater",PROVISIONAL_STATE_PROFILE,DISTRICT_ROW_WITH_STATE_PROFILE,MARUDAM_IRRIGATION_PROFILE_V1,2026,https://data.gov.in/catalog/7th-minor-irrigation-census-village-schedule-ground-water-schemes-surface-water-schemes,Provisional state irrigation profile expanded to district for prototype use; not an official district-level observation.
8,Rajasthan,101,Hanumangarh,Tube well,Groundwater,"Canal, tube well, tank",PROVISIONAL_STATE_PROFILE,DISTRICT_ROW_WITH_STATE_PROFILE,MARUDAM_IRRIGATION_PROFILE_V1,2026,https://data.gov.in/catalog/7th-minor-irrigation-census-village-schedule-ground-water-schemes-surface-water-schemes,Provisional state irrigation profile expanded to district for prototype use; not an official district-level observation.
9,Uttar Pradesh,150,Hardoi,Tube well,Groundwater,"Canal, tube well",PROVISIONAL_STATE_PROFILE,DISTRICT_ROW_WITH_STATE_PROFILE,MARUDAM_IRRIGATION_PROFILE_V1,2026,https://data.gov.in/catalog/7th-minor-irrigation-census-village-schedule-ground-water-schemes-surface-water-schemes,Provisional state irrigation profile expanded to district for prototype use; not an official district-level observation.
20,Jharkhand,332,Hazaribagh,Well/Tube well,Groundwater,"Ponds, wells, tube wells",PROVISIONAL_STATE_PROFILE,DISTRICT_ROW_WITH_STATE_PROFILE,MARUDAM_IRRIGATION_PROFILE_V1,2026,https://data.gov.in/catalog/7th-minor-irrigation-census-village-schedule-ground-water-schemes-surface-water-schemes,Provisional state irrigation profile expanded to district for prototype use; not an official district-level observation.
27,Maharashtra,477,Hingoli,Borewell/Tube well,Groundwater,"Canal, tank",PROVISIONAL_STATE_PROFILE,DISTRICT_ROW_WITH_STATE_PROFILE,MARUDAM_IRRIGATION_PROFILE_V1,2026,https://data.gov.in/catalog/7th-minor-irrigation-census-village-schedule-ground-water-schemes-surface-water-schemes,Provisional state irrigation profile expanded to district for prototype use; not an official district-level observation.
36,Telangana,681,Jagitial,Borewell/Tube well,Groundwater,"Tank, canal",PROVISIONAL_STATE_PROFILE,DISTRICT_ROW_WITH_STATE_PROFILE,MARUDAM_IRRIGATION_PROFILE_V1,2026,https://data.gov.in/catalog/7th-minor-irrigation-census-village-schedule-ground-water-schemes-surface-water-schemes,Provisional state irrigation profile expanded to district for prototype use; not an official district-level observation.
21,Odisha,356,Jajapur,Canal/Surface irrigation,Surface water,"Canal, tank, groundwater",PROVISIONAL_STATE_PROFILE,DISTRICT_ROW_WITH_STATE_PROFILE,MARUDAM_IRRIGATION_PROFILE_V1,2026,https://data.gov.in/catalog/7th-minor-irrigation-census-village-schedule-ground-water-schemes-surface-water-schemes,Provisional state irrigation profile expanded to district for prototype use; not an official district-level observation.
20,Jharkhand,333,Jamtara,Well/Tube well,Groundwater,"Ponds, wells, tube wells",PROVISIONAL_STATE_PROFILE,DISTRICT_ROW_WITH_STATE_PROFILE,MARUDAM_IRRIGATION_PROFILE_V1,2026,https://data.gov.in/catalog/7th-minor-irrigation-census-village-schedule-ground-water-schemes-surface-water-schemes,Provisional state irrigation profile expanded to district for prototype use; not an official district-level observation.
10,Bihar,198,Jamui,Tube well,Groundwater,"Canal, tube well",PROVISIONAL_STATE_PROFILE,DISTRICT_ROW_WITH_STATE_PROFILE,MARUDAM_IRRIGATION_PROFILE_V1,2026,https://data.gov.in/catalog/7th-minor-irrigation-census-village-schedule-ground-water-schemes-surface-water-schemes,Provisional state irrigation profile expanded to district for prototype use; not an official district-level observation.
22,Chhattisgarh,379,Janjgir-Champa,Canal/Surface irrigation,Surface water,"Canal, tank, groundwater",PROVISIONAL_STATE_PROFILE,DISTRICT_ROW_WITH_STATE_PROFILE,MARUDAM_IRRIGATION_PROFILE_V1,2026,https://data.gov.in/catalog/7th-minor-irrigation-census-village-schedule-ground-water-schemes-surface-water-schemes,Provisional state irrigation profile expanded to district for prototype use; not an official district-level observation.
10,Bihar,199,Jehanabad,Tube well,Groundwater,"Canal, tube well",PROVISIONAL_STATE_PROFILE,DISTRICT_ROW_WITH_STATE_PROFILE,MARUDAM_IRRIGATION_PROFILE_V1,2026,https://data.gov.in/catalog/7th-minor-irrigation-census-village-schedule-ground-water-schemes-surface-water-schemes,Provisional state irrigation profile expanded to district for prototype use; not an official district-level observation.
19,West Bengal,703,Jhargram,Tube well/Surface irrigation,Mixed,"Tube well, canal",PROVISIONAL_STATE_PROFILE,DISTRICT_ROW_WITH_STATE_PROFILE,MARUDAM_IRRIGATION_PROFILE_V1,2026,https://data.gov.in/catalog/7th-minor-irrigation-census-village-schedule-ground-water-schemes-surface-water-schemes,Provisional state irrigation profile expanded to district for prototype use; not an official district-level observation.
10,Bihar,200,Kaimur (Bhabua),Tube well,Groundwater,"Canal, tube well",PROVISIONAL_STATE_PROFILE,DISTRICT_ROW_WITH_STATE_PROFILE,MARUDAM_IRRIGATION_PROFILE_V1,2026,https://data.gov.in/catalog/7th-minor-irrigation-census-village-schedule-ground-water-schemes-surface-water-schemes,Provisional state irrigation profile expanded to district for prototype use; not an official district-level observation.
33,Tamil Nadu,574,Kancheepuram,Tube well/Surface irrigation,Mixed,"Canal, tank, borewell",PROVISIONAL_STATE_PROFILE,DISTRICT_ROW_WITH_STATE_PROFILE,MARUDAM_IRRIGATION_PROFILE_V1,2026,https://data.gov.in/catalog/7th-minor-irrigation-census-village-schedule-ground-water-schemes-surface-water-schemes,Provisional state irrigation profile expanded to district for prototype use; not an official district-level observation.
21,Odisha,359,Kandhamal,Canal/Surface irrigation,Surface water,"Canal, tank, groundwater",PROVISIONAL_STATE_PROFILE,DISTRICT_ROW_WITH_STATE_PROFILE,MARUDAM_IRRIGATION_PROFILE_V1,2026,https://data.gov.in/catalog/7th-minor-irrigation-census-village-schedule-ground-water-schemes-surface-water-schemes,Provisional state irrigation profile expanded to district for prototype use; not an official district-level observation.
2,Himachal Pradesh,18,Kangra,Surface irrigation,Surface water,"Kuhl/stream, spring",PROVISIONAL_STATE_PROFILE,DISTRICT_ROW_WITH_STATE_PROFILE,MARUDAM_IRRIGATION_PROFILE_V1,2026,https://data.gov.in/catalog/7th-minor-irrigation-census-village-schedule-ground-water-schemes-surface-water-schemes,Provisional state irrigation profile expanded to district for prototype use; not an official district-level observation.
9,Uttar Pradesh,155,Kannauj,Tube well,Groundwater,"Canal, tube well",PROVISIONAL_STATE_PROFILE,DISTRICT_ROW_WITH_STATE_PROFILE,MARUDAM_IRRIGATION_PROFILE_V1,2026,https://data.gov.in/catalog/7th-minor-irrigation-census-village-schedule-ground-water-schemes-surface-water-schemes,Provisional state irrigation profile expanded to district for prototype use; not an official district-level observation.
6,Haryana,67,Karnal,Tube well,Groundwater,"Canal, tube well",PROVISIONAL_STATE_PROFILE,DISTRICT_ROW_WITH_STATE_PROFILE,MARUDAM_IRRIGATION_PROFILE_V1,2026,https://data.gov.in/catalog/7th-minor-irrigation-census-village-schedule-ground-water-schemes-surface-water-schemes,Provisional state irrigation profile expanded to district for prototype use; not an official district-level observation.
9,Uttar Pradesh,633,Kasganj,Tube well,Groundwater,"Canal, tube well",PROVISIONAL_STATE_PROFILE,DISTRICT_ROW_WITH_STATE_PROFILE,MARUDAM_IRRIGATION_PROFILE_V1,2026,https://data.gov.in/catalog/7th-minor-irrigation-census-village-schedule-ground-water-schemes-surface-water-schemes,Provisional state irrigation profile expanded to district for prototype use; not an official district-level observation.
23,Madhya Pradesh,413,Katni,Tube well,Groundwater,"Canal, tube well",PROVISIONAL_STATE_PROFILE,DISTRICT_ROW_WITH_STATE_PROFILE,MARUDAM_IRRIGATION_PROFILE_V1,2026,https://data.gov.in/catalog/7th-minor-irrigation-census-village-schedule-ground-water-schemes-surface-water-schemes,Provisional state irrigation profile expanded to district for prototype use; not an official district-level observation.
10,Bihar,202,Khagaria,Tube well,Groundwater,"Canal, tube well",PROVISIONAL_STATE_PROFILE,DISTRICT_ROW_WITH_STATE_PROFILE,MARUDAM_IRRIGATION_PROFILE_V1,2026,https://data.gov.in/catalog/7th-minor-irrigation-census-village-schedule-ground-water-schemes-surface-water-schemes,Provisional state irrigation profile expanded to district for prototype use; not an official district-level observation.
2,Himachal Pradesh,19,Kinnaur,Surface irrigation,Surface water,"Kuhl/stream, spring",PROVISIONAL_STATE_PROFILE,DISTRICT_ROW_WITH_STATE_PROFILE,MARUDAM_IRRIGATION_PROFILE_V1,2026,https://data.gov.in/catalog/7th-minor-irrigation-census-village-schedule-ground-water-schemes-surface-water-schemes,Provisional state irrigation profile expanded to district for prototype use; not an official district-level observation.
13,Nagaland,614,Kiphire,Surface irrigation,Surface water,"Streams, springs",PROVISIONAL_STATE_PROFILE,DISTRICT_ROW_WITH_STATE_PROFILE,MARUDAM_IRRIGATION_PROFILE_V1,2026,https://data.gov.in/catalog/7th-minor-irrigation-census-village-schedule-ground-water-schemes-surface-water-schemes,Provisional state irrigation profile expanded to district for prototype use; not an official district-level observation.
10,Bihar,203,Kishanganj,Tube well,Groundwater,"Canal, tube well",PROVISIONAL_STATE_PROFILE,DISTRICT_ROW_WITH_STATE_PROFILE,MARUDAM_IRRIGATION_PROFILE_V1,2026,https://data.gov.in/catalog/7th-minor-irrigation-census-village-schedule-ground-water-schemes-surface-water-schemes,Provisional state irrigation profile expanded to district for prototype use; not an official district-level observation.
20,Jharkhand,334,Koderma,Well/Tube well,Groundwater,"Ponds, wells, tube wells",PROVISIONAL_STATE_PROFILE,DISTRICT_ROW_WITH_STATE_PROFILE,MARUDAM_IRRIGATION_PROFILE_V1,2026,https://data.gov.in/catalog/7th-minor-irrigation-census-village-schedule-ground-water-schemes-surface-water-schemes,Provisional state irrigation profile expanded to district for prototype use; not an official district-level observation.
29,Karnataka,543,Koppal,Borewell/Tube well,Groundwater,"Canal, tank",PROVISIONAL_STATE_PROFILE,DISTRICT_ROW_WITH_STATE_PROFILE,MARUDAM_IRRIGATION_PROFILE_V1,2026,https://data.gov.in/catalog/7th-minor-irrigation-census-village-schedule-ground-water-schemes-surface-water-schemes,Provisional state irrigation profile expanded to district for prototype use; not an official district-level observation.
8,Rajasthan,782,Kotputli-Behror,Tube well,Groundwater,"Canal, tube well, tank",PROVISIONAL_STATE_PROFILE,DISTRICT_ROW_WITH_STATE_PROFILE,MARUDAM_IRRIGATION_PROFILE_V1,2026,https://data.gov.in/catalog/7th-minor-irrigation-census-village-schedule-ground-water-schemes-surface-water-schemes,Provisional state irrigation profile expanded to district for prototype use; not an official district-level observation.
32,Kerala,560,Kottayam,Well irrigation,Groundwater,"Wells, streams",PROVISIONAL_STATE_PROFILE,DISTRICT_ROW_WITH_STATE_PROFILE,MARUDAM_IRRIGATION_PROFILE_V1,2026,https://data.gov.in/catalog/7th-minor-irrigation-census-village-schedule-ground-water-schemes-surface-water-schemes,Provisional state irrigation profile expanded to district for prototype use; not an official district-level observation.
32,Kerala,561,Kozhikode,Well irrigation,Groundwater,"Wells, streams",PROVISIONAL_STATE_PROFILE,DISTRICT_ROW_WITH_STATE_PROFILE,MARUDAM_IRRIGATION_PROFILE_V1,2026,https://data.gov.in/catalog/7th-minor-irrigation-census-village-schedule-ground-water-schemes-surface-water-schemes,Provisional state irrigation profile expanded to district for prototype use; not an official district-level observation.
28,Andhra Pradesh,510,Krishna,Borewell/Tube well,Groundwater,"Canal, Tank",PROVISIONAL_STATE_PROFILE,DISTRICT_ROW_WITH_STATE_PROFILE,MARUDAM_IRRIGATION_PROFILE_V1,2026,https://data.gov.in/catalog/7th-minor-irrigation-census-village-schedule-ground-water-schemes-surface-water-schemes,Provisional state irrigation profile expanded to district for prototype use; not an official district-level observation.
1,Jammu And Kashmir,622,Kulgam,Mixed/Unknown,Unknown,Not specified,PROVISIONAL_STATE_PROFILE,DISTRICT_ROW_WITH_STATE_PROFILE,MARUDAM_IRRIGATION_PROFILE_V1,2026,https://data.gov.in/catalog/7th-minor-irrigation-census-village-schedule-ground-water-schemes-surface-water-schemes,Provisional state irrigation profile expanded to district for prototype use; not an official district-level observation.
1,Jammu And Kashmir,8,Kupwara,Mixed/Unknown,Unknown,Not specified,PROVISIONAL_STATE_PROFILE,DISTRICT_ROW_WITH_STATE_PROFILE,MARUDAM_IRRIGATION_PROFILE_V1,2026,https://data.gov.in/catalog/7th-minor-irrigation-census-village-schedule-ground-water-schemes-surface-water-schemes,Provisional state irrigation profile expanded to district for prototype use; not an official district-level observation.
28,Andhra Pradesh,511,Kurnool,Borewell/Tube well,Groundwater,"Canal, Tank",PROVISIONAL_STATE_PROFILE,DISTRICT_ROW_WITH_STATE_PROFILE,MARUDAM_IRRIGATION_PROFILE_V1,2026,https://data.gov.in/catalog/7th-minor-irrigation-census-village-schedule-ground-water-schemes-surface-water-schemes,Provisional state irrigation profile expanded to district for prototype use; not an official district-level observation.
10,Bihar,204,Lakhisarai,Tube well,Groundwater,"Canal, tube well",PROVISIONAL_STATE_PROFILE,DISTRICT_ROW_WITH_STATE_PROFILE,MARUDAM_IRRIGATION_PROFILE_V1,2026,https://data.gov.in/catalog/7th-minor-irrigation-census-village-schedule-ground-water-schemes-surface-water-schemes,Provisional state irrigation profile expanded to district for prototype use; not an official district-level observation.
27,Maharashtra,481,Latur,Borewell/Tube well,Groundwater,"Canal, tank",PROVISIONAL_STATE_PROFILE,DISTRICT_ROW_WITH_STATE_PROFILE,MARUDAM_IRRIGATION_PROFILE_V1,2026,https://data.gov.in/catalog/7th-minor-irrigation-census-village-schedule-ground-water-schemes-surface-water-schemes,Provisional state irrigation profile expanded to district for prototype use; not an official district-level observation.
15,Mizoram,265,Lunglei,Surface irrigation,Surface water,"Streams, springs",PROVISIONAL_STATE_PROFILE,DISTRICT_ROW_WITH_STATE_PROFILE,MARUDAM_IRRIGATION_PROFILE_V1,2026,https://data.gov.in/catalog/7th-minor-irrigation-census-village-schedule-ground-water-schemes-surface-water-schemes,Provisional state irrigation profile expanded to district for prototype use; not an official district-level observation.
36,Telangana,688,Mahabubabad,Borewell/Tube well,Groundwater,"Tank, canal",PROVISIONAL_STATE_PROFILE,DISTRICT_ROW_WITH_STATE_PROFILE,MARUDAM_IRRIGATION_PROFILE_V1,2026,https://data.gov.in/catalog/7th-minor-irrigation-census-village-schedule-ground-water-schemes-surface-water-schemes,Provisional state irrigation profile expanded to district for prototype use; not an official district-level observation.
24,Gujarat,451,Mahesana,Tube well,Groundwater,"Canal, tube well",PROVISIONAL_STATE_PROFILE,DISTRICT_ROW_WITH_STATE_PROFILE,MARUDAM_IRRIGATION_PROFILE_V1,2026,https://data.gov.in/catalog/7th-minor-irrigation-census-village-schedule-ground-water-schemes-surface-water-schemes,Provisional state irrigation profile expanded to district for prototype use; not an official district-level observation.
9,Uttar Pradesh,164,Mahrajganj,Tube well,Groundwater,"Canal, tube well",PROVISIONAL_STATE_PROFILE,DISTRICT_ROW_WITH_STATE_PROFILE,MARUDAM_IRRIGATION_PROFILE_V1,2026,https://data.gov.in/catalog/7th-minor-irrigation-census-village-schedule-ground-water-schemes-surface-water-schemes,Provisional state irrigation profile expanded to district for prototype use; not an official district-level observation.
15,Mizoram,266,Mamit,Surface irrigation,Surface water,"Streams, springs",PROVISIONAL_STATE_PROFILE,DISTRICT_ROW_WITH_STATE_PROFILE,MARUDAM_IRRIGATION_PROFILE_V1,2026,https://data.gov.in/catalog/7th-minor-irrigation-census-village-schedule-ground-water-schemes-surface-water-schemes,Provisional state irrigation profile expanded to district for prototype use; not an official district-level observation.
2,Himachal Pradesh,22,Mandi,Surface irrigation,Surface water,"Kuhl/stream, spring",PROVISIONAL_STATE_PROFILE,DISTRICT_ROW_WITH_STATE_PROFILE,MARUDAM_IRRIGATION_PROFILE_V1,2026,https://data.gov.in/catalog/7th-minor-irrigation-census-village-schedule-ground-water-schemes-surface-water-schemes,Provisional state irrigation profile expanded to district for prototype use; not an official district-level observation.
22,Chhattisgarh,760,Manendragarh-Chirmiri-Bharatpur(M C B),Canal/Surface irrigation,Surface water,"Canal, tank, groundwater",PROVISIONAL_STATE_PROFILE,DISTRICT_ROW_WITH_STATE_PROFILE,MARUDAM_IRRIGATION_PROFILE_V1,2026,https://data.gov.in/catalog/7th-minor-irrigation-census-village-schedule-ground-water-schemes-surface-water-schemes,Provisional state irrigation profile expanded to district for prototype use; not an official district-level observation.
21,Odisha,365,Mayurbhanj,Canal/Surface irrigation,Surface water,"Canal, tank, groundwater",PROVISIONAL_STATE_PROFILE,DISTRICT_ROW_WITH_STATE_PROFILE,MARUDAM_IRRIGATION_PROFILE_V1,2026,https://data.gov.in/catalog/7th-minor-irrigation-census-village-schedule-ground-water-schemes-surface-water-schemes,Provisional state irrigation profile expanded to district for prototype use; not an official district-level observation.
36,Telangana,700,Medchal Malkajgiri,Borewell/Tube well,Groundwater,"Tank, canal",PROVISIONAL_STATE_PROFILE,DISTRICT_ROW_WITH_STATE_PROFILE,MARUDAM_IRRIGATION_PROFILE_V1,2026,https://data.gov.in/catalog/7th-minor-irrigation-census-village-schedule-ground-water-schemes-surface-water-schemes,Provisional state irrigation profile expanded to district for prototype use; not an official district-level observation.
23,Madhya Pradesh,417,Morena,Tube well,Groundwater,"Canal, tube well",PROVISIONAL_STATE_PROFILE,DISTRICT_ROW_WITH_STATE_PROFILE,MARUDAM_IRRIGATION_PROFILE_V1,2026,https://data.gov.in/catalog/7th-minor-irrigation-census-village-schedule-ground-water-schemes-surface-water-schemes,Provisional state irrigation profile expanded to district for prototype use; not an official district-level observation.
19,West Bengal,319,Murshidabad,Tube well/Surface irrigation,Mixed,"Tube well, canal",PROVISIONAL_STATE_PROFILE,DISTRICT_ROW_WITH_STATE_PROFILE,MARUDAM_IRRIGATION_PROFILE_V1,2026,https://data.gov.in/catalog/7th-minor-irrigation-census-village-schedule-ground-water-schemes-surface-water-schemes,Provisional state irrigation profile expanded to district for prototype use; not an official district-level observation.
21,Odisha,366,Nabarangpur,Canal/Surface irrigation,Surface water,"Canal, tank, groundwater",PROVISIONAL_STATE_PROFILE,DISTRICT_ROW_WITH_STATE_PROFILE,MARUDAM_IRRIGATION_PROFILE_V1,2026,https://data.gov.in/catalog/7th-minor-irrigation-census-village-schedule-ground-water-schemes-surface-water-schemes,Provisional state irrigation profile expanded to district for prototype use; not an official district-level observation.
19,West Bengal,320,Nadia,Tube well/Surface irrigation,Mixed,"Tube well, canal",PROVISIONAL_STATE_PROFILE,DISTRICT_ROW_WITH_STATE_PROFILE,MARUDAM_IRRIGATION_PROFILE_V1,2026,https://data.gov.in/catalog/7th-minor-irrigation-census-village-schedule-ground-water-schemes-surface-water-schemes,Provisional state irrigation profile expanded to district for prototype use; not an official district-level observation.
27,Maharashtra,485,Nanded,Borewell/Tube well,Groundwater,"Canal, tank",PROVISIONAL_STATE_PROFILE,DISTRICT_ROW_WITH_STATE_PROFILE,MARUDAM_IRRIGATION_PROFILE_V1,2026,https://data.gov.in/catalog/7th-minor-irrigation-census-village-schedule-ground-water-schemes-surface-water-schemes,Provisional state irrigation profile expanded to district for prototype use; not an official district-level observation.
27,Maharashtra,486,Nandurbar,Borewell/Tube well,Groundwater,"Canal, tank",PROVISIONAL_STATE_PROFILE,DISTRICT_ROW_WITH_STATE_PROFILE,MARUDAM_IRRIGATION_PROFILE_V1,2026,https://data.gov.in/catalog/7th-minor-irrigation-census-village-schedule-ground-water-schemes-surface-water-schemes,Provisional state irrigation profile expanded to district for prototype use; not an official district-level observation.
36,Telangana,721,Narayanpet,Borewell/Tube well,Groundwater,"Tank, canal",PROVISIONAL_STATE_PROFILE,DISTRICT_ROW_WITH_STATE_PROFILE,MARUDAM_IRRIGATION_PROFILE_V1,2026,https://data.gov.in/catalog/7th-minor-irrigation-census-village-schedule-ground-water-schemes-surface-water-schemes,Provisional state irrigation profile expanded to district for prototype use; not an official district-level observation.
23,Madhya Pradesh,418,Narsimhapur,Tube well,Groundwater,"Canal, tube well",PROVISIONAL_STATE_PROFILE,DISTRICT_ROW_WITH_STATE_PROFILE,MARUDAM_IRRIGATION_PROFILE_V1,2026,https://data.gov.in/catalog/7th-minor-irrigation-census-village-schedule-ground-water-schemes-surface-water-schemes,Provisional state irrigation profile expanded to district for prototype use; not an official district-level observation.
23,Madhya Pradesh,419,Neemuch,Tube well,Groundwater,"Canal, tube well",PROVISIONAL_STATE_PROFILE,DISTRICT_ROW_WITH_STATE_PROFILE,MARUDAM_IRRIGATION_PROFILE_V1,2026,https://data.gov.in/catalog/7th-minor-irrigation-census-village-schedule-ground-water-schemes-surface-water-schemes,Provisional state irrigation profile expanded to district for prototype use; not an official district-level observation.
35,Andaman And Nicobar Islands,603,Nicobars,Mixed/Unknown,Unknown,Not specified,PROVISIONAL_STATE_PROFILE,DISTRICT_ROW_WITH_STATE_PROFILE,MARUDAM_IRRIGATION_PROFILE_V1,2026,https://data.gov.in/catalog/7th-minor-irrigation-census-village-schedule-ground-water-schemes-surface-water-schemes,Provisional state irrigation profile expanded to district for prototype use; not an official district-level observation.
36,Telangana,680,Nirmal,Borewell/Tube well,Groundwater,"Tank, canal",PROVISIONAL_STATE_PROFILE,DISTRICT_ROW_WITH_STATE_PROFILE,MARUDAM_IRRIGATION_PROFILE_V1,2026,https://data.gov.in/catalog/7th-minor-irrigation-census-village-schedule-ground-water-schemes-surface-water-schemes,Provisional state irrigation profile expanded to district for prototype use; not an official district-level observation.
23,Madhya Pradesh,722,Niwari,Tube well,Groundwater,"Canal, tube well",PROVISIONAL_STATE_PROFILE,DISTRICT_ROW_WITH_STATE_PROFILE,MARUDAM_IRRIGATION_PROFILE_V1,2026,https://data.gov.in/catalog/7th-minor-irrigation-census-village-schedule-ground-water-schemes-surface-water-schemes,Provisional state irrigation profile expanded to district for prototype use; not an official district-level observation.
36,Telangana,516,Nizamabad,Borewell/Tube well,Groundwater,"Tank, canal",PROVISIONAL_STATE_PROFILE,DISTRICT_ROW_WITH_STATE_PROFILE,MARUDAM_IRRIGATION_PROFILE_V1,2026,https://data.gov.in/catalog/7th-minor-irrigation-census-village-schedule-ground-water-schemes-surface-water-schemes,Provisional state irrigation profile expanded to district for prototype use; not an official district-level observation.
13,Nagaland,736,Noklak,Surface irrigation,Surface water,"Streams, springs",PROVISIONAL_STATE_PROFILE,DISTRICT_ROW_WITH_STATE_PROFILE,MARUDAM_IRRIGATION_PROFILE_V1,2026,https://data.gov.in/catalog/7th-minor-irrigation-census-village-schedule-ground-water-schemes-surface-water-schemes,Provisional state irrigation profile expanded to district for prototype use; not an official district-level observation.
30,Goa,551,North Goa,Well irrigation,Groundwater,"Wells, streams",PROVISIONAL_STATE_PROFILE,DISTRICT_ROW_WITH_STATE_PROFILE,MARUDAM_IRRIGATION_PROFILE_V1,2026,https://data.gov.in/catalog/7th-minor-irrigation-census-village-schedule-ground-water-schemes-surface-water-schemes,Provisional state irrigation profile expanded to district for prototype use; not an official district-level observation.
12,Arunachal Pradesh,723,Pakke Kessang,Surface irrigation,Surface water,"Streams, springs",PROVISIONAL_STATE_PROFILE,DISTRICT_ROW_WITH_STATE_PROFILE,MARUDAM_IRRIGATION_PROFILE_V1,2026,https://data.gov.in/catalog/7th-minor-irrigation-census-village-schedule-ground-water-schemes-surface-water-schemes,Provisional state irrigation profile expanded to district for prototype use; not an official district-level observation.
20,Jharkhand,337,Pakur,Well/Tube well,Groundwater,"Ponds, wells, tube wells",PROVISIONAL_STATE_PROFILE,DISTRICT_ROW_WITH_STATE_PROFILE,MARUDAM_IRRIGATION_PROFILE_V1,2026,https://data.gov.in/catalog/7th-minor-irrigation-census-village-schedule-ground-water-schemes-surface-water-schemes,Provisional state irrigation profile expanded to district for prototype use; not an official district-level observation.
23,Madhya Pradesh,785,Pandhurna,Tube well,Groundwater,"Canal, tube well",PROVISIONAL_STATE_PROFILE,DISTRICT_ROW_WITH_STATE_PROFILE,MARUDAM_IRRIGATION_PROFILE_V1,2026,https://data.gov.in/catalog/7th-minor-irrigation-census-village-schedule-ground-water-schemes-surface-water-schemes,Provisional state irrigation profile expanded to district for prototype use; not an official district-level observation.
27,Maharashtra,489,Parbhani,Borewell/Tube well,Groundwater,"Canal, tank",PROVISIONAL_STATE_PROFILE,DISTRICT_ROW_WITH_STATE_PROFILE,MARUDAM_IRRIGATION_PROFILE_V1,2026,https://data.gov.in/catalog/7th-minor-irrigation-census-village-schedule-ground-water-schemes-surface-water-schemes,Provisional state irrigation profile expanded to district for prototype use; not an official district-level observation.
19,West Bengal,704,Paschim Bardhaman,Tube well/Surface irrigation,Mixed,"Tube well, canal",PROVISIONAL_STATE_PROFILE,DISTRICT_ROW_WITH_STATE_PROFILE,MARUDAM_IRRIGATION_PROFILE_V1,2026,https://data.gov.in/catalog/7th-minor-irrigation-census-village-schedule-ground-water-schemes-surface-water-schemes,Provisional state irrigation profile expanded to district for prototype use; not an official district-level observation.
19,West Bengal,318,Paschim Medinipur,Tube well/Surface irrigation,Mixed,"Tube well, canal",PROVISIONAL_STATE_PROFILE,DISTRICT_ROW_WITH_STATE_PROFILE,MARUDAM_IRRIGATION_PROFILE_V1,2026,https://data.gov.in/catalog/7th-minor-irrigation-census-village-schedule-ground-water-schemes-surface-water-schemes,Provisional state irrigation profile expanded to district for prototype use; not an official district-level observation.
3,Punjab,41,Patiala,Canal/Tube well,Mixed,"Canal, tube well",PROVISIONAL_STATE_PROFILE,DISTRICT_ROW_WITH_STATE_PROFILE,MARUDAM_IRRIGATION_PROFILE_V1,2026,https://data.gov.in/catalog/7th-minor-irrigation-census-village-schedule-ground-water-schemes-surface-water-schemes,Provisional state irrigation profile expanded to district for prototype use; not an official district-level observation.
10,Bihar,212,Patna,Tube well,Groundwater,"Canal, tube well",PROVISIONAL_STATE_PROFILE,DISTRICT_ROW_WITH_STATE_PROFILE,MARUDAM_IRRIGATION_PROFILE_V1,2026,https://data.gov.in/catalog/7th-minor-irrigation-census-village-schedule-ground-water-schemes-surface-water-schemes,Provisional state irrigation profile expanded to district for prototype use; not an official district-level observation.
36,Telangana,682,Peddapalli,Borewell/Tube well,Groundwater,"Tank, canal",PROVISIONAL_STATE_PROFILE,DISTRICT_ROW_WITH_STATE_PROFILE,MARUDAM_IRRIGATION_PROFILE_V1,2026,https://data.gov.in/catalog/7th-minor-irrigation-census-village-schedule-ground-water-schemes-surface-water-schemes,Provisional state irrigation profile expanded to district for prototype use; not an official district-level observation.
1,Jammu And Kashmir,10,Poonch,Mixed/Unknown,Unknown,Not specified,PROVISIONAL_STATE_PROFILE,DISTRICT_ROW_WITH_STATE_PROFILE,MARUDAM_IRRIGATION_PROFILE_V1,2026,https://data.gov.in/catalog/7th-minor-irrigation-census-village-schedule-ground-water-schemes-surface-water-schemes,Provisional state irrigation profile expanded to district for prototype use; not an official district-level observation.
9,Uttar Pradesh,174,Pratapgarh,Tube well,Groundwater,"Canal, tube well",PROVISIONAL_STATE_PROFILE,DISTRICT_ROW_WITH_STATE_PROFILE,MARUDAM_IRRIGATION_PROFILE_V1,2026,https://data.gov.in/catalog/7th-minor-irrigation-census-village-schedule-ground-water-schemes-surface-water-schemes,Provisional state irrigation profile expanded to district for prototype use; not an official district-level observation.
34,Puducherry,600,Puducherry,Tube well/Canal,Mixed,"Tube well, canal, tank",PROVISIONAL_STATE_PROFILE,DISTRICT_ROW_WITH_STATE_PROFILE,MARUDAM_IRRIGATION_PROFILE_V1,2026,https://data.gov.in/catalog/7th-minor-irrigation-census-village-schedule-ground-water-schemes-surface-water-schemes,Provisional state irrigation profile expanded to district for prototype use; not an official district-level observation.
1,Jammu And Kashmir,11,Pulwama,Mixed/Unknown,Unknown,Not specified,PROVISIONAL_STATE_PROFILE,DISTRICT_ROW_WITH_STATE_PROFILE,MARUDAM_IRRIGATION_PROFILE_V1,2026,https://data.gov.in/catalog/7th-minor-irrigation-census-village-schedule-ground-water-schemes-surface-water-schemes,Provisional state irrigation profile expanded to district for prototype use; not an official district-level observation.
27,Maharashtra,490,Pune,Borewell/Tube well,Groundwater,"Canal, tank",PROVISIONAL_STATE_PROFILE,DISTRICT_ROW_WITH_STATE_PROFILE,MARUDAM_IRRIGATION_PROFILE_V1,2026,https://data.gov.in/catalog/7th-minor-irrigation-census-village-schedule-ground-water-schemes-surface-water-schemes,Provisional state irrigation profile expanded to district for prototype use; not an official district-level observation.
27,Maharashtra,491,Raigad,Borewell/Tube well,Groundwater,"Canal, tank",PROVISIONAL_STATE_PROFILE,DISTRICT_ROW_WITH_STATE_PROFILE,MARUDAM_IRRIGATION_PROFILE_V1,2026,https://data.gov.in/catalog/7th-minor-irrigation-census-village-schedule-ground-water-schemes-surface-water-schemes,Provisional state irrigation profile expanded to district for prototype use; not an official district-level observation.
22,Chhattisgarh,386,Raigarh,Canal/Surface irrigation,Surface water,"Canal, tank, groundwater",PROVISIONAL_STATE_PROFILE,DISTRICT_ROW_WITH_STATE_PROFILE,MARUDAM_IRRIGATION_PROFILE_V1,2026,https://data.gov.in/catalog/7th-minor-irrigation-census-village-schedule-ground-water-schemes-surface-water-schemes,Provisional state irrigation profile expanded to district for prototype use; not an official district-level observation.
22,Chhattisgarh,387,Raipur,Canal/Surface irrigation,Surface water,"Canal, tank, groundwater",PROVISIONAL_STATE_PROFILE,DISTRICT_ROW_WITH_STATE_PROFILE,MARUDAM_IRRIGATION_PROFILE_V1,2026,https://data.gov.in/catalog/7th-minor-irrigation-census-village-schedule-ground-water-schemes-surface-water-schemes,Provisional state irrigation profile expanded to district for prototype use; not an official district-level observation.
23,Madhya Pradesh,422,Rajgarh,Tube well,Groundwater,"Canal, tube well",PROVISIONAL_STATE_PROFILE,DISTRICT_ROW_WITH_STATE_PROFILE,MARUDAM_IRRIGATION_PROFILE_V1,2026,https://data.gov.in/catalog/7th-minor-irrigation-census-village-schedule-ground-water-schemes-surface-water-schemes,Provisional state irrigation profile expanded to district for prototype use; not an official district-level observation.
1,Jammu And Kashmir,12,Rajouri,Mixed/Unknown,Unknown,Not specified,PROVISIONAL_STATE_PROFILE,DISTRICT_ROW_WITH_STATE_PROFILE,MARUDAM_IRRIGATION_PROFILE_V1,2026,https://data.gov.in/catalog/7th-minor-irrigation-census-village-schedule-ground-water-schemes-surface-water-schemes,Provisional state irrigation profile expanded to district for prototype use; not an official district-level observation.
5,Uttarakhand,54,Rudra Prayag,Surface irrigation,Surface water,"Canal, spring, stream",PROVISIONAL_STATE_PROFILE,DISTRICT_ROW_WITH_STATE_PROFILE,MARUDAM_IRRIGATION_PROFILE_V1,2026,https://data.gov.in/catalog/7th-minor-irrigation-census-village-schedule-ground-water-schemes-surface-water-schemes,Provisional state irrigation profile expanded to district for prototype use; not an official district-level observation.
24,Gujarat,458,Sabar Kantha,Tube well,Groundwater,"Canal, tube well",PROVISIONAL_STATE_PROFILE,DISTRICT_ROW_WITH_STATE_PROFILE,MARUDAM_IRRIGATION_PROFILE_V1,2026,https://data.gov.in/catalog/7th-minor-irrigation-census-village-schedule-ground-water-schemes-surface-water-schemes,Provisional state irrigation profile expanded to district for prototype use; not an official district-level observation.
9,Uttar Pradesh,177,Saharanpur,Tube well,Groundwater,"Canal, tube well",PROVISIONAL_STATE_PROFILE,DISTRICT_ROW_WITH_STATE_PROFILE,MARUDAM_IRRIGATION_PROFILE_V1,2026,https://data.gov.in/catalog/7th-minor-irrigation-census-village-schedule-ground-water-schemes-surface-water-schemes,Provisional state irrigation profile expanded to district for prototype use; not an official district-level observation.
15,Mizoram,727,Saitual,Surface irrigation,Surface water,"Streams, springs",PROVISIONAL_STATE_PROFILE,DISTRICT_ROW_WITH_STATE_PROFILE,MARUDAM_IRRIGATION_PROFILE_V1,2026,https://data.gov.in/catalog/7th-minor-irrigation-census-village-schedule-ground-water-schemes-surface-water-schemes,Provisional state irrigation profile expanded to district for prototype use; not an official district-level observation.
33,Tamil Nadu,584,Salem,Tube well/Surface irrigation,Mixed,"Canal, tank, borewell",PROVISIONAL_STATE_PROFILE,DISTRICT_ROW_WITH_STATE_PROFILE,MARUDAM_IRRIGATION_PROFILE_V1,2026,https://data.gov.in/catalog/7th-minor-irrigation-census-village-schedule-ground-water-schemes-surface-water-schemes,Provisional state irrigation profile expanded to district for prototype use; not an official district-level observation.
8,Rajasthan,777,Salumbar,Tube well,Groundwater,"Canal, tube well, tank",PROVISIONAL_STATE_PROFILE,DISTRICT_ROW_WITH_STATE_PROFILE,MARUDAM_IRRIGATION_PROFILE_V1,2026,https://data.gov.in/catalog/7th-minor-irrigation-census-village-schedule-ground-water-schemes-surface-water-schemes,Provisional state irrigation profile expanded to district for prototype use; not an official district-level observation.
9,Uttar Pradesh,659,Sambhal,Tube well,Groundwater,"Canal, tube well",PROVISIONAL_STATE_PROFILE,DISTRICT_ROW_WITH_STATE_PROFILE,MARUDAM_IRRIGATION_PROFILE_V1,2026,https://data.gov.in/catalog/7th-minor-irrigation-census-village-schedule-ground-water-schemes-surface-water-schemes,Provisional state irrigation profile expanded to district for prototype use; not an official district-level observation.
36,Telangana,691,Sangareddy,Borewell/Tube well,Groundwater,"Tank, canal",PROVISIONAL_STATE_PROFILE,DISTRICT_ROW_WITH_STATE_PROFILE,MARUDAM_IRRIGATION_PROFILE_V1,2026,https://data.gov.in/catalog/7th-minor-irrigation-census-village-schedule-ground-water-schemes-surface-water-schemes,Provisional state irrigation profile expanded to district for prototype use; not an official district-level observation.
10,Bihar,218,Saran,Tube well,Groundwater,"Canal, tube well",PROVISIONAL_STATE_PROFILE,DISTRICT_ROW_WITH_STATE_PROFILE,MARUDAM_IRRIGATION_PROFILE_V1,2026,https://data.gov.in/catalog/7th-minor-irrigation-census-village-schedule-ground-water-schemes-surface-water-schemes,Provisional state irrigation profile expanded to district for prototype use; not an official district-level observation.
22,Chhattisgarh,763,Sarangarh-Bilaigarh,Canal/Surface irrigation,Surface water,"Canal, tank, groundwater",PROVISIONAL_STATE_PROFILE,DISTRICT_ROW_WITH_STATE_PROFILE,MARUDAM_IRRIGATION_PROFILE_V1,2026,https://data.gov.in/catalog/7th-minor-irrigation-census-village-schedule-ground-water-schemes-surface-water-schemes,Provisional state irrigation profile expanded to district for prototype use; not an official district-level observation.
23,Madhya Pradesh,426,Satna,Tube well,Groundwater,"Canal, tube well",PROVISIONAL_STATE_PROFILE,DISTRICT_ROW_WITH_STATE_PROFILE,MARUDAM_IRRIGATION_PROFILE_V1,2026,https://data.gov.in/catalog/7th-minor-irrigation-census-village-schedule-ground-water-schemes-surface-water-schemes,Provisional state irrigation profile expanded to district for prototype use; not an official district-level observation.
7,Delhi,671,Shahdara,Tube well,Groundwater,"Tube well, canal",PROVISIONAL_STATE_PROFILE,DISTRICT_ROW_WITH_STATE_PROFILE,MARUDAM_IRRIGATION_PROFILE_V1,2026,https://data.gov.in/catalog/7th-minor-irrigation-census-village-schedule-ground-water-schemes-surface-water-schemes,Provisional state irrigation profile expanded to district for prototype use; not an official district-level observation.
13,Nagaland,765,Shamator,Surface irrigation,Surface water,"Streams, springs",PROVISIONAL_STATE_PROFILE,DISTRICT_ROW_WITH_STATE_PROFILE,MARUDAM_IRRIGATION_PROFILE_V1,2026,https://data.gov.in/catalog/7th-minor-irrigation-census-village-schedule-ground-water-schemes-surface-water-schemes,Provisional state irrigation profile expanded to district for prototype use; not an official district-level observation.
9,Uttar Pradesh,660,Shamli,Tube well,Groundwater,"Canal, tube well",PROVISIONAL_STATE_PROFILE,DISTRICT_ROW_WITH_STATE_PROFILE,MARUDAM_IRRIGATION_PROFILE_V1,2026,https://data.gov.in/catalog/7th-minor-irrigation-census-village-schedule-ground-water-schemes-surface-water-schemes,Provisional state irrigation profile expanded to district for prototype use; not an official district-level observation.
2,Himachal Pradesh,23,Shimla,Surface irrigation,Surface water,"Kuhl/stream, spring",PROVISIONAL_STATE_PROFILE,DISTRICT_ROW_WITH_STATE_PROFILE,MARUDAM_IRRIGATION_PROFILE_V1,2026,https://data.gov.in/catalog/7th-minor-irrigation-census-village-schedule-ground-water-schemes-surface-water-schemes,Provisional state irrigation profile expanded to district for prototype use; not an official district-level observation.
29,Karnataka,547,Shivamogga,Borewell/Tube well,Groundwater,"Canal, tank",PROVISIONAL_STATE_PROFILE,DISTRICT_ROW_WITH_STATE_PROFILE,MARUDAM_IRRIGATION_PROFILE_V1,2026,https://data.gov.in/catalog/7th-minor-irrigation-census-village-schedule-ground-water-schemes-surface-water-schemes,Provisional state irrigation profile expanded to district for prototype use; not an official district-level observation.
12,Arunachal Pradesh,725,Shi Yomi,Surface irrigation,Surface water,"Streams, springs",PROVISIONAL_STATE_PROFILE,DISTRICT_ROW_WITH_STATE_PROFILE,MARUDAM_IRRIGATION_PROFILE_V1,2026,https://data.gov.in/catalog/7th-minor-irrigation-census-village-schedule-ground-water-schemes-surface-water-schemes,Provisional state irrigation profile expanded to district for prototype use; not an official district-level observation.
15,Mizoram,267,Siaha,Surface irrigation,Surface water,"Streams, springs",PROVISIONAL_STATE_PROFILE,DISTRICT_ROW_WITH_STATE_PROFILE,MARUDAM_IRRIGATION_PROFILE_V1,2026,https://data.gov.in/catalog/7th-minor-irrigation-census-village-schedule-ground-water-schemes-surface-water-schemes,Provisional state irrigation profile expanded to district for prototype use; not an official district-level observation.
10,Bihar,221,Sitamarhi,Tube well,Groundwater,"Canal, tube well",PROVISIONAL_STATE_PROFILE,DISTRICT_ROW_WITH_STATE_PROFILE,MARUDAM_IRRIGATION_PROFILE_V1,2026,https://data.gov.in/catalog/7th-minor-irrigation-census-village-schedule-ground-water-schemes-surface-water-schemes,Provisional state irrigation profile expanded to district for prototype use; not an official district-level observation.
6,Haryana,75,Sonipat,Tube well,Groundwater,"Canal, tube well",PROVISIONAL_STATE_PROFILE,DISTRICT_ROW_WITH_STATE_PROFILE,MARUDAM_IRRIGATION_PROFILE_V1,2026,https://data.gov.in/catalog/7th-minor-irrigation-census-village-schedule-ground-water-schemes-surface-water-schemes,Provisional state irrigation profile expanded to district for prototype use; not an official district-level observation.
35,Andaman And Nicobar Islands,602,South Andamans,Mixed/Unknown,Unknown,Not specified,PROVISIONAL_STATE_PROFILE,DISTRICT_ROW_WITH_STATE_PROFILE,MARUDAM_IRRIGATION_PROFILE_V1,2026,https://data.gov.in/catalog/7th-minor-irrigation-census-village-schedule-ground-water-schemes-surface-water-schemes,Provisional state irrigation profile expanded to district for prototype use; not an official district-level observation.
17,Meghalaya,277,South Garo Hills,Surface irrigation,Surface water,"Streams, springs",PROVISIONAL_STATE_PROFILE,DISTRICT_ROW_WITH_STATE_PROFILE,MARUDAM_IRRIGATION_PROFILE_V1,2026,https://data.gov.in/catalog/7th-minor-irrigation-census-village-schedule-ground-water-schemes-surface-water-schemes,Provisional state irrigation profile expanded to district for prototype use; not an official district-level observation.
17,Meghalaya,658,South West Khasi Hills,Surface irrigation,Surface water,"Streams, springs",PROVISIONAL_STATE_PROFILE,DISTRICT_ROW_WITH_STATE_PROFILE,MARUDAM_IRRIGATION_PROFILE_V1,2026,https://data.gov.in/catalog/7th-minor-irrigation-census-village-schedule-ground-water-schemes-surface-water-schemes,Provisional state irrigation profile expanded to district for prototype use; not an official district-level observation.
3,Punjab,39,Sri Muktsar Sahib,Canal/Tube well,Mixed,"Canal, tube well",PROVISIONAL_STATE_PROFILE,DISTRICT_ROW_WITH_STATE_PROFILE,MARUDAM_IRRIGATION_PROFILE_V1,2026,https://data.gov.in/catalog/7th-minor-irrigation-census-village-schedule-ground-water-schemes-surface-water-schemes,Provisional state irrigation profile expanded to district for prototype use; not an official district-level observation.
1,Jammu And Kashmir,13,Srinagar,Mixed/Unknown,Unknown,Not specified,PROVISIONAL_STATE_PROFILE,DISTRICT_ROW_WITH_STATE_PROFILE,MARUDAM_IRRIGATION_PROFILE_V1,2026,https://data.gov.in/catalog/7th-minor-irrigation-census-village-schedule-ground-water-schemes-surface-water-schemes,Provisional state irrigation profile expanded to district for prototype use; not an official district-level observation.
28,Andhra Pradesh,515,Sri Potti Sriramulu Nellore,Borewell/Tube well,Groundwater,"Canal, Tank",PROVISIONAL_STATE_PROFILE,DISTRICT_ROW_WITH_STATE_PROFILE,MARUDAM_IRRIGATION_PROFILE_V1,2026,https://data.gov.in/catalog/7th-minor-irrigation-census-village-schedule-ground-water-schemes-surface-water-schemes,Provisional state irrigation profile expanded to district for prototype use; not an official district-level observation.
28,Andhra Pradesh,754,Sri Sathya Sai,Borewell/Tube well,Groundwater,"Canal, Tank",PROVISIONAL_STATE_PROFILE,DISTRICT_ROW_WITH_STATE_PROFILE,MARUDAM_IRRIGATION_PROFILE_V1,2026,https://data.gov.in/catalog/7th-minor-irrigation-census-village-schedule-ground-water-schemes-surface-water-schemes,Provisional state irrigation profile expanded to district for prototype use; not an official district-level observation.
24,Gujarat,641,Tapi,Tube well,Groundwater,"Canal, tube well",PROVISIONAL_STATE_PROFILE,DISTRICT_ROW_WITH_STATE_PROFILE,MARUDAM_IRRIGATION_PROFILE_V1,2026,https://data.gov.in/catalog/7th-minor-irrigation-census-village-schedule-ground-water-schemes-surface-water-schemes,Provisional state irrigation profile expanded to district for prototype use; not an official district-level observation.
33,Tamil Nadu,589,Thiruvallur,Tube well/Surface irrigation,Mixed,"Canal, tank, borewell",PROVISIONAL_STATE_PROFILE,DISTRICT_ROW_WITH_STATE_PROFILE,MARUDAM_IRRIGATION_PROFILE_V1,2026,https://data.gov.in/catalog/7th-minor-irrigation-census-village-schedule-ground-water-schemes-surface-water-schemes,Provisional state irrigation profile expanded to district for prototype use; not an official district-level observation.
14,Manipur,259,Thoubal,Surface irrigation,Surface water,"Streams, ponds",PROVISIONAL_STATE_PROFILE,DISTRICT_ROW_WITH_STATE_PROFILE,MARUDAM_IRRIGATION_PROFILE_V1,2026,https://data.gov.in/catalog/7th-minor-irrigation-census-village-schedule-ground-water-schemes-surface-water-schemes,Provisional state irrigation profile expanded to district for prototype use; not an official district-level observation.
33,Tamil Nadu,592,Tirunelveli,Tube well/Surface irrigation,Mixed,"Canal, tank, borewell",PROVISIONAL_STATE_PROFILE,DISTRICT_ROW_WITH_STATE_PROFILE,MARUDAM_IRRIGATION_PROFILE_V1,2026,https://data.gov.in/catalog/7th-minor-irrigation-census-village-schedule-ground-water-schemes-surface-water-schemes,Provisional state irrigation profile expanded to district for prototype use; not an official district-level observation.
13,Nagaland,757,Tseminyu,Surface irrigation,Surface water,"Streams, springs",PROVISIONAL_STATE_PROFILE,DISTRICT_ROW_WITH_STATE_PROFILE,MARUDAM_IRRIGATION_PROFILE_V1,2026,https://data.gov.in/catalog/7th-minor-irrigation-census-village-schedule-ground-water-schemes-surface-water-schemes,Provisional state irrigation profile expanded to district for prototype use; not an official district-level observation.
29,Karnataka,548,Tumakuru,Borewell/Tube well,Groundwater,"Canal, tank",PROVISIONAL_STATE_PROFILE,DISTRICT_ROW_WITH_STATE_PROFILE,MARUDAM_IRRIGATION_PROFILE_V1,2026,https://data.gov.in/catalog/7th-minor-irrigation-census-village-schedule-ground-water-schemes-surface-water-schemes,Provisional state irrigation profile expanded to district for prototype use; not an official district-level observation.
23,Madhya Pradesh,436,Umaria,Tube well,Groundwater,"Canal, tube well",PROVISIONAL_STATE_PROFILE,DISTRICT_ROW_WITH_STATE_PROFILE,MARUDAM_IRRIGATION_PROFILE_V1,2026,https://data.gov.in/catalog/7th-minor-irrigation-census-village-schedule-ground-water-schemes-surface-water-schemes,Provisional state irrigation profile expanded to district for prototype use; not an official district-level observation.
24,Gujarat,461,Vadodara,Tube well,Groundwater,"Canal, tube well",PROVISIONAL_STATE_PROFILE,DISTRICT_ROW_WITH_STATE_PROFILE,MARUDAM_IRRIGATION_PROFILE_V1,2026,https://data.gov.in/catalog/7th-minor-irrigation-census-village-schedule-ground-water-schemes-surface-water-schemes,Provisional state irrigation profile expanded to district for prototype use; not an official district-level observation.
10,Bihar,224,Vaishali,Tube well,Groundwater,"Canal, tube well",PROVISIONAL_STATE_PROFILE,DISTRICT_ROW_WITH_STATE_PROFILE,MARUDAM_IRRIGATION_PROFILE_V1,2026,https://data.gov.in/catalog/7th-minor-irrigation-census-village-schedule-ground-water-schemes-surface-water-schemes,Provisional state irrigation profile expanded to district for prototype use; not an official district-level observation.
24,Gujarat,462,Valsad,Tube well,Groundwater,"Canal, tube well",PROVISIONAL_STATE_PROFILE,DISTRICT_ROW_WITH_STATE_PROFILE,MARUDAM_IRRIGATION_PROFILE_V1,2026,https://data.gov.in/catalog/7th-minor-irrigation-census-village-schedule-ground-water-schemes-surface-water-schemes,Provisional state irrigation profile expanded to district for prototype use; not an official district-level observation.
33,Tamil Nadu,596,Viluppuram,Tube well/Surface irrigation,Mixed,"Canal, tank, borewell",PROVISIONAL_STATE_PROFILE,DISTRICT_ROW_WITH_STATE_PROFILE,MARUDAM_IRRIGATION_PROFILE_V1,2026,https://data.gov.in/catalog/7th-minor-irrigation-census-village-schedule-ground-water-schemes-surface-water-schemes,Provisional state irrigation profile expanded to district for prototype use; not an official district-level observation.
28,Andhra Pradesh,520,Visakhapatnam,Borewell/Tube well,Groundwater,"Canal, Tank",PROVISIONAL_STATE_PROFILE,DISTRICT_ROW_WITH_STATE_PROFILE,MARUDAM_IRRIGATION_PROFILE_V1,2026,https://data.gov.in/catalog/7th-minor-irrigation-census-village-schedule-ground-water-schemes-surface-water-schemes,Provisional state irrigation profile expanded to district for prototype use; not an official district-level observation.
28,Andhra Pradesh,521,Vizianagaram,Borewell/Tube well,Groundwater,"Canal, Tank",PROVISIONAL_STATE_PROFILE,DISTRICT_ROW_WITH_STATE_PROFILE,MARUDAM_IRRIGATION_PROFILE_V1,2026,https://data.gov.in/catalog/7th-minor-irrigation-census-village-schedule-ground-water-schemes-surface-water-schemes,Provisional state irrigation profile expanded to district for prototype use; not an official district-level observation.
7,Delhi,85,West,Tube well,Groundwater,"Tube well, canal",PROVISIONAL_STATE_PROFILE,DISTRICT_ROW_WITH_STATE_PROFILE,MARUDAM_IRRIGATION_PROFILE_V1,2026,https://data.gov.in/catalog/7th-minor-irrigation-census-village-schedule-ground-water-schemes-surface-water-schemes,Provisional state irrigation profile expanded to district for prototype use; not an official district-level observation.
24,Gujarat,440,Anand,Tube well,Groundwater,"Canal, tube well",PROVISIONAL_STATE_PROFILE,DISTRICT_ROW_WITH_STATE_PROFILE,MARUDAM_IRRIGATION_PROFILE_V1,2026,https://data.gov.in/catalog/7th-minor-irrigation-census-village-schedule-ground-water-schemes-surface-water-schemes,Provisional state irrigation profile expanded to district for prototype use; not an official district-level observation.
28,Andhra Pradesh,502,Ananthapuramu,Borewell/Tube well,Groundwater,"Canal, Tank",PROVISIONAL_STATE_PROFILE,DISTRICT_ROW_WITH_STATE_PROFILE,MARUDAM_IRRIGATION_PROFILE_V1,2026,https://data.gov.in/catalog/7th-minor-irrigation-census-village-schedule-ground-water-schemes-surface-water-schemes,Provisional state irrigation profile expanded to district for prototype use; not an official district-level observation.
21,Odisha,344,Anugul,Canal/Surface irrigation,Surface water,"Canal, tank, groundwater",PROVISIONAL_STATE_PROFILE,DISTRICT_ROW_WITH_STATE_PROFILE,MARUDAM_IRRIGATION_PROFILE_V1,2026,https://data.gov.in/catalog/7th-minor-irrigation-census-village-schedule-ground-water-schemes-surface-water-schemes,Provisional state irrigation profile expanded to district for prototype use; not an official district-level observation.
23,Madhya Pradesh,390,Anuppur,Tube well,Groundwater,"Canal, tube well",PROVISIONAL_STATE_PROFILE,DISTRICT_ROW_WITH_STATE_PROFILE,MARUDAM_IRRIGATION_PROFILE_V1,2026,https://data.gov.in/catalog/7th-minor-irrigation-census-village-schedule-ground-water-schemes-surface-water-schemes,Provisional state irrigation profile expanded to district for prototype use; not an official district-level observation.
10,Bihar,188,Araria,Tube well,Groundwater,"Canal, tube well",PROVISIONAL_STATE_PROFILE,DISTRICT_ROW_WITH_STATE_PROFILE,MARUDAM_IRRIGATION_PROFILE_V1,2026,https://data.gov.in/catalog/7th-minor-irrigation-census-village-schedule-ground-water-schemes-surface-water-schemes,Provisional state irrigation profile expanded to district for prototype use; not an official district-level observation.
33,Tamil Nadu,610,Ariyalur,Tube well/Surface irrigation,Mixed,"Canal, tank, borewell",PROVISIONAL_STATE_PROFILE,DISTRICT_ROW_WITH_STATE_PROFILE,MARUDAM_IRRIGATION_PROFILE_V1,2026,https://data.gov.in/catalog/7th-minor-irrigation-census-village-schedule-ground-water-schemes-surface-water-schemes,Provisional state irrigation profile expanded to district for prototype use; not an official district-level observation.
23,Madhya Pradesh,391,Ashoknagar,Tube well,Groundwater,"Canal, tube well",PROVISIONAL_STATE_PROFILE,DISTRICT_ROW_WITH_STATE_PROFILE,MARUDAM_IRRIGATION_PROFILE_V1,2026,https://data.gov.in/catalog/7th-minor-irrigation-census-village-schedule-ground-water-schemes-surface-water-schemes,Provisional state irrigation profile expanded to district for prototype use; not an official district-level observation.
9,Uttar Pradesh,124,Baghpat,Tube well,Groundwater,"Canal, tube well",PROVISIONAL_STATE_PROFILE,DISTRICT_ROW_WITH_STATE_PROFILE,MARUDAM_IRRIGATION_PROFILE_V1,2026,https://data.gov.in/catalog/7th-minor-irrigation-census-village-schedule-ground-water-schemes-surface-water-schemes,Provisional state irrigation profile expanded to district for prototype use; not an official district-level observation.
23,Madhya Pradesh,392,Balaghat,Tube well,Groundwater,"Canal, tube well",PROVISIONAL_STATE_PROFILE,DISTRICT_ROW_WITH_STATE_PROFILE,MARUDAM_IRRIGATION_PROFILE_V1,2026,https://data.gov.in/catalog/7th-minor-irrigation-census-village-schedule-ground-water-schemes-surface-water-schemes,Provisional state irrigation profile expanded to district for prototype use; not an official district-level observation.
8,Rajasthan,775,Balotra,Tube well,Groundwater,"Canal, tube well, tank",PROVISIONAL_STATE_PROFILE,DISTRICT_ROW_WITH_STATE_PROFILE,MARUDAM_IRRIGATION_PROFILE_V1,2026,https://data.gov.in/catalog/7th-minor-irrigation-census-village-schedule-ground-water-schemes-surface-water-schemes,Provisional state irrigation profile expanded to district for prototype use; not an official district-level observation.
24,Gujarat,441,Banas Kantha,Tube well,Groundwater,"Canal, tube well",PROVISIONAL_STATE_PROFILE,DISTRICT_ROW_WITH_STATE_PROFILE,MARUDAM_IRRIGATION_PROFILE_V1,2026,https://data.gov.in/catalog/7th-minor-irrigation-census-village-schedule-ground-water-schemes-surface-water-schemes,Provisional state irrigation profile expanded to district for prototype use; not an official district-level observation.
8,Rajasthan,88,Banswara,Tube well,Groundwater,"Canal, tube well, tank",PROVISIONAL_STATE_PROFILE,DISTRICT_ROW_WITH_STATE_PROFILE,MARUDAM_IRRIGATION_PROFILE_V1,2026,https://data.gov.in/catalog/7th-minor-irrigation-census-village-schedule-ground-water-schemes-surface-water-schemes,Provisional state irrigation profile expanded to district for prototype use; not an official district-level observation.
8,Rajasthan,89,Baran,Tube well,Groundwater,"Canal, tube well, tank",PROVISIONAL_STATE_PROFILE,DISTRICT_ROW_WITH_STATE_PROFILE,MARUDAM_IRRIGATION_PROFILE_V1,2026,https://data.gov.in/catalog/7th-minor-irrigation-census-village-schedule-ground-water-schemes-surface-water-schemes,Provisional state irrigation profile expanded to district for prototype use; not an official district-level observation.
21,Odisha,347,Bargarh,Canal/Surface irrigation,Surface water,"Canal, tank, groundwater",PROVISIONAL_STATE_PROFILE,DISTRICT_ROW_WITH_STATE_PROFILE,MARUDAM_IRRIGATION_PROFILE_V1,2026,https://data.gov.in/catalog/7th-minor-irrigation-census-village-schedule-ground-water-schemes-surface-water-schemes,Provisional state irrigation profile expanded to district for prototype use; not an official district-level observation.
9,Uttar Pradesh,131,Basti,Tube well,Groundwater,"Canal, tube well",PROVISIONAL_STATE_PROFILE,DISTRICT_ROW_WITH_STATE_PROFILE,MARUDAM_IRRIGATION_PROFILE_V1,2026,https://data.gov.in/catalog/7th-minor-irrigation-census-village-schedule-ground-water-schemes-surface-water-schemes,Provisional state irrigation profile expanded to district for prototype use; not an official district-level observation.
8,Rajasthan,774,Beawar,Tube well,Groundwater,"Canal, tube well, tank",PROVISIONAL_STATE_PROFILE,DISTRICT_ROW_WITH_STATE_PROFILE,MARUDAM_IRRIGATION_PROFILE_V1,2026,https://data.gov.in/catalog/7th-minor-irrigation-census-village-schedule-ground-water-schemes-surface-water-schemes,Provisional state irrigation profile expanded to district for prototype use; not an official district-level observation.
29,Karnataka,526,Bengaluru Rural,Borewell/Tube well,Groundwater,"Canal, tank",PROVISIONAL_STATE_PROFILE,DISTRICT_ROW_WITH_STATE_PROFILE,MARUDAM_IRRIGATION_PROFILE_V1,2026,https://data.gov.in/catalog/7th-minor-irrigation-census-village-schedule-ground-water-schemes-surface-water-schemes,Provisional state irrigation profile expanded to district for prototype use; not an official district-level observation.
24,Gujarat,442,Bharuch,Tube well,Groundwater,"Canal, tube well",PROVISIONAL_STATE_PROFILE,DISTRICT_ROW_WITH_STATE_PROFILE,MARUDAM_IRRIGATION_PROFILE_V1,2026,https://data.gov.in/catalog/7th-minor-irrigation-census-village-schedule-ground-water-schemes-surface-water-schemes,Provisional state irrigation profile expanded to district for prototype use; not an official district-level observation.
23,Madhya Pradesh,396,Bhopal,Tube well,Groundwater,"Canal, tube well",PROVISIONAL_STATE_PROFILE,DISTRICT_ROW_WITH_STATE_PROFILE,MARUDAM_IRRIGATION_PROFILE_V1,2026,https://data.gov.in/catalog/7th-minor-irrigation-census-village-schedule-ground-water-schemes-surface-water-schemes,Provisional state irrigation profile expanded to district for prototype use; not an official district-level observation.
21,Odisha,349,Boudh,Canal/Surface irrigation,Surface water,"Canal, tank, groundwater",PROVISIONAL_STATE_PROFILE,DISTRICT_ROW_WITH_STATE_PROFILE,MARUDAM_IRRIGATION_PROFILE_V1,2026,https://data.gov.in/catalog/7th-minor-irrigation-census-village-schedule-ground-water-schemes-surface-water-schemes,Provisional state irrigation profile expanded to district for prototype use; not an official district-level observation.
27,Maharashtra,472,Buldhana,Borewell/Tube well,Groundwater,"Canal, tank",PROVISIONAL_STATE_PROFILE,DISTRICT_ROW_WITH_STATE_PROFILE,MARUDAM_IRRIGATION_PROFILE_V1,2026,https://data.gov.in/catalog/7th-minor-irrigation-census-village-schedule-ground-water-schemes-surface-water-schemes,Provisional state irrigation profile expanded to district for prototype use; not an official district-level observation.
23,Madhya Pradesh,397,Burhanpur,Tube well,Groundwater,"Canal, tube well",PROVISIONAL_STATE_PROFILE,DISTRICT_ROW_WITH_STATE_PROFILE,MARUDAM_IRRIGATION_PROFILE_V1,2026,https://data.gov.in/catalog/7th-minor-irrigation-census-village-schedule-ground-water-schemes-surface-water-schemes,Provisional state irrigation profile expanded to district for prototype use; not an official district-level observation.
12,Arunachal Pradesh,229,Changlang,Surface irrigation,Surface water,"Streams, springs",PROVISIONAL_STATE_PROFILE,DISTRICT_ROW_WITH_STATE_PROFILE,MARUDAM_IRRIGATION_PROFILE_V1,2026,https://data.gov.in/catalog/7th-minor-irrigation-census-village-schedule-ground-water-schemes-surface-water-schemes,Provisional state irrigation profile expanded to district for prototype use; not an official district-level observation.
20,Jharkhand,323,Chatra,Well/Tube well,Groundwater,"Ponds, wells, tube wells",PROVISIONAL_STATE_PROFILE,DISTRICT_ROW_WITH_STATE_PROFILE,MARUDAM_IRRIGATION_PROFILE_V1,2026,https://data.gov.in/catalog/7th-minor-irrigation-census-village-schedule-ground-water-schemes-surface-water-schemes,Provisional state irrigation profile expanded to district for prototype use; not an official district-level observation.
29,Karnataka,532,Chikkamagaluru,Borewell/Tube well,Groundwater,"Canal, tank",PROVISIONAL_STATE_PROFILE,DISTRICT_ROW_WITH_STATE_PROFILE,MARUDAM_IRRIGATION_PROFILE_V1,2026,https://data.gov.in/catalog/7th-minor-irrigation-census-village-schedule-ground-water-schemes-surface-water-schemes,Provisional state irrigation profile expanded to district for prototype use; not an official district-level observation.
29,Karnataka,533,Chitradurga,Borewell/Tube well,Groundwater,"Canal, tank",PROVISIONAL_STATE_PROFILE,DISTRICT_ROW_WITH_STATE_PROFILE,MARUDAM_IRRIGATION_PROFILE_V1,2026,https://data.gov.in/catalog/7th-minor-irrigation-census-village-schedule-ground-water-schemes-surface-water-schemes,Provisional state irrigation profile expanded to district for prototype use; not an official district-level observation.
8,Rajasthan,95,Chittorgarh,Tube well,Groundwater,"Canal, tube well, tank",PROVISIONAL_STATE_PROFILE,DISTRICT_ROW_WITH_STATE_PROFILE,MARUDAM_IRRIGATION_PROFILE_V1,2026,https://data.gov.in/catalog/7th-minor-irrigation-census-village-schedule-ground-water-schemes-surface-water-schemes,Provisional state irrigation profile expanded to district for prototype use; not an official district-level observation.
13,Nagaland,758,Chumoukedima,Surface irrigation,Surface water,"Streams, springs",PROVISIONAL_STATE_PROFILE,DISTRICT_ROW_WITH_STATE_PROFILE,MARUDAM_IRRIGATION_PROFILE_V1,2026,https://data.gov.in/catalog/7th-minor-irrigation-census-village-schedule-ground-water-schemes-surface-water-schemes,Provisional state irrigation profile expanded to district for prototype use; not an official district-level observation.
8,Rajasthan,96,Churu,Tube well,Groundwater,"Canal, tube well, tank",PROVISIONAL_STATE_PROFILE,DISTRICT_ROW_WITH_STATE_PROFILE,MARUDAM_IRRIGATION_PROFILE_V1,2026,https://data.gov.in/catalog/7th-minor-irrigation-census-village-schedule-ground-water-schemes-surface-water-schemes,Provisional state irrigation profile expanded to district for prototype use; not an official district-level observation.
19,West Bengal,308,Cooch Behar,Tube well/Surface irrigation,Mixed,"Tube well, canal",PROVISIONAL_STATE_PROFILE,DISTRICT_ROW_WITH_STATE_PROFILE,MARUDAM_IRRIGATION_PROFILE_V1,2026,https://data.gov.in/catalog/7th-minor-irrigation-census-village-schedule-ground-water-schemes-surface-water-schemes,Provisional state irrigation profile expanded to district for prototype use; not an official district-level observation.
38,The Dadra And Nagar Haveli And Daman And Diu,465,Dadra And Nagar Haveli,Mixed/Unknown,Unknown,Not specified,PROVISIONAL_STATE_PROFILE,DISTRICT_ROW_WITH_STATE_PROFILE,MARUDAM_IRRIGATION_PROFILE_V1,2026,https://data.gov.in/catalog/7th-minor-irrigation-census-village-schedule-ground-water-schemes-surface-water-schemes,Provisional state irrigation profile expanded to district for prototype use; not an official district-level observation.
20,Jharkhand,324,Deoghar,Well/Tube well,Groundwater,"Ponds, wells, tube wells",PROVISIONAL_STATE_PROFILE,DISTRICT_ROW_WITH_STATE_PROFILE,MARUDAM_IRRIGATION_PROFILE_V1,2026,https://data.gov.in/catalog/7th-minor-irrigation-census-village-schedule-ground-water-schemes-surface-water-schemes,Provisional state irrigation profile expanded to district for prototype use; not an official district-level observation.
24,Gujarat,674,Devbhumi Dwarka,Tube well,Groundwater,"Canal, tube well",PROVISIONAL_STATE_PROFILE,DISTRICT_ROW_WITH_STATE_PROFILE,MARUDAM_IRRIGATION_PROFILE_V1,2026,https://data.gov.in/catalog/7th-minor-irrigation-census-village-schedule-ground-water-schemes-surface-water-schemes,Provisional state irrigation profile expanded to district for prototype use; not an official district-level observation.
22,Chhattisgarh,377,Dhamtari,Canal/Surface irrigation,Surface water,"Canal, tank, groundwater",PROVISIONAL_STATE_PROFILE,DISTRICT_ROW_WITH_STATE_PROFILE,MARUDAM_IRRIGATION_PROFILE_V1,2026,https://data.gov.in/catalog/7th-minor-irrigation-census-village-schedule-ground-water-schemes-surface-water-schemes,Provisional state irrigation profile expanded to district for prototype use; not an official district-level observation.
18,Assam,299,Dima Hasao,Surface irrigation,Surface water,"Canal, river, shallow groundwater",PROVISIONAL_STATE_PROFILE,DISTRICT_ROW_WITH_STATE_PROFILE,MARUDAM_IRRIGATION_PROFILE_V1,2026,https://data.gov.in/catalog/7th-minor-irrigation-census-village-schedule-ground-water-schemes-surface-water-schemes,Provisional state irrigation profile expanded to district for prototype use; not an official district-level observation.
20,Jharkhand,326,Dumka,Well/Tube well,Groundwater,"Ponds, wells, tube wells",PROVISIONAL_STATE_PROFILE,DISTRICT_ROW_WITH_STATE_PROFILE,MARUDAM_IRRIGATION_PROFILE_V1,2026,https://data.gov.in/catalog/7th-minor-irrigation-census-village-schedule-ground-water-schemes-surface-water-schemes,Provisional state irrigation profile expanded to district for prototype use; not an official district-level observation.
7,Delhi,78,East,Tube well,Groundwater,"Tube well, canal",PROVISIONAL_STATE_PROFILE,DISTRICT_ROW_WITH_STATE_PROFILE,MARUDAM_IRRIGATION_PROFILE_V1,2026,https://data.gov.in/catalog/7th-minor-irrigation-census-village-schedule-ground-water-schemes-surface-water-schemes,Provisional state irrigation profile expanded to district for prototype use; not an official district-level observation.
17,Meghalaya,740,Eastern West Khasi Hills,Surface irrigation,Surface water,"Streams, springs",PROVISIONAL_STATE_PROFILE,DISTRICT_ROW_WITH_STATE_PROFILE,MARUDAM_IRRIGATION_PROFILE_V1,2026,https://data.gov.in/catalog/7th-minor-irrigation-census-village-schedule-ground-water-schemes-surface-water-schemes,Provisional state irrigation profile expanded to district for prototype use; not an official district-level observation.
28,Andhra Pradesh,505,East Godavari,Borewell/Tube well,Groundwater,"Canal, Tank",PROVISIONAL_STATE_PROFILE,DISTRICT_ROW_WITH_STATE_PROFILE,MARUDAM_IRRIGATION_PROFILE_V1,2026,https://data.gov.in/catalog/7th-minor-irrigation-census-village-schedule-ground-water-schemes-surface-water-schemes,Provisional state irrigation profile expanded to district for prototype use; not an official district-level observation.
17,Meghalaya,274,East Khasi Hills,Surface irrigation,Surface water,"Streams, springs",PROVISIONAL_STATE_PROFILE,DISTRICT_ROW_WITH_STATE_PROFILE,MARUDAM_IRRIGATION_PROFILE_V1,2026,https://data.gov.in/catalog/7th-minor-irrigation-census-village-schedule-ground-water-schemes-surface-water-schemes,Provisional state irrigation profile expanded to district for prototype use; not an official district-level observation.
20,Jharkhand,327,East Singhbum,Well/Tube well,Groundwater,"Ponds, wells, tube wells",PROVISIONAL_STATE_PROFILE,DISTRICT_ROW_WITH_STATE_PROFILE,MARUDAM_IRRIGATION_PROFILE_V1,2026,https://data.gov.in/catalog/7th-minor-irrigation-census-village-schedule-ground-water-schemes-surface-water-schemes,Provisional state irrigation profile expanded to district for prototype use; not an official district-level observation.
27,Maharashtra,475,Gadchiroli,Borewell/Tube well,Groundwater,"Canal, tank",PROVISIONAL_STATE_PROFILE,DISTRICT_ROW_WITH_STATE_PROFILE,MARUDAM_IRRIGATION_PROFILE_V1,2026,https://data.gov.in/catalog/7th-minor-irrigation-census-village-schedule-ground-water-schemes-surface-water-schemes,Provisional state irrigation profile expanded to district for prototype use; not an official district-level observation.
21,Odisha,353,Gajapati,Canal/Surface irrigation,Surface water,"Canal, tank, groundwater",PROVISIONAL_STATE_PROFILE,DISTRICT_ROW_WITH_STATE_PROFILE,MARUDAM_IRRIGATION_PROFILE_V1,2026,https://data.gov.in/catalog/7th-minor-irrigation-census-village-schedule-ground-water-schemes-surface-water-schemes,Provisional state irrigation profile expanded to district for prototype use; not an official district-level observation.
1,Jammu And Kashmir,626,Ganderbal,Mixed/Unknown,Unknown,Not specified,PROVISIONAL_STATE_PROFILE,DISTRICT_ROW_WITH_STATE_PROFILE,MARUDAM_IRRIGATION_PROFILE_V1,2026,https://data.gov.in/catalog/7th-minor-irrigation-census-village-schedule-ground-water-schemes-surface-water-schemes,Provisional state irrigation profile expanded to district for prototype use; not an official district-level observation.
22,Chhattisgarh,734,Gaurela-Pendra-Marwahi,Canal/Surface irrigation,Surface water,"Canal, tank, groundwater",PROVISIONAL_STATE_PROFILE,DISTRICT_ROW_WITH_STATE_PROFILE,MARUDAM_IRRIGATION_PROFILE_V1,2026,https://data.gov.in/catalog/7th-minor-irrigation-census-village-schedule-ground-water-schemes-surface-water-schemes,Provisional state irrigation profile expanded to district for prototype use; not an official district-level observation.
20,Jharkhand,329,Giridih,Well/Tube well,Groundwater,"Ponds, wells, tube wells",PROVISIONAL_STATE_PROFILE,DISTRICT_ROW_WITH_STATE_PROFILE,MARUDAM_IRRIGATION_PROFILE_V1,2026,https://data.gov.in/catalog/7th-minor-irrigation-census-village-schedule-ground-water-schemes-surface-water-schemes,Provisional state irrigation profile expanded to district for prototype use; not an official district-level observation.
24,Gujarat,675,Gir Somnath,Tube well,Groundwater,"Canal, tube well",PROVISIONAL_STATE_PROFILE,DISTRICT_ROW_WITH_STATE_PROFILE,MARUDAM_IRRIGATION_PROFILE_V1,2026,https://data.gov.in/catalog/7th-minor-irrigation-census-village-schedule-ground-water-schemes-surface-water-schemes,Provisional state irrigation profile expanded to district for prototype use; not an official district-level observation.
18,Assam,287,Goalpara,Surface irrigation,Surface water,"Canal, river, shallow groundwater",PROVISIONAL_STATE_PROFILE,DISTRICT_ROW_WITH_STATE_PROFILE,MARUDAM_IRRIGATION_PROFILE_V1,2026,https://data.gov.in/catalog/7th-minor-irrigation-census-village-schedule-ground-water-schemes-surface-water-schemes,Provisional state irrigation profile expanded to district for prototype use; not an official district-level observation.
27,Maharashtra,476,Gondia,Borewell/Tube well,Groundwater,"Canal, tank",PROVISIONAL_STATE_PROFILE,DISTRICT_ROW_WITH_STATE_PROFILE,MARUDAM_IRRIGATION_PROFILE_V1,2026,https://data.gov.in/catalog/7th-minor-irrigation-census-village-schedule-ground-water-schemes-surface-water-schemes,Provisional state irrigation profile expanded to district for prototype use; not an official district-level observation.
28,Andhra Pradesh,506,Guntur,Borewell/Tube well,Groundwater,"Canal, Tank",PROVISIONAL_STATE_PROFILE,DISTRICT_ROW_WITH_STATE_PROFILE,MARUDAM_IRRIGATION_PROFILE_V1,2026,https://data.gov.in/catalog/7th-minor-irrigation-census-village-schedule-ground-water-schemes-surface-water-schemes,Provisional state irrigation profile expanded to district for prototype use; not an official district-level observation.
18,Assam,709,Hojai,Surface irrigation,Surface water,"Canal, river, shallow groundwater",PROVISIONAL_STATE_PROFILE,DISTRICT_ROW_WITH_STATE_PROFILE,MARUDAM_IRRIGATION_PROFILE_V1,2026,https://data.gov.in/catalog/7th-minor-irrigation-census-village-schedule-ground-water-schemes-surface-water-schemes,Provisional state irrigation profile expanded to district for prototype use; not an official district-level observation.
19,West Bengal,312,Hooghly,Tube well/Surface irrigation,Mixed,"Tube well, canal",PROVISIONAL_STATE_PROFILE,DISTRICT_ROW_WITH_STATE_PROFILE,MARUDAM_IRRIGATION_PROFILE_V1,2026,https://data.gov.in/catalog/7th-minor-irrigation-census-village-schedule-ground-water-schemes-surface-water-schemes,Provisional state irrigation profile expanded to district for prototype use; not an official district-level observation.
3,Punjab,33,Hoshiarpur,Canal/Tube well,Mixed,"Canal, tube well",PROVISIONAL_STATE_PROFILE,DISTRICT_ROW_WITH_STATE_PROFILE,MARUDAM_IRRIGATION_PROFILE_V1,2026,https://data.gov.in/catalog/7th-minor-irrigation-census-village-schedule-ground-water-schemes-surface-water-schemes,Provisional state irrigation profile expanded to district for prototype use; not an official district-level observation.
19,West Bengal,313,Howrah,Tube well/Surface irrigation,Mixed,"Tube well, canal",PROVISIONAL_STATE_PROFILE,DISTRICT_ROW_WITH_STATE_PROFILE,MARUDAM_IRRIGATION_PROFILE_V1,2026,https://data.gov.in/catalog/7th-minor-irrigation-census-village-schedule-ground-water-schemes-surface-water-schemes,Provisional state irrigation profile expanded to district for prototype use; not an official district-level observation.
14,Manipur,256,Imphal West,Surface irrigation,Surface water,"Streams, ponds",PROVISIONAL_STATE_PROFILE,DISTRICT_ROW_WITH_STATE_PROFILE,MARUDAM_IRRIGATION_PROFILE_V1,2026,https://data.gov.in/catalog/7th-minor-irrigation-census-village-schedule-ground-water-schemes-surface-water-schemes,Provisional state irrigation profile expanded to district for prototype use; not an official district-level observation.
23,Madhya Pradesh,411,Jabalpur,Tube well,Groundwater,"Canal, tube well",PROVISIONAL_STATE_PROFILE,DISTRICT_ROW_WITH_STATE_PROFILE,MARUDAM_IRRIGATION_PROFILE_V1,2026,https://data.gov.in/catalog/7th-minor-irrigation-census-village-schedule-ground-water-schemes-surface-water-schemes,Provisional state irrigation profile expanded to district for prototype use; not an official district-level observation.
3,Punjab,34,Jalandhar,Canal/Tube well,Mixed,"Canal, tube well",PROVISIONAL_STATE_PROFILE,DISTRICT_ROW_WITH_STATE_PROFILE,MARUDAM_IRRIGATION_PROFILE_V1,2026,https://data.gov.in/catalog/7th-minor-irrigation-census-village-schedule-ground-water-schemes-surface-water-schemes,Provisional state irrigation profile expanded to district for prototype use; not an official district-level observation.
27,Maharashtra,478,Jalgaon,Borewell/Tube well,Groundwater,"Canal, tank",PROVISIONAL_STATE_PROFILE,DISTRICT_ROW_WITH_STATE_PROFILE,MARUDAM_IRRIGATION_PROFILE_V1,2026,https://data.gov.in/catalog/7th-minor-irrigation-census-village-schedule-ground-water-schemes-surface-water-schemes,Provisional state irrigation profile expanded to district for prototype use; not an official district-level observation.
1,Jammu And Kashmir,5,Jammu,Mixed/Unknown,Unknown,Not specified,PROVISIONAL_STATE_PROFILE,DISTRICT_ROW_WITH_STATE_PROFILE,MARUDAM_IRRIGATION_PROFILE_V1,2026,https://data.gov.in/catalog/7th-minor-irrigation-census-village-schedule-ground-water-schemes-surface-water-schemes,Provisional state irrigation profile expanded to district for prototype use; not an official district-level observation.
8,Rajasthan,106,Jhunjhunu,Tube well,Groundwater,"Canal, tube well, tank",PROVISIONAL_STATE_PROFILE,DISTRICT_ROW_WITH_STATE_PROFILE,MARUDAM_IRRIGATION_PROFILE_V1,2026,https://data.gov.in/catalog/7th-minor-irrigation-census-village-schedule-ground-water-schemes-surface-water-schemes,Provisional state irrigation profile expanded to district for prototype use; not an official district-level observation.
36,Telangana,695,Jogulamba Gadwal,Borewell/Tube well,Groundwater,"Tank, canal",PROVISIONAL_STATE_PROFILE,DISTRICT_ROW_WITH_STATE_PROFILE,MARUDAM_IRRIGATION_PROFILE_V1,2026,https://data.gov.in/catalog/7th-minor-irrigation-census-village-schedule-ground-water-schemes-surface-water-schemes,Provisional state irrigation profile expanded to district for prototype use; not an official district-level observation.
14,Manipur,711,Kakching,Surface irrigation,Surface water,"Streams, ponds",PROVISIONAL_STATE_PROFILE,DISTRICT_ROW_WITH_STATE_PROFILE,MARUDAM_IRRIGATION_PROFILE_V1,2026,https://data.gov.in/catalog/7th-minor-irrigation-census-village-schedule-ground-water-schemes-surface-water-schemes,Provisional state irrigation profile expanded to district for prototype use; not an official district-level observation.
29,Karnataka,538,Kalaburagi,Borewell/Tube well,Groundwater,"Canal, tank",PROVISIONAL_STATE_PROFILE,DISTRICT_ROW_WITH_STATE_PROFILE,MARUDAM_IRRIGATION_PROFILE_V1,2026,https://data.gov.in/catalog/7th-minor-irrigation-census-village-schedule-ground-water-schemes-surface-water-schemes,Provisional state irrigation profile expanded to district for prototype use; not an official district-level observation.
14,Manipur,717,Kamjong,Surface irrigation,Surface water,"Streams, ponds",PROVISIONAL_STATE_PROFILE,DISTRICT_ROW_WITH_STATE_PROFILE,MARUDAM_IRRIGATION_PROFILE_V1,2026,https://data.gov.in/catalog/7th-minor-irrigation-census-village-schedule-ground-water-schemes-surface-water-schemes,Provisional state irrigation profile expanded to district for prototype use; not an official district-level observation.
18,Assam,291,Kamrup,Surface irrigation,Surface water,"Canal, river, shallow groundwater",PROVISIONAL_STATE_PROFILE,DISTRICT_ROW_WITH_STATE_PROFILE,MARUDAM_IRRIGATION_PROFILE_V1,2026,https://data.gov.in/catalog/7th-minor-irrigation-census-village-schedule-ground-water-schemes-surface-water-schemes,Provisional state irrigation profile expanded to district for prototype use; not an official district-level observation.
14,Manipur,712,Kangpokpi,Surface irrigation,Surface water,"Streams, ponds",PROVISIONAL_STATE_PROFILE,DISTRICT_ROW_WITH_STATE_PROFILE,MARUDAM_IRRIGATION_PROFILE_V1,2026,https://data.gov.in/catalog/7th-minor-irrigation-census-village-schedule-ground-water-schemes-surface-water-schemes,Provisional state irrigation profile expanded to district for prototype use; not an official district-level observation.
18,Assam,292,Karbi Anglong,Surface irrigation,Surface water,"Canal, river, shallow groundwater",PROVISIONAL_STATE_PROFILE,DISTRICT_ROW_WITH_STATE_PROFILE,MARUDAM_IRRIGATION_PROFILE_V1,2026,https://data.gov.in/catalog/7th-minor-irrigation-census-village-schedule-ground-water-schemes-surface-water-schemes,Provisional state irrigation profile expanded to district for prototype use; not an official district-level observation.
32,Kerala,558,Kasaragod,Well irrigation,Groundwater,"Wells, streams",PROVISIONAL_STATE_PROFILE,DISTRICT_ROW_WITH_STATE_PROFILE,MARUDAM_IRRIGATION_PROFILE_V1,2026,https://data.gov.in/catalog/7th-minor-irrigation-census-village-schedule-ground-water-schemes-surface-water-schemes,Provisional state irrigation profile expanded to district for prototype use; not an official district-level observation.
36,Telangana,509,Khammam,Borewell/Tube well,Groundwater,"Tank, canal",PROVISIONAL_STATE_PROFILE,DISTRICT_ROW_WITH_STATE_PROFILE,MARUDAM_IRRIGATION_PROFILE_V1,2026,https://data.gov.in/catalog/7th-minor-irrigation-census-village-schedule-ground-water-schemes-surface-water-schemes,Provisional state irrigation profile expanded to district for prototype use; not an official district-level observation.
15,Mizoram,728,Khawzawl,Surface irrigation,Surface water,"Streams, springs",PROVISIONAL_STATE_PROFILE,DISTRICT_ROW_WITH_STATE_PROFILE,MARUDAM_IRRIGATION_PROFILE_V1,2026,https://data.gov.in/catalog/7th-minor-irrigation-census-village-schedule-ground-water-schemes-surface-water-schemes,Provisional state irrigation profile expanded to district for prototype use; not an official district-level observation.
21,Odisha,362,Khordha,Canal/Surface irrigation,Surface water,"Canal, tank, groundwater",PROVISIONAL_STATE_PROFILE,DISTRICT_ROW_WITH_STATE_PROFILE,MARUDAM_IRRIGATION_PROFILE_V1,2026,https://data.gov.in/catalog/7th-minor-irrigation-census-village-schedule-ground-water-schemes-surface-water-schemes,Provisional state irrigation profile expanded to district for prototype use; not an official district-level observation.
29,Karnataka,541,Kodagu,Borewell/Tube well,Groundwater,"Canal, tank",PROVISIONAL_STATE_PROFILE,DISTRICT_ROW_WITH_STATE_PROFILE,MARUDAM_IRRIGATION_PROFILE_V1,2026,https://data.gov.in/catalog/7th-minor-irrigation-census-village-schedule-ground-water-schemes-surface-water-schemes,Provisional state irrigation profile expanded to district for prototype use; not an official district-level observation.
21,Odisha,363,Koraput,Canal/Surface irrigation,Surface water,"Canal, tank, groundwater",PROVISIONAL_STATE_PROFILE,DISTRICT_ROW_WITH_STATE_PROFILE,MARUDAM_IRRIGATION_PROFILE_V1,2026,https://data.gov.in/catalog/7th-minor-irrigation-census-village-schedule-ground-water-schemes-surface-water-schemes,Provisional state irrigation profile expanded to district for prototype use; not an official district-level observation.
22,Chhattisgarh,383,Korba,Canal/Surface irrigation,Surface water,"Canal, tank, groundwater",PROVISIONAL_STATE_PROFILE,DISTRICT_ROW_WITH_STATE_PROFILE,MARUDAM_IRRIGATION_PROFILE_V1,2026,https://data.gov.in/catalog/7th-minor-irrigation-census-village-schedule-ground-water-schemes-surface-water-schemes,Provisional state irrigation profile expanded to district for prototype use; not an official district-level observation.
22,Chhattisgarh,384,Korea,Canal/Surface irrigation,Surface water,"Canal, tank, groundwater",PROVISIONAL_STATE_PROFILE,DISTRICT_ROW_WITH_STATE_PROFILE,MARUDAM_IRRIGATION_PROFILE_V1,2026,https://data.gov.in/catalog/7th-minor-irrigation-census-village-schedule-ground-water-schemes-surface-water-schemes,Provisional state irrigation profile expanded to district for prototype use; not an official district-level observation.
12,Arunachal Pradesh,677,Kra Daadi,Surface irrigation,Surface water,"Streams, springs",PROVISIONAL_STATE_PROFILE,DISTRICT_ROW_WITH_STATE_PROFILE,MARUDAM_IRRIGATION_PROFILE_V1,2026,https://data.gov.in/catalog/7th-minor-irrigation-census-village-schedule-ground-water-schemes-surface-water-schemes,Provisional state irrigation profile expanded to district for prototype use; not an official district-level observation.
33,Tamil Nadu,577,Krishnagiri,Tube well/Surface irrigation,Mixed,"Canal, tank, borewell",PROVISIONAL_STATE_PROFILE,DISTRICT_ROW_WITH_STATE_PROFILE,MARUDAM_IRRIGATION_PROFILE_V1,2026,https://data.gov.in/catalog/7th-minor-irrigation-census-village-schedule-ground-water-schemes-surface-water-schemes,Provisional state irrigation profile expanded to district for prototype use; not an official district-level observation.
6,Haryana,68,Kurukshetra,Tube well,Groundwater,"Canal, tube well",PROVISIONAL_STATE_PROFILE,DISTRICT_ROW_WITH_STATE_PROFILE,MARUDAM_IRRIGATION_PROFILE_V1,2026,https://data.gov.in/catalog/7th-minor-irrigation-census-village-schedule-ground-water-schemes-surface-water-schemes,Provisional state irrigation profile expanded to district for prototype use; not an official district-level observation.
2,Himachal Pradesh,21,Lahaul And Spiti,Surface irrigation,Surface water,"Kuhl/stream, spring",PROVISIONAL_STATE_PROFILE,DISTRICT_ROW_WITH_STATE_PROFILE,MARUDAM_IRRIGATION_PROFILE_V1,2026,https://data.gov.in/catalog/7th-minor-irrigation-census-village-schedule-ground-water-schemes-surface-water-schemes,Provisional state irrigation profile expanded to district for prototype use; not an official district-level observation.
18,Assam,295,Lakhimpur,Surface irrigation,Surface water,"Canal, river, shallow groundwater",PROVISIONAL_STATE_PROFILE,DISTRICT_ROW_WITH_STATE_PROFILE,MARUDAM_IRRIGATION_PROFILE_V1,2026,https://data.gov.in/catalog/7th-minor-irrigation-census-village-schedule-ground-water-schemes-surface-water-schemes,Provisional state irrigation profile expanded to district for prototype use; not an official district-level observation.
12,Arunachal Pradesh,724,Leparada,Surface irrigation,Surface water,"Streams, springs",PROVISIONAL_STATE_PROFILE,DISTRICT_ROW_WITH_STATE_PROFILE,MARUDAM_IRRIGATION_PROFILE_V1,2026,https://data.gov.in/catalog/7th-minor-irrigation-census-village-schedule-ground-water-schemes-surface-water-schemes,Provisional state irrigation profile expanded to district for prototype use; not an official district-level observation.
12,Arunachal Pradesh,666,Longding,Surface irrigation,Surface water,"Streams, springs",PROVISIONAL_STATE_PROFILE,DISTRICT_ROW_WITH_STATE_PROFILE,MARUDAM_IRRIGATION_PROFILE_V1,2026,https://data.gov.in/catalog/7th-minor-irrigation-census-village-schedule-ground-water-schemes-surface-water-schemes,Provisional state irrigation profile expanded to district for prototype use; not an official district-level observation.
12,Arunachal Pradesh,236,Lower Subansiri,Surface irrigation,Surface water,"Streams, springs",PROVISIONAL_STATE_PROFILE,DISTRICT_ROW_WITH_STATE_PROFILE,MARUDAM_IRRIGATION_PROFILE_V1,2026,https://data.gov.in/catalog/7th-minor-irrigation-census-village-schedule-ground-water-schemes-surface-water-schemes,Provisional state irrigation profile expanded to district for prototype use; not an official district-level observation.
3,Punjab,36,Ludhiana,Canal/Tube well,Mixed,"Canal, tube well",PROVISIONAL_STATE_PROFILE,DISTRICT_ROW_WITH_STATE_PROFILE,MARUDAM_IRRIGATION_PROFILE_V1,2026,https://data.gov.in/catalog/7th-minor-irrigation-census-village-schedule-ground-water-schemes-surface-water-schemes,Provisional state irrigation profile expanded to district for prototype use; not an official district-level observation.
36,Telangana,512,Mahabubnagar,Borewell/Tube well,Groundwater,"Tank, canal",PROVISIONAL_STATE_PROFILE,DISTRICT_ROW_WITH_STATE_PROFILE,MARUDAM_IRRIGATION_PROFILE_V1,2026,https://data.gov.in/catalog/7th-minor-irrigation-census-village-schedule-ground-water-schemes-surface-water-schemes,Provisional state irrigation profile expanded to district for prototype use; not an official district-level observation.
22,Chhattisgarh,385,Mahasamund,Canal/Surface irrigation,Surface water,"Canal, tank, groundwater",PROVISIONAL_STATE_PROFILE,DISTRICT_ROW_WITH_STATE_PROFILE,MARUDAM_IRRIGATION_PROFILE_V1,2026,https://data.gov.in/catalog/7th-minor-irrigation-census-village-schedule-ground-water-schemes-surface-water-schemes,Provisional state irrigation profile expanded to district for prototype use; not an official district-level observation.
34,Puducherry,599,Mahe,Tube well/Canal,Mixed,"Tube well, canal, tank",PROVISIONAL_STATE_PROFILE,DISTRICT_ROW_WITH_STATE_PROFILE,MARUDAM_IRRIGATION_PROFILE_V1,2026,https://data.gov.in/catalog/7th-minor-irrigation-census-village-schedule-ground-water-schemes-surface-water-schemes,Provisional state irrigation profile expanded to district for prototype use; not an official district-level observation.
23,Madhya Pradesh,416,Mandsaur,Tube well,Groundwater,"Canal, tube well",PROVISIONAL_STATE_PROFILE,DISTRICT_ROW_WITH_STATE_PROFILE,MARUDAM_IRRIGATION_PROFILE_V1,2026,https://data.gov.in/catalog/7th-minor-irrigation-census-village-schedule-ground-water-schemes-surface-water-schemes,Provisional state irrigation profile expanded to district for prototype use; not an official district-level observation.
29,Karnataka,544,Mandya,Borewell/Tube well,Groundwater,"Canal, tank",PROVISIONAL_STATE_PROFILE,DISTRICT_ROW_WITH_STATE_PROFILE,MARUDAM_IRRIGATION_PROFILE_V1,2026,https://data.gov.in/catalog/7th-minor-irrigation-census-village-schedule-ground-water-schemes-surface-water-schemes,Provisional state irrigation profile expanded to district for prototype use; not an official district-level observation.
23,Madhya Pradesh,766,MAUGANJ,Tube well,Groundwater,"Canal, tube well",PROVISIONAL_STATE_PROFILE,DISTRICT_ROW_WITH_STATE_PROFILE,MARUDAM_IRRIGATION_PROFILE_V1,2026,https://data.gov.in/catalog/7th-minor-irrigation-census-village-schedule-ground-water-schemes-surface-water-schemes,Provisional state irrigation profile expanded to district for prototype use; not an official district-level observation.
22,Chhattisgarh,761,Mohla-Manpur-Ambagarh Chouki,Canal/Surface irrigation,Surface water,"Canal, tank, groundwater",PROVISIONAL_STATE_PROFILE,DISTRICT_ROW_WITH_STATE_PROFILE,MARUDAM_IRRIGATION_PROFILE_V1,2026,https://data.gov.in/catalog/7th-minor-irrigation-census-village-schedule-ground-water-schemes-surface-water-schemes,Provisional state irrigation profile expanded to district for prototype use; not an official district-level observation.
18,Assam,297,Nagaon,Surface irrigation,Surface water,"Canal, river, shallow groundwater",PROVISIONAL_STATE_PROFILE,DISTRICT_ROW_WITH_STATE_PROFILE,MARUDAM_IRRIGATION_PROFILE_V1,2026,https://data.gov.in/catalog/7th-minor-irrigation-census-village-schedule-ground-water-schemes-surface-water-schemes,Provisional state irrigation profile expanded to district for prototype use; not an official district-level observation.
18,Assam,298,Nalbari,Surface irrigation,Surface water,"Canal, river, shallow groundwater",PROVISIONAL_STATE_PROFILE,DISTRICT_ROW_WITH_STATE_PROFILE,MARUDAM_IRRIGATION_PROFILE_V1,2026,https://data.gov.in/catalog/7th-minor-irrigation-census-village-schedule-ground-water-schemes-surface-water-schemes,Provisional state irrigation profile expanded to district for prototype use; not an official district-level observation.
33,Tamil Nadu,580,Namakkal,Tube well/Surface irrigation,Mixed,"Canal, tank, borewell",PROVISIONAL_STATE_PROFILE,DISTRICT_ROW_WITH_STATE_PROFILE,MARUDAM_IRRIGATION_PROFILE_V1,2026,https://data.gov.in/catalog/7th-minor-irrigation-census-village-schedule-ground-water-schemes-surface-water-schemes,Provisional state irrigation profile expanded to district for prototype use; not an official district-level observation.
12,Arunachal Pradesh,678,Namsai,Surface irrigation,Surface water,"Streams, springs",PROVISIONAL_STATE_PROFILE,DISTRICT_ROW_WITH_STATE_PROFILE,MARUDAM_IRRIGATION_PROFILE_V1,2026,https://data.gov.in/catalog/7th-minor-irrigation-census-village-schedule-ground-water-schemes-surface-water-schemes,Provisional state irrigation profile expanded to district for prototype use; not an official district-level observation.
28,Andhra Pradesh,755,Nandyal,Borewell/Tube well,Groundwater,"Canal, Tank",PROVISIONAL_STATE_PROFILE,DISTRICT_ROW_WITH_STATE_PROFILE,MARUDAM_IRRIGATION_PROFILE_V1,2026,https://data.gov.in/catalog/7th-minor-irrigation-census-village-schedule-ground-water-schemes-surface-water-schemes,Provisional state irrigation profile expanded to district for prototype use; not an official district-level observation.
8,Rajasthan,773,Neem Ka Thana,Tube well,Groundwater,"Canal, tube well, tank",PROVISIONAL_STATE_PROFILE,DISTRICT_ROW_WITH_STATE_PROFILE,MARUDAM_IRRIGATION_PROFILE_V1,2026,https://data.gov.in/catalog/7th-minor-irrigation-census-village-schedule-ground-water-schemes-surface-water-schemes,Provisional state irrigation profile expanded to district for prototype use; not an official district-level observation.
7,Delhi,79,New Delhi,Tube well,Groundwater,"Tube well, canal",PROVISIONAL_STATE_PROFILE,DISTRICT_ROW_WITH_STATE_PROFILE,MARUDAM_IRRIGATION_PROFILE_V1,2026,https://data.gov.in/catalog/7th-minor-irrigation-census-village-schedule-ground-water-schemes-surface-water-schemes,Provisional state irrigation profile expanded to district for prototype use; not an official district-level observation.
21,Odisha,368,Nuapada,Canal/Surface irrigation,Surface water,"Canal, tank, groundwater",PROVISIONAL_STATE_PROFILE,DISTRICT_ROW_WITH_STATE_PROFILE,MARUDAM_IRRIGATION_PROFILE_V1,2026,https://data.gov.in/catalog/7th-minor-irrigation-census-village-schedule-ground-water-schemes-surface-water-schemes,Provisional state irrigation profile expanded to district for prototype use; not an official district-level observation.
24,Gujarat,454,Panch Mahals,Tube well,Groundwater,"Canal, tube well",PROVISIONAL_STATE_PROFILE,DISTRICT_ROW_WITH_STATE_PROFILE,MARUDAM_IRRIGATION_PROFILE_V1,2026,https://data.gov.in/catalog/7th-minor-irrigation-census-village-schedule-ground-water-schemes-surface-water-schemes,Provisional state irrigation profile expanded to district for prototype use; not an official district-level observation.
10,Bihar,211,Pashchim Champaran,Tube well,Groundwater,"Canal, tube well",PROVISIONAL_STATE_PROFILE,DISTRICT_ROW_WITH_STATE_PROFILE,MARUDAM_IRRIGATION_PROFILE_V1,2026,https://data.gov.in/catalog/7th-minor-irrigation-census-village-schedule-ground-water-schemes-surface-water-schemes,Provisional state irrigation profile expanded to district for prototype use; not an official district-level observation.
24,Gujarat,455,Patan,Tube well,Groundwater,"Canal, tube well",PROVISIONAL_STATE_PROFILE,DISTRICT_ROW_WITH_STATE_PROFILE,MARUDAM_IRRIGATION_PROFILE_V1,2026,https://data.gov.in/catalog/7th-minor-irrigation-census-village-schedule-ground-water-schemes-surface-water-schemes,Provisional state irrigation profile expanded to district for prototype use; not an official district-level observation.
33,Tamil Nadu,581,Perambalur,Tube well/Surface irrigation,Mixed,"Canal, tank, borewell",PROVISIONAL_STATE_PROFILE,DISTRICT_ROW_WITH_STATE_PROFILE,MARUDAM_IRRIGATION_PROFILE_V1,2026,https://data.gov.in/catalog/7th-minor-irrigation-census-village-schedule-ground-water-schemes-surface-water-schemes,Provisional state irrigation profile expanded to district for prototype use; not an official district-level observation.
13,Nagaland,613,Peren,Surface irrigation,Surface water,"Streams, springs",PROVISIONAL_STATE_PROFILE,DISTRICT_ROW_WITH_STATE_PROFILE,MARUDAM_IRRIGATION_PROFILE_V1,2026,https://data.gov.in/catalog/7th-minor-irrigation-census-village-schedule-ground-water-schemes-surface-water-schemes,Provisional state irrigation profile expanded to district for prototype use; not an official district-level observation.
13,Nagaland,248,Phek,Surface irrigation,Surface water,"Streams, springs",PROVISIONAL_STATE_PROFILE,DISTRICT_ROW_WITH_STATE_PROFILE,MARUDAM_IRRIGATION_PROFILE_V1,2026,https://data.gov.in/catalog/7th-minor-irrigation-census-village-schedule-ground-water-schemes-surface-water-schemes,Provisional state irrigation profile expanded to district for prototype use; not an official district-level observation.
14,Manipur,715,Pherzawl,Surface irrigation,Surface water,"Streams, ponds",PROVISIONAL_STATE_PROFILE,DISTRICT_ROW_WITH_STATE_PROFILE,MARUDAM_IRRIGATION_PROFILE_V1,2026,https://data.gov.in/catalog/7th-minor-irrigation-census-village-schedule-ground-water-schemes-surface-water-schemes,Provisional state irrigation profile expanded to district for prototype use; not an official district-level observation.
28,Andhra Pradesh,517,Prakasam,Borewell/Tube well,Groundwater,"Canal, Tank",PROVISIONAL_STATE_PROFILE,DISTRICT_ROW_WITH_STATE_PROFILE,MARUDAM_IRRIGATION_PROFILE_V1,2026,https://data.gov.in/catalog/7th-minor-irrigation-census-village-schedule-ground-water-schemes-surface-water-schemes,Provisional state irrigation profile expanded to district for prototype use; not an official district-level observation.
8,Rajasthan,629,Pratapgarh,Tube well,Groundwater,"Canal, tube well, tank",PROVISIONAL_STATE_PROFILE,DISTRICT_ROW_WITH_STATE_PROFILE,MARUDAM_IRRIGATION_PROFILE_V1,2026,https://data.gov.in/catalog/7th-minor-irrigation-census-village-schedule-ground-water-schemes-surface-water-schemes,Provisional state irrigation profile expanded to district for prototype use; not an official district-level observation.
33,Tamil Nadu,582,Pudukkottai,Tube well/Surface irrigation,Mixed,"Canal, tank, borewell",PROVISIONAL_STATE_PROFILE,DISTRICT_ROW_WITH_STATE_PROFILE,MARUDAM_IRRIGATION_PROFILE_V1,2026,https://data.gov.in/catalog/7th-minor-irrigation-census-village-schedule-ground-water-schemes-surface-water-schemes,Provisional state irrigation profile expanded to district for prototype use; not an official district-level observation.
19,West Bengal,317,Purba Medinipur,Tube well/Surface irrigation,Mixed,"Tube well, canal",PROVISIONAL_STATE_PROFILE,DISTRICT_ROW_WITH_STATE_PROFILE,MARUDAM_IRRIGATION_PROFILE_V1,2026,https://data.gov.in/catalog/7th-minor-irrigation-census-village-schedule-ground-water-schemes-surface-water-schemes,Provisional state irrigation profile expanded to district for prototype use; not an official district-level observation.
10,Bihar,214,Purnia,Tube well,Groundwater,"Canal, tube well",PROVISIONAL_STATE_PROFILE,DISTRICT_ROW_WITH_STATE_PROFILE,MARUDAM_IRRIGATION_PROFILE_V1,2026,https://data.gov.in/catalog/7th-minor-irrigation-census-village-schedule-ground-water-schemes-surface-water-schemes,Provisional state irrigation profile expanded to district for prototype use; not an official district-level observation.
19,West Bengal,321,Purulia,Tube well/Surface irrigation,Mixed,"Tube well, canal",PROVISIONAL_STATE_PROFILE,DISTRICT_ROW_WITH_STATE_PROFILE,MARUDAM_IRRIGATION_PROFILE_V1,2026,https://data.gov.in/catalog/7th-minor-irrigation-census-village-schedule-ground-water-schemes-surface-water-schemes,Provisional state irrigation profile expanded to district for prototype use; not an official district-level observation.
22,Chhattisgarh,388,Rajnandgaon,Canal/Surface irrigation,Surface water,"Canal, tank, groundwater",PROVISIONAL_STATE_PROFILE,DISTRICT_ROW_WITH_STATE_PROFILE,MARUDAM_IRRIGATION_PROFILE_V1,2026,https://data.gov.in/catalog/7th-minor-irrigation-census-village-schedule-ground-water-schemes-surface-water-schemes,Provisional state irrigation profile expanded to district for prototype use; not an official district-level observation.
8,Rajasthan,112,Rajsamand,Tube well,Groundwater,"Canal, tube well, tank",PROVISIONAL_STATE_PROFILE,DISTRICT_ROW_WITH_STATE_PROFILE,MARUDAM_IRRIGATION_PROFILE_V1,2026,https://data.gov.in/catalog/7th-minor-irrigation-census-village-schedule-ground-water-schemes-surface-water-schemes,Provisional state irrigation profile expanded to district for prototype use; not an official district-level observation.
33,Tamil Nadu,583,Ramanathapuram,Tube well/Surface irrigation,Mixed,"Canal, tank, borewell",PROVISIONAL_STATE_PROFILE,DISTRICT_ROW_WITH_STATE_PROFILE,MARUDAM_IRRIGATION_PROFILE_V1,2026,https://data.gov.in/catalog/7th-minor-irrigation-census-village-schedule-ground-water-schemes-surface-water-schemes,Provisional state irrigation profile expanded to district for prototype use; not an official district-level observation.
20,Jharkhand,339,Ranchi,Well/Tube well,Groundwater,"Ponds, wells, tube wells",PROVISIONAL_STATE_PROFILE,DISTRICT_ROW_WITH_STATE_PROFILE,MARUDAM_IRRIGATION_PROFILE_V1,2026,https://data.gov.in/catalog/7th-minor-irrigation-census-village-schedule-ground-water-schemes-surface-water-schemes,Provisional state irrigation profile expanded to district for prototype use; not an official district-level observation.
27,Maharashtra,492,Ratnagiri,Borewell/Tube well,Groundwater,"Canal, tank",PROVISIONAL_STATE_PROFILE,DISTRICT_ROW_WITH_STATE_PROFILE,MARUDAM_IRRIGATION_PROFILE_V1,2026,https://data.gov.in/catalog/7th-minor-irrigation-census-village-schedule-ground-water-schemes-surface-water-schemes,Provisional state irrigation profile expanded to district for prototype use; not an official district-level observation.
21,Odisha,370,Rayagada,Canal/Surface irrigation,Surface water,"Canal, tank, groundwater",PROVISIONAL_STATE_PROFILE,DISTRICT_ROW_WITH_STATE_PROFILE,MARUDAM_IRRIGATION_PROFILE_V1,2026,https://data.gov.in/catalog/7th-minor-irrigation-census-village-schedule-ground-water-schemes-surface-water-schemes,Provisional state irrigation profile expanded to district for prototype use; not an official district-level observation.
10,Bihar,216,Saharsa,Tube well,Groundwater,"Canal, tube well",PROVISIONAL_STATE_PROFILE,DISTRICT_ROW_WITH_STATE_PROFILE,MARUDAM_IRRIGATION_PROFILE_V1,2026,https://data.gov.in/catalog/7th-minor-irrigation-census-village-schedule-ground-water-schemes-surface-water-schemes,Provisional state irrigation profile expanded to district for prototype use; not an official district-level observation.
20,Jharkhand,340,Sahebganj,Well/Tube well,Groundwater,"Ponds, wells, tube wells",PROVISIONAL_STATE_PROFILE,DISTRICT_ROW_WITH_STATE_PROFILE,MARUDAM_IRRIGATION_PROFILE_V1,2026,https://data.gov.in/catalog/7th-minor-irrigation-census-village-schedule-ground-water-schemes-surface-water-schemes,Provisional state irrigation profile expanded to district for prototype use; not an official district-level observation.
22,Chhattisgarh,762,Sakti,Canal/Surface irrigation,Surface water,"Canal, tank, groundwater",PROVISIONAL_STATE_PROFILE,DISTRICT_ROW_WITH_STATE_PROFILE,MARUDAM_IRRIGATION_PROFILE_V1,2026,https://data.gov.in/catalog/7th-minor-irrigation-census-village-schedule-ground-water-schemes-surface-water-schemes,Provisional state irrigation profile expanded to district for prototype use; not an official district-level observation.
9,Uttar Pradesh,178,Sant Kabir Nagar,Tube well,Groundwater,"Canal, tube well",PROVISIONAL_STATE_PROFILE,DISTRICT_ROW_WITH_STATE_PROFILE,MARUDAM_IRRIGATION_PROFILE_V1,2026,https://data.gov.in/catalog/7th-minor-irrigation-census-village-schedule-ground-water-schemes-surface-water-schemes,Provisional state irrigation profile expanded to district for prototype use; not an official district-level observation.
20,Jharkhand,341,Saraikela Kharsawan,Well/Tube well,Groundwater,"Ponds, wells, tube wells",PROVISIONAL_STATE_PROFILE,DISTRICT_ROW_WITH_STATE_PROFILE,MARUDAM_IRRIGATION_PROFILE_V1,2026,https://data.gov.in/catalog/7th-minor-irrigation-census-village-schedule-ground-water-schemes-surface-water-schemes,Provisional state irrigation profile expanded to district for prototype use; not an official district-level observation.
8,Rajasthan,113,Sawai Madhopur,Tube well,Groundwater,"Canal, tube well, tank",PROVISIONAL_STATE_PROFILE,DISTRICT_ROW_WITH_STATE_PROFILE,MARUDAM_IRRIGATION_PROFILE_V1,2026,https://data.gov.in/catalog/7th-minor-irrigation-census-village-schedule-ground-water-schemes-surface-water-schemes,Provisional state irrigation profile expanded to district for prototype use; not an official district-level observation.
16,Tripura,653,Sepahijala,Tube well,Groundwater,"Tube well, surface water",PROVISIONAL_STATE_PROFILE,DISTRICT_ROW_WITH_STATE_PROFILE,MARUDAM_IRRIGATION_PROFILE_V1,2026,https://data.gov.in/catalog/7th-minor-irrigation-census-village-schedule-ground-water-schemes-surface-water-schemes,Provisional state irrigation profile expanded to district for prototype use; not an official district-level observation.
15,Mizoram,268,Serchhip,Surface irrigation,Surface water,"Streams, springs",PROVISIONAL_STATE_PROFILE,DISTRICT_ROW_WITH_STATE_PROFILE,MARUDAM_IRRIGATION_PROFILE_V1,2026,https://data.gov.in/catalog/7th-minor-irrigation-census-village-schedule-ground-water-schemes-surface-water-schemes,Provisional state irrigation profile expanded to district for prototype use; not an official district-level observation.
23,Madhya Pradesh,429,Shahdol,Tube well,Groundwater,"Canal, tube well",PROVISIONAL_STATE_PROFILE,DISTRICT_ROW_WITH_STATE_PROFILE,MARUDAM_IRRIGATION_PROFILE_V1,2026,https://data.gov.in/catalog/7th-minor-irrigation-census-village-schedule-ground-water-schemes-surface-water-schemes,Provisional state irrigation profile expanded to district for prototype use; not an official district-level observation.
10,Bihar,220,Sheohar,Tube well,Groundwater,"Canal, tube well",PROVISIONAL_STATE_PROFILE,DISTRICT_ROW_WITH_STATE_PROFILE,MARUDAM_IRRIGATION_PROFILE_V1,2026,https://data.gov.in/catalog/7th-minor-irrigation-census-village-schedule-ground-water-schemes-surface-water-schemes,Provisional state irrigation profile expanded to district for prototype use; not an official district-level observation.
9,Uttar Pradesh,181,Shrawasti,Tube well,Groundwater,"Canal, tube well",PROVISIONAL_STATE_PROFILE,DISTRICT_ROW_WITH_STATE_PROFILE,MARUDAM_IRRIGATION_PROFILE_V1,2026,https://data.gov.in/catalog/7th-minor-irrigation-census-village-schedule-ground-water-schemes-surface-water-schemes,Provisional state irrigation profile expanded to district for prototype use; not an official district-level observation.
20,Jharkhand,342,Simdega,Well/Tube well,Groundwater,"Ponds, wells, tube wells",PROVISIONAL_STATE_PROFILE,DISTRICT_ROW_WITH_STATE_PROFILE,MARUDAM_IRRIGATION_PROFILE_V1,2026,https://data.gov.in/catalog/7th-minor-irrigation-census-village-schedule-ground-water-schemes-surface-water-schemes,Provisional state irrigation profile expanded to district for prototype use; not an official district-level observation.
10,Bihar,222,Siwan,Tube well,Groundwater,"Canal, tube well",PROVISIONAL_STATE_PROFILE,DISTRICT_ROW_WITH_STATE_PROFILE,MARUDAM_IRRIGATION_PROFILE_V1,2026,https://data.gov.in/catalog/7th-minor-irrigation-census-village-schedule-ground-water-schemes-surface-water-schemes,Provisional state irrigation profile expanded to district for prototype use; not an official district-level observation.
2,Himachal Pradesh,25,Solan,Surface irrigation,Surface water,"Kuhl/stream, spring",PROVISIONAL_STATE_PROFILE,DISTRICT_ROW_WITH_STATE_PROFILE,MARUDAM_IRRIGATION_PROFILE_V1,2026,https://data.gov.in/catalog/7th-minor-irrigation-census-village-schedule-ground-water-schemes-surface-water-schemes,Provisional state irrigation profile expanded to district for prototype use; not an official district-level observation.
7,Delhi,670,South East,Tube well,Groundwater,"Tube well, canal",PROVISIONAL_STATE_PROFILE,DISTRICT_ROW_WITH_STATE_PROFILE,MARUDAM_IRRIGATION_PROFILE_V1,2026,https://data.gov.in/catalog/7th-minor-irrigation-census-village-schedule-ground-water-schemes-surface-water-schemes,Provisional state irrigation profile expanded to district for prototype use; not an official district-level observation.
7,Delhi,84,South West,Tube well,Groundwater,"Tube well, canal",PROVISIONAL_STATE_PROFILE,DISTRICT_ROW_WITH_STATE_PROFILE,MARUDAM_IRRIGATION_PROFILE_V1,2026,https://data.gov.in/catalog/7th-minor-irrigation-census-village-schedule-ground-water-schemes-surface-water-schemes,Provisional state irrigation profile expanded to district for prototype use; not an official district-level observation.
22,Chhattisgarh,648,Surajpur,Canal/Surface irrigation,Surface water,"Canal, tank, groundwater",PROVISIONAL_STATE_PROFILE,DISTRICT_ROW_WITH_STATE_PROFILE,MARUDAM_IRRIGATION_PROFILE_V1,2026,https://data.gov.in/catalog/7th-minor-irrigation-census-village-schedule-ground-water-schemes-surface-water-schemes,Provisional state irrigation profile expanded to district for prototype use; not an official district-level observation.
22,Chhattisgarh,389,Surguja,Canal/Surface irrigation,Surface water,"Canal, tank, groundwater",PROVISIONAL_STATE_PROFILE,DISTRICT_ROW_WITH_STATE_PROFILE,MARUDAM_IRRIGATION_PROFILE_V1,2026,https://data.gov.in/catalog/7th-minor-irrigation-census-village-schedule-ground-water-schemes-surface-water-schemes,Provisional state irrigation profile expanded to district for prototype use; not an official district-level observation.
14,Manipur,258,Tamenglong,Surface irrigation,Surface water,"Streams, ponds",PROVISIONAL_STATE_PROFILE,DISTRICT_ROW_WITH_STATE_PROFILE,MARUDAM_IRRIGATION_PROFILE_V1,2026,https://data.gov.in/catalog/7th-minor-irrigation-census-village-schedule-ground-water-schemes-surface-water-schemes,Provisional state irrigation profile expanded to district for prototype use; not an official district-level observation.
3,Punjab,609,Tarn Taran,Canal/Tube well,Mixed,"Canal, tube well",PROVISIONAL_STATE_PROFILE,DISTRICT_ROW_WITH_STATE_PROFILE,MARUDAM_IRRIGATION_PROFILE_V1,2026,https://data.gov.in/catalog/7th-minor-irrigation-census-village-schedule-ground-water-schemes-surface-water-schemes,Provisional state irrigation profile expanded to district for prototype use; not an official district-level observation.
12,Arunachal Pradesh,238,Tawang,Surface irrigation,Surface water,"Streams, springs",PROVISIONAL_STATE_PROFILE,DISTRICT_ROW_WITH_STATE_PROFILE,MARUDAM_IRRIGATION_PROFILE_V1,2026,https://data.gov.in/catalog/7th-minor-irrigation-census-village-schedule-ground-water-schemes-surface-water-schemes,Provisional state irrigation profile expanded to district for prototype use; not an official district-level observation.
33,Tamil Nadu,733,Tenkasi,Tube well/Surface irrigation,Mixed,"Canal, tank, borewell",PROVISIONAL_STATE_PROFILE,DISTRICT_ROW_WITH_STATE_PROFILE,MARUDAM_IRRIGATION_PROFILE_V1,2026,https://data.gov.in/catalog/7th-minor-irrigation-census-village-schedule-ground-water-schemes-surface-water-schemes,Provisional state irrigation profile expanded to district for prototype use; not an official district-level observation.
33,Tamil Nadu,586,Thanjavur,Tube well/Surface irrigation,Mixed,"Canal, tank, borewell",PROVISIONAL_STATE_PROFILE,DISTRICT_ROW_WITH_STATE_PROFILE,MARUDAM_IRRIGATION_PROFILE_V1,2026,https://data.gov.in/catalog/7th-minor-irrigation-census-village-schedule-ground-water-schemes-surface-water-schemes,Provisional state irrigation profile expanded to district for prototype use; not an official district-level observation.
33,Tamil Nadu,587,The Nilgiris,Tube well/Surface irrigation,Mixed,"Canal, tank, borewell",PROVISIONAL_STATE_PROFILE,DISTRICT_ROW_WITH_STATE_PROFILE,MARUDAM_IRRIGATION_PROFILE_V1,2026,https://data.gov.in/catalog/7th-minor-irrigation-census-village-schedule-ground-water-schemes-surface-water-schemes,Provisional state irrigation profile expanded to district for prototype use; not an official district-level observation.
18,Assam,302,Tinsukia,Surface irrigation,Surface water,"Canal, river, shallow groundwater",PROVISIONAL_STATE_PROFILE,DISTRICT_ROW_WITH_STATE_PROFILE,MARUDAM_IRRIGATION_PROFILE_V1,2026,https://data.gov.in/catalog/7th-minor-irrigation-census-village-schedule-ground-water-schemes-surface-water-schemes,Provisional state irrigation profile expanded to district for prototype use; not an official district-level observation.
12,Arunachal Pradesh,239,Tirap,Surface irrigation,Surface water,"Streams, springs",PROVISIONAL_STATE_PROFILE,DISTRICT_ROW_WITH_STATE_PROFILE,MARUDAM_IRRIGATION_PROFILE_V1,2026,https://data.gov.in/catalog/7th-minor-irrigation-census-village-schedule-ground-water-schemes-surface-water-schemes,Provisional state irrigation profile expanded to district for prototype use; not an official district-level observation.
33,Tamil Nadu,732,Tirupathur,Tube well/Surface irrigation,Mixed,"Canal, tank, borewell",PROVISIONAL_STATE_PROFILE,DISTRICT_ROW_WITH_STATE_PROFILE,MARUDAM_IRRIGATION_PROFILE_V1,2026,https://data.gov.in/catalog/7th-minor-irrigation-census-village-schedule-ground-water-schemes-surface-water-schemes,Provisional state irrigation profile expanded to district for prototype use; not an official district-level observation.
8,Rajasthan,116,Tonk,Tube well,Groundwater,"Canal, tube well, tank",PROVISIONAL_STATE_PROFILE,DISTRICT_ROW_WITH_STATE_PROFILE,MARUDAM_IRRIGATION_PROFILE_V1,2026,https://data.gov.in/catalog/7th-minor-irrigation-census-village-schedule-ground-water-schemes-surface-water-schemes,Provisional state irrigation profile expanded to district for prototype use; not an official district-level observation.
29,Karnataka,549,Udupi,Borewell/Tube well,Groundwater,"Canal, tank",PROVISIONAL_STATE_PROFILE,DISTRICT_ROW_WITH_STATE_PROFILE,MARUDAM_IRRIGATION_PROFILE_V1,2026,https://data.gov.in/catalog/7th-minor-irrigation-census-village-schedule-ground-water-schemes-surface-water-schemes,Provisional state irrigation profile expanded to district for prototype use; not an official district-level observation.
14,Manipur,260,Ukhrul,Surface irrigation,Surface water,"Streams, ponds",PROVISIONAL_STATE_PROFILE,DISTRICT_ROW_WITH_STATE_PROFILE,MARUDAM_IRRIGATION_PROFILE_V1,2026,https://data.gov.in/catalog/7th-minor-irrigation-census-village-schedule-ground-water-schemes-surface-water-schemes,Provisional state irrigation profile expanded to district for prototype use; not an official district-level observation.
2,Himachal Pradesh,26,Una,Surface irrigation,Surface water,"Kuhl/stream, spring",PROVISIONAL_STATE_PROFILE,DISTRICT_ROW_WITH_STATE_PROFILE,MARUDAM_IRRIGATION_PROFILE_V1,2026,https://data.gov.in/catalog/7th-minor-irrigation-census-village-schedule-ground-water-schemes-surface-water-schemes,Provisional state irrigation profile expanded to district for prototype use; not an official district-level observation.
22,Chhattisgarh,381,Uttar Bastar Kanker,Canal/Surface irrigation,Surface water,"Canal, tank, groundwater",PROVISIONAL_STATE_PROFILE,DISTRICT_ROW_WITH_STATE_PROFILE,MARUDAM_IRRIGATION_PROFILE_V1,2026,https://data.gov.in/catalog/7th-minor-irrigation-census-village-schedule-ground-water-schemes-surface-water-schemes,Provisional state irrigation profile expanded to district for prototype use; not an official district-level observation.
23,Madhya Pradesh,437,Vidisha,Tube well,Groundwater,"Canal, tube well",PROVISIONAL_STATE_PROFILE,DISTRICT_ROW_WITH_STATE_PROFILE,MARUDAM_IRRIGATION_PROFILE_V1,2026,https://data.gov.in/catalog/7th-minor-irrigation-census-village-schedule-ground-water-schemes-surface-water-schemes,Provisional state irrigation profile expanded to district for prototype use; not an official district-level observation.
29,Karnataka,738,Vijayanagar,Borewell/Tube well,Groundwater,"Canal, tank",PROVISIONAL_STATE_PROFILE,DISTRICT_ROW_WITH_STATE_PROFILE,MARUDAM_IRRIGATION_PROFILE_V1,2026,https://data.gov.in/catalog/7th-minor-irrigation-census-village-schedule-ground-water-schemes-surface-water-schemes,Provisional state irrigation profile expanded to district for prototype use; not an official district-level observation.
29,Karnataka,530,Vijayapura,Borewell/Tube well,Groundwater,"Canal, tank",PROVISIONAL_STATE_PROFILE,DISTRICT_ROW_WITH_STATE_PROFILE,MARUDAM_IRRIGATION_PROFILE_V1,2026,https://data.gov.in/catalog/7th-minor-irrigation-census-village-schedule-ground-water-schemes-surface-water-schemes,Provisional state irrigation profile expanded to district for prototype use; not an official district-level observation.
36,Telangana,698,Vikarabad,Borewell/Tube well,Groundwater,"Tank, canal",PROVISIONAL_STATE_PROFILE,DISTRICT_ROW_WITH_STATE_PROFILE,MARUDAM_IRRIGATION_PROFILE_V1,2026,https://data.gov.in/catalog/7th-minor-irrigation-census-village-schedule-ground-water-schemes-surface-water-schemes,Provisional state irrigation profile expanded to district for prototype use; not an official district-level observation.
27,Maharashtra,499,Washim,Borewell/Tube well,Groundwater,"Canal, tank",PROVISIONAL_STATE_PROFILE,DISTRICT_ROW_WITH_STATE_PROFILE,MARUDAM_IRRIGATION_PROFILE_V1,2026,https://data.gov.in/catalog/7th-minor-irrigation-census-village-schedule-ground-water-schemes-surface-water-schemes,Provisional state irrigation profile expanded to district for prototype use; not an official district-level observation.
18,Assam,710,West Karbi Anglong,Surface irrigation,Surface water,"Canal, river, shallow groundwater",PROVISIONAL_STATE_PROFILE,DISTRICT_ROW_WITH_STATE_PROFILE,MARUDAM_IRRIGATION_PROFILE_V1,2026,https://data.gov.in/catalog/7th-minor-irrigation-census-village-schedule-ground-water-schemes-surface-water-schemes,Provisional state irrigation profile expanded to district for prototype use; not an official district-level observation.
13,Nagaland,250,Wokha,Surface irrigation,Surface water,"Streams, springs",PROVISIONAL_STATE_PROFILE,DISTRICT_ROW_WITH_STATE_PROFILE,MARUDAM_IRRIGATION_PROFILE_V1,2026,https://data.gov.in/catalog/7th-minor-irrigation-census-village-schedule-ground-water-schemes-surface-water-schemes,Provisional state irrigation profile expanded to district for prototype use; not an official district-level observation.
36,Telangana,501,Adilabad,Borewell/Tube well,Groundwater,"Tank, canal",PROVISIONAL_STATE_PROFILE,DISTRICT_ROW_WITH_STATE_PROFILE,MARUDAM_IRRIGATION_PROFILE_V1,2026,https://data.gov.in/catalog/7th-minor-irrigation-census-village-schedule-ground-water-schemes-surface-water-schemes,Provisional state irrigation profile expanded to district for prototype use; not an official district-level observation.
24,Gujarat,438,Ahmedabad,Tube well,Groundwater,"Canal, tube well",PROVISIONAL_STATE_PROFILE,DISTRICT_ROW_WITH_STATE_PROFILE,MARUDAM_IRRIGATION_PROFILE_V1,2026,https://data.gov.in/catalog/7th-minor-irrigation-census-village-schedule-ground-water-schemes-surface-water-schemes,Provisional state irrigation profile expanded to district for prototype use; not an official district-level observation.
15,Mizoram,261,Aizawl,Surface irrigation,Surface water,"Streams, springs",PROVISIONAL_STATE_PROFILE,DISTRICT_ROW_WITH_STATE_PROFILE,MARUDAM_IRRIGATION_PROFILE_V1,2026,https://data.gov.in/catalog/7th-minor-irrigation-census-village-schedule-ground-water-schemes-surface-water-schemes,Provisional state irrigation profile expanded to district for prototype use; not an official district-level observation.
27,Maharashtra,467,Akola,Borewell/Tube well,Groundwater,"Canal, tank",PROVISIONAL_STATE_PROFILE,DISTRICT_ROW_WITH_STATE_PROFILE,MARUDAM_IRRIGATION_PROFILE_V1,2026,https://data.gov.in/catalog/7th-minor-irrigation-census-village-schedule-ground-water-schemes-surface-water-schemes,Provisional state irrigation profile expanded to district for prototype use; not an official district-level observation.
9,Uttar Pradesh,119,Aligarh,Tube well,Groundwater,"Canal, tube well",PROVISIONAL_STATE_PROFILE,DISTRICT_ROW_WITH_STATE_PROFILE,MARUDAM_IRRIGATION_PROFILE_V1,2026,https://data.gov.in/catalog/7th-minor-irrigation-census-village-schedule-ground-water-schemes-surface-water-schemes,Provisional state irrigation profile expanded to district for prototype use; not an official district-level observation.
23,Madhya Pradesh,639,Alirajpur,Tube well,Groundwater,"Canal, tube well",PROVISIONAL_STATE_PROFILE,DISTRICT_ROW_WITH_STATE_PROFILE,MARUDAM_IRRIGATION_PROFILE_V1,2026,https://data.gov.in/catalog/7th-minor-irrigation-census-village-schedule-ground-water-schemes-surface-water-schemes,Provisional state irrigation profile expanded to district for prototype use; not an official district-level observation.
8,Rajasthan,87,Alwar,Tube well,Groundwater,"Canal, tube well, tank",PROVISIONAL_STATE_PROFILE,DISTRICT_ROW_WITH_STATE_PROFILE,MARUDAM_IRRIGATION_PROFILE_V1,2026,https://data.gov.in/catalog/7th-minor-irrigation-census-village-schedule-ground-water-schemes-surface-water-schemes,Provisional state irrigation profile expanded to district for prototype use; not an official district-level observation.
9,Uttar Pradesh,640,Amethi,Tube well,Groundwater,"Canal, tube well",PROVISIONAL_STATE_PROFILE,DISTRICT_ROW_WITH_STATE_PROFILE,MARUDAM_IRRIGATION_PROFILE_V1,2026,https://data.gov.in/catalog/7th-minor-irrigation-census-village-schedule-ground-water-schemes-surface-water-schemes,Provisional state irrigation profile expanded to district for prototype use; not an official district-level observation.
9,Uttar Pradesh,123,Azamgarh,Tube well,Groundwater,"Canal, tube well",PROVISIONAL_STATE_PROFILE,DISTRICT_ROW_WITH_STATE_PROFILE,MARUDAM_IRRIGATION_PROFILE_V1,2026,https://data.gov.in/catalog/7th-minor-irrigation-census-village-schedule-ground-water-schemes-surface-water-schemes,Provisional state irrigation profile expanded to district for prototype use; not an official district-level observation.
29,Karnataka,524,Bagalkote,Borewell/Tube well,Groundwater,"Canal, tank",PROVISIONAL_STATE_PROFILE,DISTRICT_ROW_WITH_STATE_PROFILE,MARUDAM_IRRIGATION_PROFILE_V1,2026,https://data.gov.in/catalog/7th-minor-irrigation-census-village-schedule-ground-water-schemes-surface-water-schemes,Provisional state irrigation profile expanded to district for prototype use; not an official district-level observation.
5,Uttarakhand,46,Bageshwar,Surface irrigation,Surface water,"Canal, spring, stream",PROVISIONAL_STATE_PROFILE,DISTRICT_ROW_WITH_STATE_PROFILE,MARUDAM_IRRIGATION_PROFILE_V1,2026,https://data.gov.in/catalog/7th-minor-irrigation-census-village-schedule-ground-water-schemes-surface-water-schemes,Provisional state irrigation profile expanded to district for prototype use; not an official district-level observation.
29,Karnataka,528,Ballari,Borewell/Tube well,Groundwater,"Canal, tank",PROVISIONAL_STATE_PROFILE,DISTRICT_ROW_WITH_STATE_PROFILE,MARUDAM_IRRIGATION_PROFILE_V1,2026,https://data.gov.in/catalog/7th-minor-irrigation-census-village-schedule-ground-water-schemes-surface-water-schemes,Provisional state irrigation profile expanded to district for prototype use; not an official district-level observation.
28,Andhra Pradesh,750,Bapatla,Borewell/Tube well,Groundwater,"Canal, Tank",PROVISIONAL_STATE_PROFILE,DISTRICT_ROW_WITH_STATE_PROFILE,MARUDAM_IRRIGATION_PROFILE_V1,2026,https://data.gov.in/catalog/7th-minor-irrigation-census-village-schedule-ground-water-schemes-surface-water-schemes,Provisional state irrigation profile expanded to district for prototype use; not an official district-level observation.
8,Rajasthan,90,Barmer,Tube well,Groundwater,"Canal, tube well, tank",PROVISIONAL_STATE_PROFILE,DISTRICT_ROW_WITH_STATE_PROFILE,MARUDAM_IRRIGATION_PROFILE_V1,2026,https://data.gov.in/catalog/7th-minor-irrigation-census-village-schedule-ground-water-schemes-surface-water-schemes,Provisional state irrigation profile expanded to district for prototype use; not an official district-level observation.
3,Punjab,605,Barnala,Canal/Tube well,Mixed,"Canal, tube well",PROVISIONAL_STATE_PROFILE,DISTRICT_ROW_WITH_STATE_PROFILE,MARUDAM_IRRIGATION_PROFILE_V1,2026,https://data.gov.in/catalog/7th-minor-irrigation-census-village-schedule-ground-water-schemes-surface-water-schemes,Provisional state irrigation profile expanded to district for prototype use; not an official district-level observation.
18,Assam,280,Barpeta,Surface irrigation,Surface water,"Canal, river, shallow groundwater",PROVISIONAL_STATE_PROFILE,DISTRICT_ROW_WITH_STATE_PROFILE,MARUDAM_IRRIGATION_PROFILE_V1,2026,https://data.gov.in/catalog/7th-minor-irrigation-census-village-schedule-ground-water-schemes-surface-water-schemes,Provisional state irrigation profile expanded to district for prototype use; not an official district-level observation.
22,Chhattisgarh,374,Bastar,Canal/Surface irrigation,Surface water,"Canal, tank, groundwater",PROVISIONAL_STATE_PROFILE,DISTRICT_ROW_WITH_STATE_PROFILE,MARUDAM_IRRIGATION_PROFILE_V1,2026,https://data.gov.in/catalog/7th-minor-irrigation-census-village-schedule-ground-water-schemes-surface-water-schemes,Provisional state irrigation profile expanded to district for prototype use; not an official district-level observation.
23,Madhya Pradesh,394,Betul,Tube well,Groundwater,"Canal, tube well",PROVISIONAL_STATE_PROFILE,DISTRICT_ROW_WITH_STATE_PROFILE,MARUDAM_IRRIGATION_PROFILE_V1,2026,https://data.gov.in/catalog/7th-minor-irrigation-census-village-schedule-ground-water-schemes-surface-water-schemes,Provisional state irrigation profile expanded to district for prototype use; not an official district-level observation.
21,Odisha,348,Bhadrak,Canal/Surface irrigation,Surface water,"Canal, tank, groundwater",PROVISIONAL_STATE_PROFILE,DISTRICT_ROW_WITH_STATE_PROFILE,MARUDAM_IRRIGATION_PROFILE_V1,2026,https://data.gov.in/catalog/7th-minor-irrigation-census-village-schedule-ground-water-schemes-surface-water-schemes,Provisional state irrigation profile expanded to district for prototype use; not an official district-level observation.
24,Gujarat,443,Bhavnagar,Tube well,Groundwater,"Canal, tube well",PROVISIONAL_STATE_PROFILE,DISTRICT_ROW_WITH_STATE_PROFILE,MARUDAM_IRRIGATION_PROFILE_V1,2026,https://data.gov.in/catalog/7th-minor-irrigation-census-village-schedule-ground-water-schemes-surface-water-schemes,Provisional state irrigation profile expanded to district for prototype use; not an official district-level observation.
8,Rajasthan,92,Bhilwara,Tube well,Groundwater,"Canal, tube well, tank",PROVISIONAL_STATE_PROFILE,DISTRICT_ROW_WITH_STATE_PROFILE,MARUDAM_IRRIGATION_PROFILE_V1,2026,https://data.gov.in/catalog/7th-minor-irrigation-census-village-schedule-ground-water-schemes-surface-water-schemes,Provisional state irrigation profile expanded to district for prototype use; not an official district-level observation.
6,Haryana,59,Bhiwani,Tube well,Groundwater,"Canal, tube well",PROVISIONAL_STATE_PROFILE,DISTRICT_ROW_WITH_STATE_PROFILE,MARUDAM_IRRIGATION_PROFILE_V1,2026,https://data.gov.in/catalog/7th-minor-irrigation-census-village-schedule-ground-water-schemes-surface-water-schemes,Provisional state irrigation profile expanded to district for prototype use; not an official district-level observation.
29,Karnataka,529,Bidar,Borewell/Tube well,Groundwater,"Canal, tank",PROVISIONAL_STATE_PROFILE,DISTRICT_ROW_WITH_STATE_PROFILE,MARUDAM_IRRIGATION_PROFILE_V1,2026,https://data.gov.in/catalog/7th-minor-irrigation-census-village-schedule-ground-water-schemes-surface-water-schemes,Provisional state irrigation profile expanded to district for prototype use; not an official district-level observation.
9,Uttar Pradesh,132,Bijnor,Tube well,Groundwater,"Canal, tube well",PROVISIONAL_STATE_PROFILE,DISTRICT_ROW_WITH_STATE_PROFILE,MARUDAM_IRRIGATION_PROFILE_V1,2026,https://data.gov.in/catalog/7th-minor-irrigation-census-village-schedule-ground-water-schemes-surface-water-schemes,Provisional state irrigation profile expanded to district for prototype use; not an official district-level observation.
2,Himachal Pradesh,15,Bilaspur,Surface irrigation,Surface water,"Kuhl/stream, spring",PROVISIONAL_STATE_PROFILE,DISTRICT_ROW_WITH_STATE_PROFILE,MARUDAM_IRRIGATION_PROFILE_V1,2026,https://data.gov.in/catalog/7th-minor-irrigation-census-village-schedule-ground-water-schemes-surface-water-schemes,Provisional state irrigation profile expanded to district for prototype use; not an official district-level observation.
20,Jharkhand,322,Bokaro,Well/Tube well,Groundwater,"Ponds, wells, tube wells",PROVISIONAL_STATE_PROFILE,DISTRICT_ROW_WITH_STATE_PROFILE,MARUDAM_IRRIGATION_PROFILE_V1,2026,https://data.gov.in/catalog/7th-minor-irrigation-census-village-schedule-ground-water-schemes-surface-water-schemes,Provisional state irrigation profile expanded to district for prototype use; not an official district-level observation.
18,Assam,281,Bongaigaon,Surface irrigation,Surface water,"Canal, river, shallow groundwater",PROVISIONAL_STATE_PROFILE,DISTRICT_ROW_WITH_STATE_PROFILE,MARUDAM_IRRIGATION_PROFILE_V1,2026,https://data.gov.in/catalog/7th-minor-irrigation-census-village-schedule-ground-water-schemes-surface-water-schemes,Provisional state irrigation profile expanded to district for prototype use; not an official district-level observation.
1,Jammu And Kashmir,2,Budgam,Mixed/Unknown,Unknown,Not specified,PROVISIONAL_STATE_PROFILE,DISTRICT_ROW_WITH_STATE_PROFILE,MARUDAM_IRRIGATION_PROFILE_V1,2026,https://data.gov.in/catalog/7th-minor-irrigation-census-village-schedule-ground-water-schemes-surface-water-schemes,Provisional state irrigation profile expanded to district for prototype use; not an official district-level observation.
10,Bihar,194,Buxar,Tube well,Groundwater,"Canal, tube well",PROVISIONAL_STATE_PROFILE,DISTRICT_ROW_WITH_STATE_PROFILE,MARUDAM_IRRIGATION_PROFILE_V1,2026,https://data.gov.in/catalog/7th-minor-irrigation-census-village-schedule-ground-water-schemes-surface-water-schemes,Provisional state irrigation profile expanded to district for prototype use; not an official district-level observation.
7,Delhi,77,Central,Tube well,Groundwater,"Tube well, canal",PROVISIONAL_STATE_PROFILE,DISTRICT_ROW_WITH_STATE_PROFILE,MARUDAM_IRRIGATION_PROFILE_V1,2026,https://data.gov.in/catalog/7th-minor-irrigation-census-village-schedule-ground-water-schemes-surface-water-schemes,Provisional state irrigation profile expanded to district for prototype use; not an official district-level observation.
2,Himachal Pradesh,16,Chamba,Surface irrigation,Surface water,"Kuhl/stream, spring",PROVISIONAL_STATE_PROFILE,DISTRICT_ROW_WITH_STATE_PROFILE,MARUDAM_IRRIGATION_PROFILE_V1,2026,https://data.gov.in/catalog/7th-minor-irrigation-census-village-schedule-ground-water-schemes-surface-water-schemes,Provisional state irrigation profile expanded to district for prototype use; not an official district-level observation.
15,Mizoram,262,Champhai,Surface irrigation,Surface water,"Streams, springs",PROVISIONAL_STATE_PROFILE,DISTRICT_ROW_WITH_STATE_PROFILE,MARUDAM_IRRIGATION_PROFILE_V1,2026,https://data.gov.in/catalog/7th-minor-irrigation-census-village-schedule-ground-water-schemes-surface-water-schemes,Provisional state irrigation profile expanded to district for prototype use; not an official district-level observation.
4,Chandigarh,44,Chandigarh,Tube well,Groundwater,Tube well,PROVISIONAL_STATE_PROFILE,DISTRICT_ROW_WITH_STATE_PROFILE,MARUDAM_IRRIGATION_PROFILE_V1,2026,https://data.gov.in/catalog/7th-minor-irrigation-census-village-schedule-ground-water-schemes-surface-water-schemes,Provisional state irrigation profile expanded to district for prototype use; not an official district-level observation.
33,Tamil Nadu,730,Chengalpattu,Tube well/Surface irrigation,Mixed,"Canal, tank, borewell",PROVISIONAL_STATE_PROFILE,DISTRICT_ROW_WITH_STATE_PROFILE,MARUDAM_IRRIGATION_PROFILE_V1,2026,https://data.gov.in/catalog/7th-minor-irrigation-census-village-schedule-ground-water-schemes-surface-water-schemes,Provisional state irrigation profile expanded to district for prototype use; not an official district-level observation.
27,Maharashtra,469,Chhatrapati Sambhajinagar,Borewell/Tube well,Groundwater,"Canal, tank",PROVISIONAL_STATE_PROFILE,DISTRICT_ROW_WITH_STATE_PROFILE,MARUDAM_IRRIGATION_PROFILE_V1,2026,https://data.gov.in/catalog/7th-minor-irrigation-census-village-schedule-ground-water-schemes-surface-water-schemes,Provisional state irrigation profile expanded to district for prototype use; not an official district-level observation.
23,Madhya Pradesh,399,Chhindwara,Tube well,Groundwater,"Canal, tube well",PROVISIONAL_STATE_PROFILE,DISTRICT_ROW_WITH_STATE_PROFILE,MARUDAM_IRRIGATION_PROFILE_V1,2026,https://data.gov.in/catalog/7th-minor-irrigation-census-village-schedule-ground-water-schemes-surface-water-schemes,Provisional state irrigation profile expanded to district for prototype use; not an official district-level observation.
9,Uttar Pradesh,136,Chitrakoot,Tube well,Groundwater,"Canal, tube well",PROVISIONAL_STATE_PROFILE,DISTRICT_ROW_WITH_STATE_PROFILE,MARUDAM_IRRIGATION_PROFILE_V1,2026,https://data.gov.in/catalog/7th-minor-irrigation-census-village-schedule-ground-water-schemes-surface-water-schemes,Provisional state irrigation profile expanded to district for prototype use; not an official district-level observation.
14,Manipur,254,Churachandpur,Surface irrigation,Surface water,"Streams, ponds",PROVISIONAL_STATE_PROFILE,DISTRICT_ROW_WITH_STATE_PROFILE,MARUDAM_IRRIGATION_PROFILE_V1,2026,https://data.gov.in/catalog/7th-minor-irrigation-census-village-schedule-ground-water-schemes-surface-water-schemes,Provisional state irrigation profile expanded to district for prototype use; not an official district-level observation.
33,Tamil Nadu,570,Cuddalore,Tube well/Surface irrigation,Mixed,"Canal, tank, borewell",PROVISIONAL_STATE_PROFILE,DISTRICT_ROW_WITH_STATE_PROFILE,MARUDAM_IRRIGATION_PROFILE_V1,2026,https://data.gov.in/catalog/7th-minor-irrigation-census-village-schedule-ground-water-schemes-surface-water-schemes,Provisional state irrigation profile expanded to district for prototype use; not an official district-level observation.
21,Odisha,350,Cuttack,Canal/Surface irrigation,Surface water,"Canal, tank, groundwater",PROVISIONAL_STATE_PROFILE,DISTRICT_ROW_WITH_STATE_PROFILE,MARUDAM_IRRIGATION_PROFILE_V1,2026,https://data.gov.in/catalog/7th-minor-irrigation-census-village-schedule-ground-water-schemes-surface-water-schemes,Provisional state irrigation profile expanded to district for prototype use; not an official district-level observation.
29,Karnataka,534,Dakshina Kannada,Borewell/Tube well,Groundwater,"Canal, tank",PROVISIONAL_STATE_PROFILE,DISTRICT_ROW_WITH_STATE_PROFILE,MARUDAM_IRRIGATION_PROFILE_V1,2026,https://data.gov.in/catalog/7th-minor-irrigation-census-village-schedule-ground-water-schemes-surface-water-schemes,Provisional state irrigation profile expanded to district for prototype use; not an official district-level observation.
38,The Dadra And Nagar Haveli And Daman And Diu,463,Daman,Mixed/Unknown,Unknown,Not specified,PROVISIONAL_STATE_PROFILE,DISTRICT_ROW_WITH_STATE_PROFILE,MARUDAM_IRRIGATION_PROFILE_V1,2026,https://data.gov.in/catalog/7th-minor-irrigation-census-village-schedule-ground-water-schemes-surface-water-schemes,Provisional state irrigation profile expanded to district for prototype use; not an official district-level observation.
10,Bihar,195,Darbhanga,Tube well,Groundwater,"Canal, tube well",PROVISIONAL_STATE_PROFILE,DISTRICT_ROW_WITH_STATE_PROFILE,MARUDAM_IRRIGATION_PROFILE_V1,2026,https://data.gov.in/catalog/7th-minor-irrigation-census-village-schedule-ground-water-schemes-surface-water-schemes,Provisional state irrigation profile expanded to district for prototype use; not an official district-level observation.
8,Rajasthan,97,Dausa,Tube well,Groundwater,"Canal, tube well, tank",PROVISIONAL_STATE_PROFILE,DISTRICT_ROW_WITH_STATE_PROFILE,MARUDAM_IRRIGATION_PROFILE_V1,2026,https://data.gov.in/catalog/7th-minor-irrigation-census-village-schedule-ground-water-schemes-surface-water-schemes,Provisional state irrigation profile expanded to district for prototype use; not an official district-level observation.
8,Rajasthan,767,Deeg,Tube well,Groundwater,"Canal, tube well, tank",PROVISIONAL_STATE_PROFILE,DISTRICT_ROW_WITH_STATE_PROFILE,MARUDAM_IRRIGATION_PROFILE_V1,2026,https://data.gov.in/catalog/7th-minor-irrigation-census-village-schedule-ground-water-schemes-surface-water-schemes,Provisional state irrigation profile expanded to district for prototype use; not an official district-level observation.
9,Uttar Pradesh,137,Deoria,Tube well,Groundwater,"Canal, tube well",PROVISIONAL_STATE_PROFILE,DISTRICT_ROW_WITH_STATE_PROFILE,MARUDAM_IRRIGATION_PROFILE_V1,2026,https://data.gov.in/catalog/7th-minor-irrigation-census-village-schedule-ground-water-schemes-surface-water-schemes,Provisional state irrigation profile expanded to district for prototype use; not an official district-level observation.
23,Madhya Pradesh,402,Dewas,Tube well,Groundwater,"Canal, tube well",PROVISIONAL_STATE_PROFILE,DISTRICT_ROW_WITH_STATE_PROFILE,MARUDAM_IRRIGATION_PROFILE_V1,2026,https://data.gov.in/catalog/7th-minor-irrigation-census-village-schedule-ground-water-schemes-surface-water-schemes,Provisional state irrigation profile expanded to district for prototype use; not an official district-level observation.
23,Madhya Pradesh,403,Dhar,Tube well,Groundwater,"Canal, tube well",PROVISIONAL_STATE_PROFILE,DISTRICT_ROW_WITH_STATE_PROFILE,MARUDAM_IRRIGATION_PROFILE_V1,2026,https://data.gov.in/catalog/7th-minor-irrigation-census-village-schedule-ground-water-schemes-surface-water-schemes,Provisional state irrigation profile expanded to district for prototype use; not an official district-level observation.
27,Maharashtra,488,Dharashiv,Borewell/Tube well,Groundwater,"Canal, tank",PROVISIONAL_STATE_PROFILE,DISTRICT_ROW_WITH_STATE_PROFILE,MARUDAM_IRRIGATION_PROFILE_V1,2026,https://data.gov.in/catalog/7th-minor-irrigation-census-village-schedule-ground-water-schemes-surface-water-schemes,Provisional state irrigation profile expanded to district for prototype use; not an official district-level observation.
27,Maharashtra,474,Dhule,Borewell/Tube well,Groundwater,"Canal, tank",PROVISIONAL_STATE_PROFILE,DISTRICT_ROW_WITH_STATE_PROFILE,MARUDAM_IRRIGATION_PROFILE_V1,2026,https://data.gov.in/catalog/7th-minor-irrigation-census-village-schedule-ground-water-schemes-surface-water-schemes,Provisional state irrigation profile expanded to district for prototype use; not an official district-level observation.
28,Andhra Pradesh,747,Dr. B.R. Ambedkar Konaseema,Borewell/Tube well,Groundwater,"Canal, Tank",PROVISIONAL_STATE_PROFILE,DISTRICT_ROW_WITH_STATE_PROFILE,MARUDAM_IRRIGATION_PROFILE_V1,2026,https://data.gov.in/catalog/7th-minor-irrigation-census-village-schedule-ground-water-schemes-surface-water-schemes,Provisional state irrigation profile expanded to district for prototype use; not an official district-level observation.
12,Arunachal Pradesh,231,East Kameng,Surface irrigation,Surface water,"Streams, springs",PROVISIONAL_STATE_PROFILE,DISTRICT_ROW_WITH_STATE_PROFILE,MARUDAM_IRRIGATION_PROFILE_V1,2026,https://data.gov.in/catalog/7th-minor-irrigation-census-village-schedule-ground-water-schemes-surface-water-schemes,Provisional state irrigation profile expanded to district for prototype use; not an official district-level observation.
9,Uttar Pradesh,139,Etawah,Tube well,Groundwater,"Canal, tube well",PROVISIONAL_STATE_PROFILE,DISTRICT_ROW_WITH_STATE_PROFILE,MARUDAM_IRRIGATION_PROFILE_V1,2026,https://data.gov.in/catalog/7th-minor-irrigation-census-village-schedule-ground-water-schemes-surface-water-schemes,Provisional state irrigation profile expanded to district for prototype use; not an official district-level observation.
6,Haryana,60,Faridabad,Tube well,Groundwater,"Canal, tube well",PROVISIONAL_STATE_PROFILE,DISTRICT_ROW_WITH_STATE_PROFILE,MARUDAM_IRRIGATION_PROFILE_V1,2026,https://data.gov.in/catalog/7th-minor-irrigation-census-village-schedule-ground-water-schemes-surface-water-schemes,Provisional state irrigation profile expanded to district for prototype use; not an official district-level observation.
9,Uttar Pradesh,143,Firozabad,Tube well,Groundwater,"Canal, tube well",PROVISIONAL_STATE_PROFILE,DISTRICT_ROW_WITH_STATE_PROFILE,MARUDAM_IRRIGATION_PROFILE_V1,2026,https://data.gov.in/catalog/7th-minor-irrigation-census-village-schedule-ground-water-schemes-surface-water-schemes,Provisional state irrigation profile expanded to district for prototype use; not an official district-level observation.
8,Rajasthan,100,Ganganagar,Tube well,Groundwater,"Canal, tube well, tank",PROVISIONAL_STATE_PROFILE,DISTRICT_ROW_WITH_STATE_PROFILE,MARUDAM_IRRIGATION_PROFILE_V1,2026,https://data.gov.in/catalog/7th-minor-irrigation-census-village-schedule-ground-water-schemes-surface-water-schemes,Provisional state irrigation profile expanded to district for prototype use; not an official district-level observation.
18,Assam,288,Golaghat,Surface irrigation,Surface water,"Canal, river, shallow groundwater",PROVISIONAL_STATE_PROFILE,DISTRICT_ROW_WITH_STATE_PROFILE,MARUDAM_IRRIGATION_PROFILE_V1,2026,https://data.gov.in/catalog/7th-minor-irrigation-census-village-schedule-ground-water-schemes-surface-water-schemes,Provisional state irrigation profile expanded to district for prototype use; not an official district-level observation.
9,Uttar Pradesh,148,Gorakhpur,Tube well,Groundwater,"Canal, tube well",PROVISIONAL_STATE_PROFILE,DISTRICT_ROW_WITH_STATE_PROFILE,MARUDAM_IRRIGATION_PROFILE_V1,2026,https://data.gov.in/catalog/7th-minor-irrigation-census-village-schedule-ground-water-schemes-surface-water-schemes,Provisional state irrigation profile expanded to district for prototype use; not an official district-level observation.
23,Madhya Pradesh,406,Guna,Tube well,Groundwater,"Canal, tube well",PROVISIONAL_STATE_PROFILE,DISTRICT_ROW_WITH_STATE_PROFILE,MARUDAM_IRRIGATION_PROFILE_V1,2026,https://data.gov.in/catalog/7th-minor-irrigation-census-village-schedule-ground-water-schemes-surface-water-schemes,Provisional state irrigation profile expanded to district for prototype use; not an official district-level observation.
11,Sikkim,228,Gyalshing,Surface irrigation,Surface water,"Streams, springs",PROVISIONAL_STATE_PROFILE,DISTRICT_ROW_WITH_STATE_PROFILE,MARUDAM_IRRIGATION_PROFILE_V1,2026,https://data.gov.in/catalog/7th-minor-irrigation-census-village-schedule-ground-water-schemes-surface-water-schemes,Provisional state irrigation profile expanded to district for prototype use; not an official district-level observation.
9,Uttar Pradesh,149,Hamirpur,Tube well,Groundwater,"Canal, tube well",PROVISIONAL_STATE_PROFILE,DISTRICT_ROW_WITH_STATE_PROFILE,MARUDAM_IRRIGATION_PROFILE_V1,2026,https://data.gov.in/catalog/7th-minor-irrigation-census-village-schedule-ground-water-schemes-surface-water-schemes,Provisional state irrigation profile expanded to district for prototype use; not an official district-level observation.
32,Kerala,556,Idukki,Well irrigation,Groundwater,"Wells, streams",PROVISIONAL_STATE_PROFILE,DISTRICT_ROW_WITH_STATE_PROFILE,MARUDAM_IRRIGATION_PROFILE_V1,2026,https://data.gov.in/catalog/7th-minor-irrigation-census-village-schedule-ground-water-schemes-surface-water-schemes,Provisional state irrigation profile expanded to district for prototype use; not an official district-level observation.
14,Manipur,255,Imphal East,Surface irrigation,Surface water,"Streams, ponds",PROVISIONAL_STATE_PROFILE,DISTRICT_ROW_WITH_STATE_PROFILE,MARUDAM_IRRIGATION_PROFILE_V1,2026,https://data.gov.in/catalog/7th-minor-irrigation-census-village-schedule-ground-water-schemes-surface-water-schemes,Provisional state irrigation profile expanded to district for prototype use; not an official district-level observation.
23,Madhya Pradesh,410,Indore,Tube well,Groundwater,"Canal, tube well",PROVISIONAL_STATE_PROFILE,DISTRICT_ROW_WITH_STATE_PROFILE,MARUDAM_IRRIGATION_PROFILE_V1,2026,https://data.gov.in/catalog/7th-minor-irrigation-census-village-schedule-ground-water-schemes-surface-water-schemes,Provisional state irrigation profile expanded to district for prototype use; not an official district-level observation.
8,Rajasthan,783,Jaipur (Gramin),Tube well,Groundwater,"Canal, tube well, tank",PROVISIONAL_STATE_PROFILE,DISTRICT_ROW_WITH_STATE_PROFILE,MARUDAM_IRRIGATION_PROFILE_V1,2026,https://data.gov.in/catalog/7th-minor-irrigation-census-village-schedule-ground-water-schemes-surface-water-schemes,Provisional state irrigation profile expanded to district for prototype use; not an official district-level observation.
8,Rajasthan,103,Jaisalmer,Tube well,Groundwater,"Canal, tube well, tank",PROVISIONAL_STATE_PROFILE,DISTRICT_ROW_WITH_STATE_PROFILE,MARUDAM_IRRIGATION_PROFILE_V1,2026,https://data.gov.in/catalog/7th-minor-irrigation-census-village-schedule-ground-water-schemes-surface-water-schemes,Provisional state irrigation profile expanded to district for prototype use; not an official district-level observation.
36,Telangana,689,Jangoan,Borewell/Tube well,Groundwater,"Tank, canal",PROVISIONAL_STATE_PROFILE,DISTRICT_ROW_WITH_STATE_PROFILE,MARUDAM_IRRIGATION_PROFILE_V1,2026,https://data.gov.in/catalog/7th-minor-irrigation-census-village-schedule-ground-water-schemes-surface-water-schemes,Provisional state irrigation profile expanded to district for prototype use; not an official district-level observation.
9,Uttar Pradesh,152,Jaunpur,Tube well,Groundwater,"Canal, tube well",PROVISIONAL_STATE_PROFILE,DISTRICT_ROW_WITH_STATE_PROFILE,MARUDAM_IRRIGATION_PROFILE_V1,2026,https://data.gov.in/catalog/7th-minor-irrigation-census-village-schedule-ground-water-schemes-surface-water-schemes,Provisional state irrigation profile expanded to district for prototype use; not an official district-level observation.
6,Haryana,64,Jhajjar,Tube well,Groundwater,"Canal, tube well",PROVISIONAL_STATE_PROFILE,DISTRICT_ROW_WITH_STATE_PROFILE,MARUDAM_IRRIGATION_PROFILE_V1,2026,https://data.gov.in/catalog/7th-minor-irrigation-census-village-schedule-ground-water-schemes-surface-water-schemes,Provisional state irrigation profile expanded to district for prototype use; not an official district-level observation.
24,Gujarat,448,Junagadh,Tube well,Groundwater,"Canal, tube well",PROVISIONAL_STATE_PROFILE,DISTRICT_ROW_WITH_STATE_PROFILE,MARUDAM_IRRIGATION_PROFILE_V1,2026,https://data.gov.in/catalog/7th-minor-irrigation-census-village-schedule-ground-water-schemes-surface-water-schemes,Provisional state irrigation profile expanded to district for prototype use; not an official district-level observation.
6,Haryana,66,Kaithal,Tube well,Groundwater,"Canal, tube well",PROVISIONAL_STATE_PROFILE,DISTRICT_ROW_WITH_STATE_PROFILE,MARUDAM_IRRIGATION_PROFILE_V1,2026,https://data.gov.in/catalog/7th-minor-irrigation-census-village-schedule-ground-water-schemes-surface-water-schemes,Provisional state irrigation profile expanded to district for prototype use; not an official district-level observation.
12,Arunachal Pradesh,718,Kamle,Surface irrigation,Surface water,"Streams, springs",PROVISIONAL_STATE_PROFILE,DISTRICT_ROW_WITH_STATE_PROFILE,MARUDAM_IRRIGATION_PROFILE_V1,2026,https://data.gov.in/catalog/7th-minor-irrigation-census-village-schedule-ground-water-schemes-surface-water-schemes,Provisional state irrigation profile expanded to district for prototype use; not an official district-level observation.
33,Tamil Nadu,575,Kanniyakumari,Tube well/Surface irrigation,Mixed,"Canal, tank, borewell",PROVISIONAL_STATE_PROFILE,DISTRICT_ROW_WITH_STATE_PROFILE,MARUDAM_IRRIGATION_PROFILE_V1,2026,https://data.gov.in/catalog/7th-minor-irrigation-census-village-schedule-ground-water-schemes-surface-water-schemes,Provisional state irrigation profile expanded to district for prototype use; not an official district-level observation.
34,Puducherry,598,Karaikal,Tube well/Canal,Mixed,"Tube well, canal, tank",PROVISIONAL_STATE_PROFILE,DISTRICT_ROW_WITH_STATE_PROFILE,MARUDAM_IRRIGATION_PROFILE_V1,2026,https://data.gov.in/catalog/7th-minor-irrigation-census-village-schedule-ground-water-schemes-surface-water-schemes,Provisional state irrigation profile expanded to district for prototype use; not an official district-level observation.
18,Assam,293,Karimganj,Surface irrigation,Surface water,"Canal, river, shallow groundwater",PROVISIONAL_STATE_PROFILE,DISTRICT_ROW_WITH_STATE_PROFILE,MARUDAM_IRRIGATION_PROFILE_V1,2026,https://data.gov.in/catalog/7th-minor-irrigation-census-village-schedule-ground-water-schemes-surface-water-schemes,Provisional state irrigation profile expanded to district for prototype use; not an official district-level observation.
9,Uttar Pradesh,158,Kaushambi,Tube well,Groundwater,"Canal, tube well",PROVISIONAL_STATE_PROFILE,DISTRICT_ROW_WITH_STATE_PROFILE,MARUDAM_IRRIGATION_PROFILE_V1,2026,https://data.gov.in/catalog/7th-minor-irrigation-census-village-schedule-ground-water-schemes-surface-water-schemes,Provisional state irrigation profile expanded to district for prototype use; not an official district-level observation.
8,Rajasthan,781,Kekri,Tube well,Groundwater,"Canal, tube well, tank",PROVISIONAL_STATE_PROFILE,DISTRICT_ROW_WITH_STATE_PROFILE,MARUDAM_IRRIGATION_PROFILE_V1,2026,https://data.gov.in/catalog/7th-minor-irrigation-census-village-schedule-ground-water-schemes-surface-water-schemes,Provisional state irrigation profile expanded to district for prototype use; not an official district-level observation.
21,Odisha,361,Kendujhar,Canal/Surface irrigation,Surface water,"Canal, tank, groundwater",PROVISIONAL_STATE_PROFILE,DISTRICT_ROW_WITH_STATE_PROFILE,MARUDAM_IRRIGATION_PROFILE_V1,2026,https://data.gov.in/catalog/7th-minor-irrigation-census-village-schedule-ground-water-schemes-surface-water-schemes,Provisional state irrigation profile expanded to district for prototype use; not an official district-level observation.
22,Chhattisgarh,759,Khairagarh-Chhuikhadan-Gandai,Canal/Surface irrigation,Surface water,"Canal, tank, groundwater",PROVISIONAL_STATE_PROFILE,DISTRICT_ROW_WITH_STATE_PROFILE,MARUDAM_IRRIGATION_PROFILE_V1,2026,https://data.gov.in/catalog/7th-minor-irrigation-census-village-schedule-ground-water-schemes-surface-water-schemes,Provisional state irrigation profile expanded to district for prototype use; not an official district-level observation.
13,Nagaland,245,Kohima,Surface irrigation,Surface water,"Streams, springs",PROVISIONAL_STATE_PROFILE,DISTRICT_ROW_WITH_STATE_PROFILE,MARUDAM_IRRIGATION_PROFILE_V1,2026,https://data.gov.in/catalog/7th-minor-irrigation-census-village-schedule-ground-water-schemes-surface-water-schemes,Provisional state irrigation profile expanded to district for prototype use; not an official district-level observation.
18,Assam,294,Kokrajhar,Surface irrigation,Surface water,"Canal, river, shallow groundwater",PROVISIONAL_STATE_PROFILE,DISTRICT_ROW_WITH_STATE_PROFILE,MARUDAM_IRRIGATION_PROFILE_V1,2026,https://data.gov.in/catalog/7th-minor-irrigation-census-village-schedule-ground-water-schemes-surface-water-schemes,Provisional state irrigation profile expanded to district for prototype use; not an official district-level observation.
27,Maharashtra,480,Kolhapur,Borewell/Tube well,Groundwater,"Canal, tank",PROVISIONAL_STATE_PROFILE,DISTRICT_ROW_WITH_STATE_PROFILE,MARUDAM_IRRIGATION_PROFILE_V1,2026,https://data.gov.in/catalog/7th-minor-irrigation-census-village-schedule-ground-water-schemes-surface-water-schemes,Provisional state irrigation profile expanded to district for prototype use; not an official district-level observation.
22,Chhattisgarh,643,Kondagaon,Canal/Surface irrigation,Surface water,"Canal, tank, groundwater",PROVISIONAL_STATE_PROFILE,DISTRICT_ROW_WITH_STATE_PROFILE,MARUDAM_IRRIGATION_PROFILE_V1,2026,https://data.gov.in/catalog/7th-minor-irrigation-census-village-schedule-ground-water-schemes-surface-water-schemes,Provisional state irrigation profile expanded to district for prototype use; not an official district-level observation.
2,Himachal Pradesh,20,Kullu,Surface irrigation,Surface water,"Kuhl/stream, spring",PROVISIONAL_STATE_PROFILE,DISTRICT_ROW_WITH_STATE_PROFILE,MARUDAM_IRRIGATION_PROFILE_V1,2026,https://data.gov.in/catalog/7th-minor-irrigation-census-village-schedule-ground-water-schemes-surface-water-schemes,Provisional state irrigation profile expanded to district for prototype use; not an official district-level observation.
12,Arunachal Pradesh,233,Kurung Kumey,Surface irrigation,Surface water,"Streams, springs",PROVISIONAL_STATE_PROFILE,DISTRICT_ROW_WITH_STATE_PROFILE,MARUDAM_IRRIGATION_PROFILE_V1,2026,https://data.gov.in/catalog/7th-minor-irrigation-census-village-schedule-ground-water-schemes-surface-water-schemes,Provisional state irrigation profile expanded to district for prototype use; not an official district-level observation.
37,Ladakh,9,Leh Ladakh,Surface irrigation,Surface water,"Glacier/snow-fed streams, channels",PROVISIONAL_STATE_PROFILE,DISTRICT_ROW_WITH_STATE_PROFILE,MARUDAM_IRRIGATION_PROFILE_V1,2026,https://data.gov.in/catalog/7th-minor-irrigation-census-village-schedule-ground-water-schemes-surface-water-schemes,Provisional state irrigation profile expanded to district for prototype use; not an official district-level observation.
9,Uttar Pradesh,162,Lucknow,Tube well,Groundwater,"Canal, tube well",PROVISIONAL_STATE_PROFILE,DISTRICT_ROW_WITH_STATE_PROFILE,MARUDAM_IRRIGATION_PROFILE_V1,2026,https://data.gov.in/catalog/7th-minor-irrigation-census-village-schedule-ground-water-schemes-surface-water-schemes,Provisional state irrigation profile expanded to district for prototype use; not an official district-level observation.
10,Bihar,205,Madhepura,Tube well,Groundwater,"Canal, tube well",PROVISIONAL_STATE_PROFILE,DISTRICT_ROW_WITH_STATE_PROFILE,MARUDAM_IRRIGATION_PROFILE_V1,2026,https://data.gov.in/catalog/7th-minor-irrigation-census-village-schedule-ground-water-schemes-surface-water-schemes,Provisional state irrigation profile expanded to district for prototype use; not an official district-level observation.
3,Punjab,737,Malerkotla,Canal/Tube well,Mixed,"Canal, tube well",PROVISIONAL_STATE_PROFILE,DISTRICT_ROW_WITH_STATE_PROFILE,MARUDAM_IRRIGATION_PROFILE_V1,2026,https://data.gov.in/catalog/7th-minor-irrigation-census-village-schedule-ground-water-schemes-surface-water-schemes,Provisional state irrigation profile expanded to district for prototype use; not an official district-level observation.
11,Sikkim,226,Mangan,Surface irrigation,Surface water,"Streams, springs",PROVISIONAL_STATE_PROFILE,DISTRICT_ROW_WITH_STATE_PROFILE,MARUDAM_IRRIGATION_PROFILE_V1,2026,https://data.gov.in/catalog/7th-minor-irrigation-census-village-schedule-ground-water-schemes-surface-water-schemes,Provisional state irrigation profile expanded to district for prototype use; not an official district-level observation.
3,Punjab,37,Mansa,Canal/Tube well,Mixed,"Canal, tube well",PROVISIONAL_STATE_PROFILE,DISTRICT_ROW_WITH_STATE_PROFILE,MARUDAM_IRRIGATION_PROFILE_V1,2026,https://data.gov.in/catalog/7th-minor-irrigation-census-village-schedule-ground-water-schemes-surface-water-schemes,Provisional state irrigation profile expanded to district for prototype use; not an official district-level observation.
18,Assam,296,Marigaon,Surface irrigation,Surface water,"Canal, river, shallow groundwater",PROVISIONAL_STATE_PROFILE,DISTRICT_ROW_WITH_STATE_PROFILE,MARUDAM_IRRIGATION_PROFILE_V1,2026,https://data.gov.in/catalog/7th-minor-irrigation-census-village-schedule-ground-water-schemes-surface-water-schemes,Provisional state irrigation profile expanded to district for prototype use; not an official district-level observation.
9,Uttar Pradesh,167,Mathura,Tube well,Groundwater,"Canal, tube well",PROVISIONAL_STATE_PROFILE,DISTRICT_ROW_WITH_STATE_PROFILE,MARUDAM_IRRIGATION_PROFILE_V1,2026,https://data.gov.in/catalog/7th-minor-irrigation-census-village-schedule-ground-water-schemes-surface-water-schemes,Provisional state irrigation profile expanded to district for prototype use; not an official district-level observation.
9,Uttar Pradesh,169,Meerut,Tube well,Groundwater,"Canal, tube well",PROVISIONAL_STATE_PROFILE,DISTRICT_ROW_WITH_STATE_PROFILE,MARUDAM_IRRIGATION_PROFILE_V1,2026,https://data.gov.in/catalog/7th-minor-irrigation-census-village-schedule-ground-water-schemes-surface-water-schemes,Provisional state irrigation profile expanded to district for prototype use; not an official district-level observation.
3,Punjab,38,Moga,Canal/Tube well,Mixed,"Canal, tube well",PROVISIONAL_STATE_PROFILE,DISTRICT_ROW_WITH_STATE_PROFILE,MARUDAM_IRRIGATION_PROFILE_V1,2026,https://data.gov.in/catalog/7th-minor-irrigation-census-village-schedule-ground-water-schemes-surface-water-schemes,Provisional state irrigation profile expanded to district for prototype use; not an official district-level observation.
22,Chhattisgarh,647,Mungeli,Canal/Surface irrigation,Surface water,"Canal, tank, groundwater",PROVISIONAL_STATE_PROFILE,DISTRICT_ROW_WITH_STATE_PROFILE,MARUDAM_IRRIGATION_PROFILE_V1,2026,https://data.gov.in/catalog/7th-minor-irrigation-census-village-schedule-ground-water-schemes-surface-water-schemes,Provisional state irrigation profile expanded to district for prototype use; not an official district-level observation.
9,Uttar Pradesh,172,Muzaffarnagar,Tube well,Groundwater,"Canal, tube well",PROVISIONAL_STATE_PROFILE,DISTRICT_ROW_WITH_STATE_PROFILE,MARUDAM_IRRIGATION_PROFILE_V1,2026,https://data.gov.in/catalog/7th-minor-irrigation-census-village-schedule-ground-water-schemes-surface-water-schemes,Provisional state irrigation profile expanded to district for prototype use; not an official district-level observation.
10,Bihar,208,Muzaffarpur,Tube well,Groundwater,"Canal, tube well",PROVISIONAL_STATE_PROFILE,DISTRICT_ROW_WITH_STATE_PROFILE,MARUDAM_IRRIGATION_PROFILE_V1,2026,https://data.gov.in/catalog/7th-minor-irrigation-census-village-schedule-ground-water-schemes-surface-water-schemes,Provisional state irrigation profile expanded to district for prototype use; not an official district-level observation.
8,Rajasthan,110,Nagaur,Tube well,Groundwater,"Canal, tube well, tank",PROVISIONAL_STATE_PROFILE,DISTRICT_ROW_WITH_STATE_PROFILE,MARUDAM_IRRIGATION_PROFILE_V1,2026,https://data.gov.in/catalog/7th-minor-irrigation-census-village-schedule-ground-water-schemes-surface-water-schemes,Provisional state irrigation profile expanded to district for prototype use; not an official district-level observation.
11,Sikkim,227,Namchi,Surface irrigation,Surface water,"Streams, springs",PROVISIONAL_STATE_PROFILE,DISTRICT_ROW_WITH_STATE_PROFILE,MARUDAM_IRRIGATION_PROFILE_V1,2026,https://data.gov.in/catalog/7th-minor-irrigation-census-village-schedule-ground-water-schemes-surface-water-schemes,Provisional state irrigation profile expanded to district for prototype use; not an official district-level observation.
22,Chhattisgarh,637,Narayanpur,Canal/Surface irrigation,Surface water,"Canal, tank, groundwater",PROVISIONAL_STATE_PROFILE,DISTRICT_ROW_WITH_STATE_PROFILE,MARUDAM_IRRIGATION_PROFILE_V1,2026,https://data.gov.in/catalog/7th-minor-irrigation-census-village-schedule-ground-water-schemes-surface-water-schemes,Provisional state irrigation profile expanded to district for prototype use; not an official district-level observation.
24,Gujarat,452,Narmada,Tube well,Groundwater,"Canal, tube well",PROVISIONAL_STATE_PROFILE,DISTRICT_ROW_WITH_STATE_PROFILE,MARUDAM_IRRIGATION_PROFILE_V1,2026,https://data.gov.in/catalog/7th-minor-irrigation-census-village-schedule-ground-water-schemes-surface-water-schemes,Provisional state irrigation profile expanded to district for prototype use; not an official district-level observation.
21,Odisha,367,Nayagarh,Canal/Surface irrigation,Surface water,"Canal, tank, groundwater",PROVISIONAL_STATE_PROFILE,DISTRICT_ROW_WITH_STATE_PROFILE,MARUDAM_IRRIGATION_PROFILE_V1,2026,https://data.gov.in/catalog/7th-minor-irrigation-census-village-schedule-ground-water-schemes-surface-water-schemes,Provisional state irrigation profile expanded to district for prototype use; not an official district-level observation.
13,Nagaland,764,Niuland,Surface irrigation,Surface water,"Streams, springs",PROVISIONAL_STATE_PROFILE,DISTRICT_ROW_WITH_STATE_PROFILE,MARUDAM_IRRIGATION_PROFILE_V1,2026,https://data.gov.in/catalog/7th-minor-irrigation-census-village-schedule-ground-water-schemes-surface-water-schemes,Provisional state irrigation profile expanded to district for prototype use; not an official district-level observation.
19,West Bengal,303,North 24 Parganas,Tube well/Surface irrigation,Mixed,"Tube well, canal",PROVISIONAL_STATE_PROFILE,DISTRICT_ROW_WITH_STATE_PROFILE,MARUDAM_IRRIGATION_PROFILE_V1,2026,https://data.gov.in/catalog/7th-minor-irrigation-census-village-schedule-ground-water-schemes-surface-water-schemes,Provisional state irrigation profile expanded to district for prototype use; not an official district-level observation.
35,Andaman And Nicobar Islands,632,North And Middle Andaman,Mixed/Unknown,Unknown,Not specified,PROVISIONAL_STATE_PROFILE,DISTRICT_ROW_WITH_STATE_PROFILE,MARUDAM_IRRIGATION_PROFILE_V1,2026,https://data.gov.in/catalog/7th-minor-irrigation-census-village-schedule-ground-water-schemes-surface-water-schemes,Provisional state irrigation profile expanded to district for prototype use; not an official district-level observation.
17,Meghalaya,656,North Garo Hills,Surface irrigation,Surface water,"Streams, springs",PROVISIONAL_STATE_PROFILE,DISTRICT_ROW_WITH_STATE_PROFILE,MARUDAM_IRRIGATION_PROFILE_V1,2026,https://data.gov.in/catalog/7th-minor-irrigation-census-village-schedule-ground-water-schemes-surface-water-schemes,Provisional state irrigation profile expanded to district for prototype use; not an official district-level observation.
6,Haryana,604,Nuh,Tube well,Groundwater,"Canal, tube well",PROVISIONAL_STATE_PROFILE,DISTRICT_ROW_WITH_STATE_PROFILE,MARUDAM_IRRIGATION_PROFILE_V1,2026,https://data.gov.in/catalog/7th-minor-irrigation-census-village-schedule-ground-water-schemes-surface-water-schemes,Provisional state irrigation profile expanded to district for prototype use; not an official district-level observation.
11,Sikkim,741,Pakyong,Surface irrigation,Surface water,"Streams, springs",PROVISIONAL_STATE_PROFILE,DISTRICT_ROW_WITH_STATE_PROFILE,MARUDAM_IRRIGATION_PROFILE_V1,2026,https://data.gov.in/catalog/7th-minor-irrigation-census-village-schedule-ground-water-schemes-surface-water-schemes,Provisional state irrigation profile expanded to district for prototype use; not an official district-level observation.
8,Rajasthan,111,Pali,Tube well,Groundwater,"Canal, tube well, tank",PROVISIONAL_STATE_PROFILE,DISTRICT_ROW_WITH_STATE_PROFILE,MARUDAM_IRRIGATION_PROFILE_V1,2026,https://data.gov.in/catalog/7th-minor-irrigation-census-village-schedule-ground-water-schemes-surface-water-schemes,Provisional state irrigation profile expanded to district for prototype use; not an official district-level observation.
28,Andhra Pradesh,751,Palnadu,Borewell/Tube well,Groundwater,"Canal, Tank",PROVISIONAL_STATE_PROFILE,DISTRICT_ROW_WITH_STATE_PROFILE,MARUDAM_IRRIGATION_PROFILE_V1,2026,https://data.gov.in/catalog/7th-minor-irrigation-census-village-schedule-ground-water-schemes-surface-water-schemes,Provisional state irrigation profile expanded to district for prototype use; not an official district-level observation.
6,Haryana,619,Palwal,Tube well,Groundwater,"Canal, tube well",PROVISIONAL_STATE_PROFILE,DISTRICT_ROW_WITH_STATE_PROFILE,MARUDAM_IRRIGATION_PROFILE_V1,2026,https://data.gov.in/catalog/7th-minor-irrigation-census-village-schedule-ground-water-schemes-surface-water-schemes,Provisional state irrigation profile expanded to district for prototype use; not an official district-level observation.
23,Madhya Pradesh,420,Panna,Tube well,Groundwater,"Canal, tube well",PROVISIONAL_STATE_PROFILE,DISTRICT_ROW_WITH_STATE_PROFILE,MARUDAM_IRRIGATION_PROFILE_V1,2026,https://data.gov.in/catalog/7th-minor-irrigation-census-village-schedule-ground-water-schemes-surface-water-schemes,Provisional state irrigation profile expanded to district for prototype use; not an official district-level observation.
5,Uttarakhand,52,Pauri Garhwal,Surface irrigation,Surface water,"Canal, spring, stream",PROVISIONAL_STATE_PROFILE,DISTRICT_ROW_WITH_STATE_PROFILE,MARUDAM_IRRIGATION_PROFILE_V1,2026,https://data.gov.in/catalog/7th-minor-irrigation-census-village-schedule-ground-water-schemes-surface-water-schemes,Provisional state irrigation profile expanded to district for prototype use; not an official district-level observation.
8,Rajasthan,772,Phalodi,Tube well,Groundwater,"Canal, tube well, tank",PROVISIONAL_STATE_PROFILE,DISTRICT_ROW_WITH_STATE_PROFILE,MARUDAM_IRRIGATION_PROFILE_V1,2026,https://data.gov.in/catalog/7th-minor-irrigation-census-village-schedule-ground-water-schemes-surface-water-schemes,Provisional state irrigation profile expanded to district for prototype use; not an official district-level observation.
9,Uttar Pradesh,173,Pilibhit,Tube well,Groundwater,"Canal, tube well",PROVISIONAL_STATE_PROFILE,DISTRICT_ROW_WITH_STATE_PROFILE,MARUDAM_IRRIGATION_PROFILE_V1,2026,https://data.gov.in/catalog/7th-minor-irrigation-census-village-schedule-ground-water-schemes-surface-water-schemes,Provisional state irrigation profile expanded to district for prototype use; not an official district-level observation.
19,West Bengal,306,Purba Bardhaman,Tube well/Surface irrigation,Mixed,"Tube well, canal",PROVISIONAL_STATE_PROFILE,DISTRICT_ROW_WITH_STATE_PROFILE,MARUDAM_IRRIGATION_PROFILE_V1,2026,https://data.gov.in/catalog/7th-minor-irrigation-census-village-schedule-ground-water-schemes-surface-water-schemes,Provisional state irrigation profile expanded to district for prototype use; not an official district-level observation.
24,Gujarat,457,Rajkot,Tube well,Groundwater,"Canal, tube well",PROVISIONAL_STATE_PROFILE,DISTRICT_ROW_WITH_STATE_PROFILE,MARUDAM_IRRIGATION_PROFILE_V1,2026,https://data.gov.in/catalog/7th-minor-irrigation-census-village-schedule-ground-water-schemes-surface-water-schemes,Provisional state irrigation profile expanded to district for prototype use; not an official district-level observation.
29,Karnataka,631,Ramanagara,Borewell/Tube well,Groundwater,"Canal, tank",PROVISIONAL_STATE_PROFILE,DISTRICT_ROW_WITH_STATE_PROFILE,MARUDAM_IRRIGATION_PROFILE_V1,2026,https://data.gov.in/catalog/7th-minor-irrigation-census-village-schedule-ground-water-schemes-surface-water-schemes,Provisional state irrigation profile expanded to district for prototype use; not an official district-level observation.
20,Jharkhand,607,Ramgarh,Well/Tube well,Groundwater,"Ponds, wells, tube wells",PROVISIONAL_STATE_PROFILE,DISTRICT_ROW_WITH_STATE_PROFILE,MARUDAM_IRRIGATION_PROFILE_V1,2026,https://data.gov.in/catalog/7th-minor-irrigation-census-village-schedule-ground-water-schemes-surface-water-schemes,Provisional state irrigation profile expanded to district for prototype use; not an official district-level observation.
9,Uttar Pradesh,176,Rampur,Tube well,Groundwater,"Canal, tube well",PROVISIONAL_STATE_PROFILE,DISTRICT_ROW_WITH_STATE_PROFILE,MARUDAM_IRRIGATION_PROFILE_V1,2026,https://data.gov.in/catalog/7th-minor-irrigation-census-village-schedule-ground-water-schemes-surface-water-schemes,Provisional state irrigation profile expanded to district for prototype use; not an official district-level observation.
33,Tamil Nadu,731,Ranipet,Tube well/Surface irrigation,Mixed,"Canal, tank, borewell",PROVISIONAL_STATE_PROFILE,DISTRICT_ROW_WITH_STATE_PROFILE,MARUDAM_IRRIGATION_PROFILE_V1,2026,https://data.gov.in/catalog/7th-minor-irrigation-census-village-schedule-ground-water-schemes-surface-water-schemes,Provisional state irrigation profile expanded to district for prototype use; not an official district-level observation.
23,Madhya Pradesh,424,Rewa,Tube well,Groundwater,"Canal, tube well",PROVISIONAL_STATE_PROFILE,DISTRICT_ROW_WITH_STATE_PROFILE,MARUDAM_IRRIGATION_PROFILE_V1,2026,https://data.gov.in/catalog/7th-minor-irrigation-census-village-schedule-ground-water-schemes-surface-water-schemes,Provisional state irrigation profile expanded to district for prototype use; not an official district-level observation.
10,Bihar,215,Rohtas,Tube well,Groundwater,"Canal, tube well",PROVISIONAL_STATE_PROFILE,DISTRICT_ROW_WITH_STATE_PROFILE,MARUDAM_IRRIGATION_PROFILE_V1,2026,https://data.gov.in/catalog/7th-minor-irrigation-census-village-schedule-ground-water-schemes-surface-water-schemes,Provisional state irrigation profile expanded to district for prototype use; not an official district-level observation.
3,Punjab,42,Rupnagar,Canal/Tube well,Mixed,"Canal, tube well",PROVISIONAL_STATE_PROFILE,DISTRICT_ROW_WITH_STATE_PROFILE,MARUDAM_IRRIGATION_PROFILE_V1,2026,https://data.gov.in/catalog/7th-minor-irrigation-census-village-schedule-ground-water-schemes-surface-water-schemes,Provisional state irrigation profile expanded to district for prototype use; not an official district-level observation.
8,Rajasthan,779,Sanchore,Tube well,Groundwater,"Canal, tube well, tank",PROVISIONAL_STATE_PROFILE,DISTRICT_ROW_WITH_STATE_PROFILE,MARUDAM_IRRIGATION_PROFILE_V1,2026,https://data.gov.in/catalog/7th-minor-irrigation-census-village-schedule-ground-water-schemes-surface-water-schemes,Provisional state irrigation profile expanded to district for prototype use; not an official district-level observation.
27,Maharashtra,494,Satara,Borewell/Tube well,Groundwater,"Canal, tank",PROVISIONAL_STATE_PROFILE,DISTRICT_ROW_WITH_STATE_PROFILE,MARUDAM_IRRIGATION_PROFILE_V1,2026,https://data.gov.in/catalog/7th-minor-irrigation-census-village-schedule-ground-water-schemes-surface-water-schemes,Provisional state irrigation profile expanded to district for prototype use; not an official district-level observation.
23,Madhya Pradesh,428,Seoni,Tube well,Groundwater,"Canal, tube well",PROVISIONAL_STATE_PROFILE,DISTRICT_ROW_WITH_STATE_PROFILE,MARUDAM_IRRIGATION_PROFILE_V1,2026,https://data.gov.in/catalog/7th-minor-irrigation-census-village-schedule-ground-water-schemes-surface-water-schemes,Provisional state irrigation profile expanded to district for prototype use; not an official district-level observation.
9,Uttar Pradesh,180,Shahjahanpur,Tube well,Groundwater,"Canal, tube well",PROVISIONAL_STATE_PROFILE,DISTRICT_ROW_WITH_STATE_PROFILE,MARUDAM_IRRIGATION_PROFILE_V1,2026,https://data.gov.in/catalog/7th-minor-irrigation-census-village-schedule-ground-water-schemes-surface-water-schemes,Provisional state irrigation profile expanded to district for prototype use; not an official district-level observation.
23,Madhya Pradesh,430,Shajapur,Tube well,Groundwater,"Canal, tube well",PROVISIONAL_STATE_PROFILE,DISTRICT_ROW_WITH_STATE_PROFILE,MARUDAM_IRRIGATION_PROFILE_V1,2026,https://data.gov.in/catalog/7th-minor-irrigation-census-village-schedule-ground-water-schemes-surface-water-schemes,Provisional state irrigation profile expanded to district for prototype use; not an official district-level observation.
23,Madhya Pradesh,431,Sheopur,Tube well,Groundwater,"Canal, tube well",PROVISIONAL_STATE_PROFILE,DISTRICT_ROW_WITH_STATE_PROFILE,MARUDAM_IRRIGATION_PROFILE_V1,2026,https://data.gov.in/catalog/7th-minor-irrigation-census-village-schedule-ground-water-schemes-surface-water-schemes,Provisional state irrigation profile expanded to district for prototype use; not an official district-level observation.
23,Madhya Pradesh,432,Shivpuri,Tube well,Groundwater,"Canal, tube well",PROVISIONAL_STATE_PROFILE,DISTRICT_ROW_WITH_STATE_PROFILE,MARUDAM_IRRIGATION_PROFILE_V1,2026,https://data.gov.in/catalog/7th-minor-irrigation-census-village-schedule-ground-water-schemes-surface-water-schemes,Provisional state irrigation profile expanded to district for prototype use; not an official district-level observation.
1,Jammu And Kashmir,625,Shopian,Mixed/Unknown,Unknown,Not specified,PROVISIONAL_STATE_PROFILE,DISTRICT_ROW_WITH_STATE_PROFILE,MARUDAM_IRRIGATION_PROFILE_V1,2026,https://data.gov.in/catalog/7th-minor-irrigation-census-village-schedule-ground-water-schemes-surface-water-schemes,Provisional state irrigation profile expanded to district for prototype use; not an official district-level observation.
23,Madhya Pradesh,433,Sidhi,Tube well,Groundwater,"Canal, tube well",PROVISIONAL_STATE_PROFILE,DISTRICT_ROW_WITH_STATE_PROFILE,MARUDAM_IRRIGATION_PROFILE_V1,2026,https://data.gov.in/catalog/7th-minor-irrigation-census-village-schedule-ground-water-schemes-surface-water-schemes,Provisional state irrigation profile expanded to district for prototype use; not an official district-level observation.
23,Madhya Pradesh,638,Singrauli,Tube well,Groundwater,"Canal, tube well",PROVISIONAL_STATE_PROFILE,DISTRICT_ROW_WITH_STATE_PROFILE,MARUDAM_IRRIGATION_PROFILE_V1,2026,https://data.gov.in/catalog/7th-minor-irrigation-census-village-schedule-ground-water-schemes-surface-water-schemes,Provisional state irrigation profile expanded to district for prototype use; not an official district-level observation.
9,Uttar Pradesh,183,Sitapur,Tube well,Groundwater,"Canal, tube well",PROVISIONAL_STATE_PROFILE,DISTRICT_ROW_WITH_STATE_PROFILE,MARUDAM_IRRIGATION_PROFILE_V1,2026,https://data.gov.in/catalog/7th-minor-irrigation-census-village-schedule-ground-water-schemes-surface-water-schemes,Provisional state irrigation profile expanded to district for prototype use; not an official district-level observation.
27,Maharashtra,496,Solapur,Borewell/Tube well,Groundwater,"Canal, tank",PROVISIONAL_STATE_PROFILE,DISTRICT_ROW_WITH_STATE_PROFILE,MARUDAM_IRRIGATION_PROFILE_V1,2026,https://data.gov.in/catalog/7th-minor-irrigation-census-village-schedule-ground-water-schemes-surface-water-schemes,Provisional state irrigation profile expanded to district for prototype use; not an official district-level observation.
11,Sikkim,742,Soreng,Surface irrigation,Surface water,"Streams, springs",PROVISIONAL_STATE_PROFILE,DISTRICT_ROW_WITH_STATE_PROFILE,MARUDAM_IRRIGATION_PROFILE_V1,2026,https://data.gov.in/catalog/7th-minor-irrigation-census-village-schedule-ground-water-schemes-surface-water-schemes,Provisional state irrigation profile expanded to district for prototype use; not an official district-level observation.
7,Delhi,83,South,Tube well,Groundwater,"Tube well, canal",PROVISIONAL_STATE_PROFILE,DISTRICT_ROW_WITH_STATE_PROFILE,MARUDAM_IRRIGATION_PROFILE_V1,2026,https://data.gov.in/catalog/7th-minor-irrigation-census-village-schedule-ground-water-schemes-surface-water-schemes,Provisional state irrigation profile expanded to district for prototype use; not an official district-level observation.
18,Assam,707,South Salmara Mancachar,Surface irrigation,Surface water,"Canal, river, shallow groundwater",PROVISIONAL_STATE_PROFILE,DISTRICT_ROW_WITH_STATE_PROFILE,MARUDAM_IRRIGATION_PROFILE_V1,2026,https://data.gov.in/catalog/7th-minor-irrigation-census-village-schedule-ground-water-schemes-surface-water-schemes,Provisional state irrigation profile expanded to district for prototype use; not an official district-level observation.
17,Meghalaya,663,South West Garo Hills,Surface irrigation,Surface water,"Streams, springs",PROVISIONAL_STATE_PROFILE,DISTRICT_ROW_WITH_STATE_PROFILE,MARUDAM_IRRIGATION_PROFILE_V1,2026,https://data.gov.in/catalog/7th-minor-irrigation-census-village-schedule-ground-water-schemes-surface-water-schemes,Provisional state irrigation profile expanded to district for prototype use; not an official district-level observation.
28,Andhra Pradesh,519,Srikakulam,Borewell/Tube well,Groundwater,"Canal, Tank",PROVISIONAL_STATE_PROFILE,DISTRICT_ROW_WITH_STATE_PROFILE,MARUDAM_IRRIGATION_PROFILE_V1,2026,https://data.gov.in/catalog/7th-minor-irrigation-census-village-schedule-ground-water-schemes-surface-water-schemes,Provisional state irrigation profile expanded to district for prototype use; not an official district-level observation.
22,Chhattisgarh,642,Sukma,Canal/Surface irrigation,Surface water,"Canal, tank, groundwater",PROVISIONAL_STATE_PROFILE,DISTRICT_ROW_WITH_STATE_PROFILE,MARUDAM_IRRIGATION_PROFILE_V1,2026,https://data.gov.in/catalog/7th-minor-irrigation-census-village-schedule-ground-water-schemes-surface-water-schemes,Provisional state irrigation profile expanded to district for prototype use; not an official district-level observation.
10,Bihar,223,Supaul,Tube well,Groundwater,"Canal, tube well",PROVISIONAL_STATE_PROFILE,DISTRICT_ROW_WITH_STATE_PROFILE,MARUDAM_IRRIGATION_PROFILE_V1,2026,https://data.gov.in/catalog/7th-minor-irrigation-census-village-schedule-ground-water-schemes-surface-water-schemes,Provisional state irrigation profile expanded to district for prototype use; not an official district-level observation.
18,Assam,756,Tamulpur,Surface irrigation,Surface water,"Canal, river, shallow groundwater",PROVISIONAL_STATE_PROFILE,DISTRICT_ROW_WITH_STATE_PROFILE,MARUDAM_IRRIGATION_PROFILE_V1,2026,https://data.gov.in/catalog/7th-minor-irrigation-census-village-schedule-ground-water-schemes-surface-water-schemes,Provisional state irrigation profile expanded to district for prototype use; not an official district-level observation.
5,Uttarakhand,55,Tehri Garhwal,Surface irrigation,Surface water,"Canal, spring, stream",PROVISIONAL_STATE_PROFILE,DISTRICT_ROW_WITH_STATE_PROFILE,MARUDAM_IRRIGATION_PROFILE_V1,2026,https://data.gov.in/catalog/7th-minor-irrigation-census-village-schedule-ground-water-schemes-surface-water-schemes,Provisional state irrigation profile expanded to district for prototype use; not an official district-level observation.
27,Maharashtra,497,Thane,Borewell/Tube well,Groundwater,"Canal, tank",PROVISIONAL_STATE_PROFILE,DISTRICT_ROW_WITH_STATE_PROFILE,MARUDAM_IRRIGATION_PROFILE_V1,2026,https://data.gov.in/catalog/7th-minor-irrigation-census-village-schedule-ground-water-schemes-surface-water-schemes,Provisional state irrigation profile expanded to district for prototype use; not an official district-level observation.
32,Kerala,565,Thiruvananthapuram,Well irrigation,Groundwater,"Wells, streams",PROVISIONAL_STATE_PROFILE,DISTRICT_ROW_WITH_STATE_PROFILE,MARUDAM_IRRIGATION_PROFILE_V1,2026,https://data.gov.in/catalog/7th-minor-irrigation-census-village-schedule-ground-water-schemes-surface-water-schemes,Provisional state irrigation profile expanded to district for prototype use; not an official district-level observation.
33,Tamil Nadu,591,Tiruchirappalli,Tube well/Surface irrigation,Mixed,"Canal, tank, borewell",PROVISIONAL_STATE_PROFILE,DISTRICT_ROW_WITH_STATE_PROFILE,MARUDAM_IRRIGATION_PROFILE_V1,2026,https://data.gov.in/catalog/7th-minor-irrigation-census-village-schedule-ground-water-schemes-surface-water-schemes,Provisional state irrigation profile expanded to district for prototype use; not an official district-level observation.
33,Tamil Nadu,634,Tiruppur,Tube well/Surface irrigation,Mixed,"Canal, tank, borewell",PROVISIONAL_STATE_PROFILE,DISTRICT_ROW_WITH_STATE_PROFILE,MARUDAM_IRRIGATION_PROFILE_V1,2026,https://data.gov.in/catalog/7th-minor-irrigation-census-village-schedule-ground-water-schemes-surface-water-schemes,Provisional state irrigation profile expanded to district for prototype use; not an official district-level observation.
33,Tamil Nadu,593,Tiruvannamalai,Tube well/Surface irrigation,Mixed,"Canal, tank, borewell",PROVISIONAL_STATE_PROFILE,DISTRICT_ROW_WITH_STATE_PROFILE,MARUDAM_IRRIGATION_PROFILE_V1,2026,https://data.gov.in/catalog/7th-minor-irrigation-census-village-schedule-ground-water-schemes-surface-water-schemes,Provisional state irrigation profile expanded to district for prototype use; not an official district-level observation.
8,Rajasthan,117,Udaipur,Tube well,Groundwater,"Canal, tube well, tank",PROVISIONAL_STATE_PROFILE,DISTRICT_ROW_WITH_STATE_PROFILE,MARUDAM_IRRIGATION_PROFILE_V1,2026,https://data.gov.in/catalog/7th-minor-irrigation-census-village-schedule-ground-water-schemes-surface-water-schemes,Provisional state irrigation profile expanded to district for prototype use; not an official district-level observation.
18,Assam,617,Udalguri,Surface irrigation,Surface water,"Canal, river, shallow groundwater",PROVISIONAL_STATE_PROFILE,DISTRICT_ROW_WITH_STATE_PROFILE,MARUDAM_IRRIGATION_PROFILE_V1,2026,https://data.gov.in/catalog/7th-minor-irrigation-census-village-schedule-ground-water-schemes-surface-water-schemes,Provisional state irrigation profile expanded to district for prototype use; not an official district-level observation.
12,Arunachal Pradesh,240,Upper Siang,Surface irrigation,Surface water,"Streams, springs",PROVISIONAL_STATE_PROFILE,DISTRICT_ROW_WITH_STATE_PROFILE,MARUDAM_IRRIGATION_PROFILE_V1,2026,https://data.gov.in/catalog/7th-minor-irrigation-census-village-schedule-ground-water-schemes-surface-water-schemes,Provisional state irrigation profile expanded to district for prototype use; not an official district-level observation.
29,Karnataka,550,Uttara Kannada,Borewell/Tube well,Groundwater,"Canal, tank",PROVISIONAL_STATE_PROFILE,DISTRICT_ROW_WITH_STATE_PROFILE,MARUDAM_IRRIGATION_PROFILE_V1,2026,https://data.gov.in/catalog/7th-minor-irrigation-census-village-schedule-ground-water-schemes-surface-water-schemes,Provisional state irrigation profile expanded to district for prototype use; not an official district-level observation.
5,Uttarakhand,57,Uttar Kashi,Surface irrigation,Surface water,"Canal, spring, stream",PROVISIONAL_STATE_PROFILE,DISTRICT_ROW_WITH_STATE_PROFILE,MARUDAM_IRRIGATION_PROFILE_V1,2026,https://data.gov.in/catalog/7th-minor-irrigation-census-village-schedule-ground-water-schemes-surface-water-schemes,Provisional state irrigation profile expanded to district for prototype use; not an official district-level observation.
36,Telangana,522,Warangal,Borewell/Tube well,Groundwater,"Tank, canal",PROVISIONAL_STATE_PROFILE,DISTRICT_ROW_WITH_STATE_PROFILE,MARUDAM_IRRIGATION_PROFILE_V1,2026,https://data.gov.in/catalog/7th-minor-irrigation-census-village-schedule-ground-water-schemes-surface-water-schemes,Provisional state irrigation profile expanded to district for prototype use; not an official district-level observation.
32,Kerala,567,Wayanad,Well irrigation,Groundwater,"Wells, streams",PROVISIONAL_STATE_PROFILE,DISTRICT_ROW_WITH_STATE_PROFILE,MARUDAM_IRRIGATION_PROFILE_V1,2026,https://data.gov.in/catalog/7th-minor-irrigation-census-village-schedule-ground-water-schemes-surface-water-schemes,Provisional state irrigation profile expanded to district for prototype use; not an official district-level observation.
17,Meghalaya,278,West Garo Hills,Surface irrigation,Surface water,"Streams, springs",PROVISIONAL_STATE_PROFILE,DISTRICT_ROW_WITH_STATE_PROFILE,MARUDAM_IRRIGATION_PROFILE_V1,2026,https://data.gov.in/catalog/7th-minor-irrigation-census-village-schedule-ground-water-schemes-surface-water-schemes,Provisional state irrigation profile expanded to district for prototype use; not an official district-level observation.
17,Meghalaya,275,West Jaintia Hills,Surface irrigation,Surface water,"Streams, springs",PROVISIONAL_STATE_PROFILE,DISTRICT_ROW_WITH_STATE_PROFILE,MARUDAM_IRRIGATION_PROFILE_V1,2026,https://data.gov.in/catalog/7th-minor-irrigation-census-village-schedule-ground-water-schemes-surface-water-schemes,Provisional state irrigation profile expanded to district for prototype use; not an official district-level observation.
12,Arunachal Pradesh,243,West Siang,Surface irrigation,Surface water,"Streams, springs",PROVISIONAL_STATE_PROFILE,DISTRICT_ROW_WITH_STATE_PROFILE,MARUDAM_IRRIGATION_PROFILE_V1,2026,https://data.gov.in/catalog/7th-minor-irrigation-census-village-schedule-ground-water-schemes-surface-water-schemes,Provisional state irrigation profile expanded to district for prototype use; not an official district-level observation.
20,Jharkhand,343,West Singhbhum,Well/Tube well,Groundwater,"Ponds, wells, tube wells",PROVISIONAL_STATE_PROFILE,DISTRICT_ROW_WITH_STATE_PROFILE,MARUDAM_IRRIGATION_PROFILE_V1,2026,https://data.gov.in/catalog/7th-minor-irrigation-census-village-schedule-ground-water-schemes-surface-water-schemes,Provisional state irrigation profile expanded to district for prototype use; not an official district-level observation.
36,Telangana,697,Yadadri Bhuvanagiri,Borewell/Tube well,Groundwater,"Tank, canal",PROVISIONAL_STATE_PROFILE,DISTRICT_ROW_WITH_STATE_PROFILE,MARUDAM_IRRIGATION_PROFILE_V1,2026,https://data.gov.in/catalog/7th-minor-irrigation-census-village-schedule-ground-water-schemes-surface-water-schemes,Provisional state irrigation profile expanded to district for prototype use; not an official district-level observation.
29,Karnataka,635,Yadgir,Borewell/Tube well,Groundwater,"Canal, tank",PROVISIONAL_STATE_PROFILE,DISTRICT_ROW_WITH_STATE_PROFILE,MARUDAM_IRRIGATION_PROFILE_V1,2026,https://data.gov.in/catalog/7th-minor-irrigation-census-village-schedule-ground-water-schemes-surface-water-schemes,Provisional state irrigation profile expanded to district for prototype use; not an official district-level observation.
34,Puducherry,601,Yanam,Tube well/Canal,Mixed,"Tube well, canal, tank",PROVISIONAL_STATE_PROFILE,DISTRICT_ROW_WITH_STATE_PROFILE,MARUDAM_IRRIGATION_PROFILE_V1,2026,https://data.gov.in/catalog/7th-minor-irrigation-census-village-schedule-ground-water-schemes-surface-water-schemes,Provisional state irrigation profile expanded to district for prototype use; not an official district-level observation.
13,Nagaland,251,Zunheboto,Surface irrigation,Surface water,"Streams, springs",PROVISIONAL_STATE_PROFILE,DISTRICT_ROW_WITH_STATE_PROFILE,MARUDAM_IRRIGATION_PROFILE_V1,2026,https://data.gov.in/catalog/7th-minor-irrigation-census-village-schedule-ground-water-schemes-surface-water-schemes,Provisional state irrigation profile expanded to district for prototype use; not an official district-level observation.
